-- phpMyAdmin SQL Dump
-- version 5.0.2
-- https://www.phpmyadmin.net/
--
-- Хост: 127.0.0.1:3306
-- Время создания: Сен 20 2022 г., 08:51
-- Версия сервера: 10.3.22-MariaDB
-- Версия PHP: 7.4.5

SET SQL_MODE = "NO_AUTO_VALUE_ON_ZERO";
START TRANSACTION;
SET time_zone = "+00:00";


/*!40101 SET @OLD_CHARACTER_SET_CLIENT=@@CHARACTER_SET_CLIENT */;
/*!40101 SET @OLD_CHARACTER_SET_RESULTS=@@CHARACTER_SET_RESULTS */;
/*!40101 SET @OLD_COLLATION_CONNECTION=@@COLLATION_CONNECTION */;
/*!40101 SET NAMES utf8mb4 */;

--
-- База данных: `workplace`
--

-- --------------------------------------------------------

--
-- Структура таблицы `budget`
--

CREATE TABLE `budget` (
  `id` int(11) NOT NULL,
  `scenario` date NOT NULL,
  `month_exp` date NOT NULL,
  `month_pay` date NOT NULL,
  `number` varchar(15) COLLATE utf8mb4_unicode_ci NOT NULL,
  `summa` double(10,2) NOT NULL,
  `vat` double(4,2) NOT NULL,
  `budget_item_id` int(11) NOT NULL,
  `status` varchar(25) COLLATE utf8mb4_unicode_ci NOT NULL
) ENGINE=InnoDB DEFAULT CHARSET=utf8mb4 COLLATE=utf8mb4_unicode_ci;

--
-- Дамп данных таблицы `budget`
--

INSERT INTO `budget` (`id`, `scenario`, `month_exp`, `month_pay`, `number`, `summa`, `vat`, `budget_item_id`, `status`) VALUES
(1, '2022-01-01', '2022-01-01', '2022-02-01', 'CUB0000284851', 840000.00, 1.20, 31, 'Согласован'),
(2, '2022-01-01', '2022-01-01', '2022-01-01', 'CUB0000293666', 1965126.00, 1.20, 27, 'Согласован'),
(3, '2022-01-01', '2022-01-01', '2022-01-01', 'CUB0000293682', 21367098.72, 1.10, 24, 'Согласован'),
(4, '2022-01-01', '2022-01-01', '2022-01-01', 'CUB0000293695', 2589951.36, 1.20, 24, 'Согласован'),
(5, '2022-01-01', '2022-01-01', '2022-02-01', 'CUB0000306568', 53280.00, 1.20, 37, 'Согласован'),
(6, '2022-01-01', '2022-01-01', '2022-02-01', 'CUB0000306569', 1907.20, 1.20, 36, 'Согласован'),
(7, '2022-01-01', '2022-01-01', '2022-02-01', 'CUB0000306570', 36000.00, 1.00, 5, 'Согласован'),
(8, '2022-01-01', '2022-01-01', '2022-02-01', 'CUB0000306571', 3000.00, 1.20, 10, 'Согласован'),
(9, '2022-01-01', '2022-01-01', '2022-02-01', 'CUB0000306572', 2500.00, 1.00, 10, 'Согласован'),
(10, '2022-01-01', '2022-01-01', '2022-02-01', 'CUB0000306573', 52950.00, 1.20, 11, 'Согласован'),
(11, '2022-01-01', '2022-01-01', '2022-02-01', 'CUB0000306575', 100000.00, 1.20, 22, 'Согласован'),
(12, '2022-01-01', '2022-01-01', '2022-02-01', 'CUB0000306845', 50000.00, 1.20, 25, 'Согласован'),
(13, '2022-01-01', '2022-01-01', '2022-02-01', 'CUB0000306847', 553700.00, 1.20, 30, 'Согласован'),
(14, '2022-01-01', '2022-01-01', '2022-02-01', 'CUB0000306848', 6600.00, 1.00, 25, 'Согласован'),
(15, '2022-01-01', '2022-01-01', '2022-02-01', 'CUB0000306855', 200000.00, 1.20, 25, 'Согласован'),
(16, '2022-01-01', '2022-01-01', '2022-02-01', 'CUB0000306859', 36000.00, 1.00, 22, 'Согласован'),
(17, '2022-01-01', '2022-01-01', '2022-02-01', 'CUB0000306863', 5000.00, 1.20, 22, 'Согласован'),
(18, '2022-01-01', '2022-01-01', '2022-02-01', 'CUB0000306868', 240000.00, 1.00, 3, 'Согласован'),
(19, '2022-01-01', '2022-01-01', '2022-02-01', 'CUB0000306870', 13322.00, 1.20, 4, 'Согласован'),
(20, '2022-01-01', '2022-01-01', '2022-02-01', 'CUB0000306872', 8912.00, 1.20, 4, 'Согласован'),
(21, '2022-01-01', '2022-01-01', '2022-02-01', 'CUB0000306873', 123721.00, 1.20, 26, 'Согласован'),
(22, '2022-01-01', '2022-01-01', '2022-02-01', 'CUB0000306874', 223200.00, 1.20, 21, 'Согласован'),
(23, '2022-01-01', '2022-01-01', '2022-02-01', 'CUB0000306875', 2106.31, 1.00, 6, 'Согласован'),
(24, '2022-01-01', '2022-01-01', '2022-02-01', 'CUB0000306876', 32000.00, 1.20, 23, 'Согласован'),
(25, '2022-01-01', '2022-01-01', '2022-02-01', 'CUB0000306877', 25000.00, 1.20, 35, 'Согласован'),
(27, '2022-01-01', '2022-01-01', '2022-02-01', 'CUB0000306879', 183000.00, 1.00, 22, 'Согласован'),
(29, '2022-01-01', '2022-01-01', '2022-02-01', 'CUB0000306881', 5000.00, 1.20, 22, 'Согласован'),
(30, '2022-01-01', '2022-01-01', '2022-02-01', 'CUB0000306882', 185000.00, 1.20, 25, 'Согласован'),
(31, '2022-01-01', '2022-01-01', '2022-02-01', 'CUB0000306884', 107000.00, 1.20, 8, 'Согласован'),
(32, '2022-01-01', '2022-01-01', '2022-02-01', 'CUB0000306887', 15666.00, 1.20, 9, 'Согласован'),
(34, '2022-01-01', '2022-01-01', '2022-02-01', 'CUB0000307153', 83160.00, 1.20, 5, 'Согласован'),
(35, '2022-01-01', '2022-01-01', '2022-04-01', 'CUB0000307181', 2000.00, 1.00, 41, 'Согласован'),
(36, '2022-01-01', '2021-10-01', '2022-01-01', 'CUB0000307899', 3500.00, 1.00, 12, 'Согласован'),
(37, '2022-01-01', '2021-11-01', '2022-01-01', 'CUB0000307900', 3500.00, 1.00, 12, 'Согласован'),
(38, '2022-01-01', '2021-12-01', '2022-01-01', 'CUB0000307901', 3500.00, 1.00, 12, 'Согласован'),
(39, '2022-01-01', '2021-10-01', '2022-01-01', 'CUB0000307906', 370000.00, 1.00, 43, 'Согласован'),
(40, '2022-01-01', '2021-11-01', '2022-01-01', 'CUB0000307907', 370000.00, 1.00, 43, 'Согласован'),
(41, '2022-01-01', '2021-12-01', '2022-01-01', 'CUB0000307908', 370000.00, 1.00, 43, 'Согласован'),
(42, '2022-01-01', '2022-01-01', '2022-01-01', 'CUB0000308361', 66000.00, 1.00, 20, 'Согласован'),
(43, '2022-01-01', '2022-01-01', '2022-02-01', 'CUB0000308362', 25808.33, 1.00, 39, 'Согласован'),
(44, '2022-01-01', '2022-01-01', '2022-03-01', 'CUB0000308363', 49680.00, 1.20, 2, 'Согласован'),
(45, '2022-01-01', '2022-01-01', '2022-02-01', 'CUB0000308431', 15000.00, 1.20, 18, 'Согласован'),
(46, '2022-01-01', '2022-01-01', '2022-02-01', 'CUB0000308432', 15000.00, 1.20, 18, 'Согласован'),
(47, '2022-01-01', '2022-01-01', '2022-02-01', 'CUB0000308732', 174677.90, 1.20, 1, 'Согласован'),
(48, '2022-01-01', '2022-01-01', '2022-02-01', 'CUB0000308733', 21500.00, 1.20, 1, 'Согласован'),
(49, '2022-01-01', '2022-01-01', '2022-02-01', 'CUB0000308734', 1642.44, 1.20, 28, 'Согласован'),
(50, '2022-01-01', '2022-01-01', '2022-02-01', 'CUB0000308735', 2700.00, 1.20, 28, 'Согласован'),
(51, '2022-01-01', '2022-01-01', '2022-02-01', 'CUB0000308736', 9600.00, 1.20, 28, 'Согласован'),
(52, '2022-01-01', '2022-01-01', '2022-02-01', 'CUB0000308737', 8000.00, 1.20, 28, 'Согласован'),
(53, '2022-01-01', '2022-01-01', '2022-02-01', 'CUB0000308738', 1673500.00, 1.00, 15, 'Согласован'),
(54, '2022-01-01', '2022-01-01', '2022-02-01', 'CUB0000308738', 508744.00, 1.00, 44, 'Согласован'),
(55, '2022-01-01', '2022-01-01', '2022-02-01', 'CUB0000308739', 2971816.00, 1.00, 16, 'Согласован'),
(56, '2022-01-01', '2022-01-01', '2022-02-01', 'CUB0000308740', 903432.35, 1.00, 17, 'Согласован'),
(57, '2022-01-01', '2022-01-01', '2022-02-01', 'CUB0000308742', 217543.10, 1.00, 13, 'Согласован'),
(58, '2022-01-01', '2022-01-01', '2022-02-01', 'CUB0000308743', 715602.00, 1.00, 14, 'Согласован'),
(59, '2022-01-01', '2022-01-01', '2022-02-01', 'CUB0000308769', 25000.00, 1.20, 25, 'На согласовании'),
(60, '2022-02-01', '2022-02-01', '2022-02-01', 'CUB0000000727', 40000.00, 1.20, 22, 'Согласован'),
(61, '2022-02-01', '2022-02-01', '2022-04-01', 'CUB0000000728', 20000.00, 1.20, 36, 'Согласован'),
(62, '2022-02-01', '2022-02-01', '2022-02-01', 'CUB0000000729', 100000.00, 1.20, 29, 'Согласован'),
(63, '2022-02-01', '2022-02-01', '2022-02-01', 'CUB0000000730', 102000.00, 1.20, 23, 'Согласован'),
(64, '2022-02-01', '2022-02-01', '2022-03-01', 'CUB0000001915', 179292.00, 1.20, 25, 'Согласован'),
(65, '2022-02-01', '2022-02-01', '2022-03-01', 'CUB0000001917', 621000.00, 1.20, 30, 'Согласован'),
(66, '2022-02-01', '2022-02-01', '2022-03-01', 'CUB0000001919', 6600.00, 1.00, 25, 'Согласован'),
(67, '2022-02-01', '2022-02-01', '2022-03-01', 'CUB0000001922', 220000.00, 1.20, 25, 'Согласован'),
(68, '2022-02-01', '2022-02-01', '2022-03-01', 'CUB0000001924', 36000.00, 1.00, 22, 'Согласован'),
(69, '2022-02-01', '2022-02-01', '2022-03-01', 'CUB0000001927', 7000.00, 1.20, 22, 'Согласован'),
(70, '2022-02-01', '2022-02-01', '2022-03-01', 'CUB0000001929', 240000.00, 1.00, 3, 'Согласован'),
(71, '2022-02-01', '2022-02-01', '2022-03-01', 'CUB0000001932', 14676.00, 1.20, 4, 'Согласован'),
(72, '2022-02-01', '2022-02-01', '2022-03-01', 'CUB0000001933', 9825.00, 1.20, 4, 'Согласован'),
(73, '2022-02-01', '2022-02-01', '2022-03-01', 'CUB0000001937', 125570.00, 1.20, 46, 'Согласован'),
(74, '2022-02-01', '2022-02-01', '2022-03-01', 'CUB0000001939', 223200.00, 1.20, 21, 'Согласован'),
(75, '2022-02-01', '2022-02-01', '2022-03-01', 'CUB0000001942', 5940.00, 1.00, 6, 'Согласован'),
(76, '2022-02-01', '2022-02-01', '2022-03-01', 'CUB0000001943', 32000.00, 1.20, 23, 'Согласован'),
(77, '2022-02-01', '2022-02-01', '2022-03-01', 'CUB0000001945', 20708.00, 1.20, 35, 'Согласован'),
(78, '2022-02-01', '2022-02-01', '2022-03-01', 'CUB0000001946', 15000.00, 1.00, 33, 'Согласован'),
(79, '2022-02-01', '2022-02-01', '2022-03-01', 'CUB0000001948', 5000.00, 1.20, 22, 'Согласован'),
(80, '2022-02-01', '2022-02-01', '2022-02-01', 'CUB0000001953', 36000.00, 1.00, 10, 'Согласован'),
(81, '2022-02-01', '2022-02-01', '2022-02-01', 'CUB0000001954', 294000.00, 1.20, 22, 'Согласован'),
(82, '2022-02-01', '2022-02-01', '2022-02-01', 'CUB0000001955', 36000.00, 1.00, 10, 'Согласован'),
(83, '2022-02-01', '2022-02-01', '2022-02-01', 'CUB0000001956', 3000.00, 1.20, 10, 'Согласован'),
(84, '2022-02-01', '2022-02-01', '2022-04-01', 'CUB0000001957', 27900.00, 1.00, 10, 'Согласован'),
(85, '2022-02-01', '2022-02-01', '2022-02-01', 'CUB0000001958', 6000.00, 1.20, 11, 'Согласован'),
(86, '2022-02-01', '2022-02-01', '2022-02-01', 'CUB0000001959', 100000.00, 1.20, 22, 'Согласован'),
(87, '2022-02-01', '2022-02-01', '2022-03-01', 'CUB0000001960', 3000.00, 1.20, 40, 'Согласован'),
(88, '2022-02-01', '2022-02-01', '2022-03-01', 'CUB0000001961', 220000.00, 1.20, 8, 'Согласован'),
(89, '2022-02-01', '2022-02-01', '2022-03-01', 'CUB0000001963', 60000.00, 1.20, 8, 'Согласован'),
(90, '2022-02-01', '2022-02-01', '2022-03-01', 'CUB0000001964', 80000.00, 1.20, 8, 'Согласован'),
(91, '2022-02-01', '2022-02-01', '2022-03-01', 'CUB0000001965', 140000.00, 1.00, 22, 'Согласован'),
(93, '2022-02-01', '2022-02-01', '2022-02-01', 'CUB0000293751', 1928494.80, 1.20, 27, 'Согласован'),
(94, '2022-02-01', '2022-02-01', '2022-02-01', 'CUB0000293783', 20453037.66, 1.10, 24, 'Согласован'),
(95, '2022-02-01', '2022-02-01', '2022-02-01', 'CUB0000293784', 2479156.08, 1.20, 24, 'Согласован'),
(96, '2022-02-01', '2022-02-01', '2022-03-01', 'CUB0000301484', 70000.00, 1.20, 2, 'Согласован'),
(97, '2022-02-01', '2022-02-01', '2022-02-01', 'CUB0000301485', 56000.00, 1.00, 20, 'Согласован'),
(98, '2022-02-01', '2022-02-01', '2022-03-01', 'CUB0000301486', 30000.00, 1.00, 39, 'Согласован'),
(99, '2022-02-01', '2022-02-01', '2022-03-01', 'CUB0000302003', 15000.00, 1.20, 18, 'Согласован'),
(100, '2022-02-01', '2022-02-01', '2022-03-01', 'CUB0000302004', 15000.00, 1.20, 18, 'Согласован'),
(101, '2022-02-01', '2022-02-01', '2022-03-01', 'CUB0000302005', 25000.00, 1.20, 23, 'Согласован'),
(102, '2022-02-01', '2022-02-01', '2022-03-01', 'CUB0000302193', 21500.00, 1.20, 1, 'Согласован'),
(103, '2022-02-01', '2022-02-01', '2022-03-01', 'CUB0000302194', 179303.00, 1.20, 1, 'Согласован'),
(104, '2022-02-01', '2022-02-01', '2022-03-01', 'CUB0000302195', 4200.00, 1.20, 28, 'Согласован'),
(105, '2022-02-01', '2022-02-01', '2022-03-01', 'CUB0000302196', 2700.00, 1.20, 28, 'Согласован'),
(106, '2022-02-01', '2022-02-01', '2022-03-01', 'CUB0000302197', 9600.00, 1.20, 28, 'Согласован'),
(107, '2022-02-01', '2022-02-01', '2022-03-01', 'CUB0000302198', 8000.00, 1.20, 28, 'Согласован'),
(108, '2022-02-01', '2022-02-01', '2022-03-01', 'CUB0000302199', 1673500.00, 1.00, 15, 'Согласован'),
(109, '2022-02-01', '2022-02-01', '2022-03-01', 'CUB0000302199', 508744.00, 1.00, 44, 'Согласован'),
(110, '2022-02-01', '2022-02-01', '2022-03-01', 'CUB0000302200', 2698294.00, 1.00, 16, 'Согласован'),
(111, '2022-02-01', '2022-02-01', '2022-03-01', 'CUB0000302201', 820281.00, 1.00, 17, 'Согласован'),
(112, '2022-02-01', '2022-02-01', '2022-03-01', 'CUB0000302202', 219414.00, 1.00, 13, 'Согласован'),
(113, '2022-02-01', '2022-02-01', '2022-03-01', 'CUB0000302203', 721757.04, 1.00, 14, 'Согласован'),
(114, '2022-02-01', '2022-02-01', '2022-02-01', 'CUB0000302497', 400000.00, 1.20, 25, 'Согласован'),
(116, '2022-02-01', '2022-02-01', '2022-03-01', 'CUB0000307155', 83160.00, 1.20, 5, 'Согласован'),
(117, '2022-02-01', '2022-02-01', '2022-04-01', 'CUB0000307184', 2000.00, 1.00, 41, 'Согласован'),
(118, '2022-03-01', '2022-03-01', '2022-03-01', 'CUB0000000405', 1730555.00, 1.00, 27, 'Согласован'),
(119, '2022-03-01', '2022-03-01', '2022-03-01', 'CUB0000000409', 22632829.00, 1.00, 24, 'Согласован'),
(121, '2022-03-01', '2022-03-01', '2022-03-01', 'CUB0000304354', 66000.00, 1.00, 20, 'Согласован'),
(122, '2022-03-01', '2022-03-01', '2022-04-01', 'CUB0000304355', 100000.00, 1.20, 2, 'Согласован'),
(123, '2022-03-01', '2022-03-01', '2022-04-01', 'CUB0000304356', 30000.00, 1.00, 39, 'Согласован'),
(124, '2022-03-01', '2022-03-01', '2022-04-01', 'CUB0000304572', 50000.00, 1.20, 22, 'Согласован'),
(125, '2022-03-01', '2022-03-01', '2022-04-01', 'CUB0000304602', 628000.00, 1.20, 30, 'Согласован'),
(126, '2022-03-01', '2022-03-01', '2022-04-01', 'CUB0000304605', 6600.00, 1.00, 25, 'Согласован'),
(127, '2022-03-01', '2022-03-01', '2022-04-01', 'CUB0000304610', 180000.00, 1.20, 8, 'Согласован'),
(128, '2022-03-01', '2022-03-01', '2022-04-01', 'CUB0000304611', 36000.00, 1.00, 22, 'Согласован'),
(129, '2022-03-01', '2022-03-01', '2022-04-01', 'CUB0000304612', 5000.00, 1.20, 22, 'Согласован'),
(130, '2022-03-01', '2022-03-01', '2022-04-01', 'CUB0000304613', 13263.00, 1.20, 4, 'Согласован'),
(131, '2022-03-01', '2022-03-01', '2022-04-01', 'CUB0000304614', 8873.00, 1.20, 4, 'Согласован'),
(132, '2022-03-01', '2022-03-01', '2022-04-01', 'CUB0000304615', 223200.00, 1.20, 21, 'Согласован'),
(133, '2022-03-01', '2022-03-01', '2022-04-01', 'CUB0000304616', 7000.00, 1.20, 22, 'Согласован'),
(134, '2022-03-01', '2022-03-01', '2022-04-01', 'CUB0000304618', 118968.00, 1.20, 46, 'Согласован'),
(135, '2022-03-01', '2022-03-01', '2022-04-01', 'CUB0000304620', 5940.00, 1.00, 6, 'Согласован'),
(136, '2022-03-01', '2022-03-01', '2022-04-01', 'CUB0000304621', 362000.00, 1.20, 25, 'Согласован'),
(138, '2022-03-01', '2022-03-01', '2022-04-01', 'CUB0000304623', 13000.00, 1.20, 18, 'Согласован'),
(139, '2022-03-01', '2022-03-01', '2022-04-01', 'CUB0000304624', 12000.00, 1.20, 18, 'Согласован'),
(140, '2022-03-01', '2022-03-01', '2022-04-01', 'CUB0000304625', 283000.00, 1.20, 25, 'Согласован'),
(141, '2022-03-01', '2022-03-01', '2022-04-01', 'CUB0000304627', 50000.00, 1.20, 35, 'Согласован'),
(142, '2022-03-01', '2022-03-01', '2022-04-01', 'CUB0000304628', 15000.00, 1.00, 33, 'Согласован'),
(143, '2022-03-01', '2022-03-01', '2022-05-01', 'CUB0000304629', 3000.00, 1.20, 40, 'Согласован'),
(144, '2022-03-01', '2022-03-01', '2022-04-01', 'CUB0000304630', 240000.00, 1.00, 3, 'Согласован'),
(147, '2022-03-01', '2022-03-01', '2022-03-01', 'CUB0000304632', 160000.00, 1.20, 40, 'Согласован'),
(148, '2022-03-01', '2022-03-01', '2022-04-01', 'CUB0000304633', 50000.00, 1.20, 8, 'Согласован'),
(149, '2022-03-01', '2022-03-01', '2022-04-01', 'CUB0000304640', 50000.00, 1.20, 22, 'Согласован'),
(150, '2022-03-01', '2022-03-01', '2022-04-01', 'CUB0000304642', 80000.00, 1.20, 22, 'Согласован'),
(151, '2022-03-01', '2022-03-01', '2022-04-01', 'CUB0000304643', 40000.00, 1.20, 29, 'Согласован'),
(152, '2022-03-01', '2022-03-01', '2022-03-01', 'CUB0000306049', 40000.00, 1.20, 37, 'Согласован'),
(153, '2022-03-01', '2022-03-01', '2022-03-01', 'CUB0000306055', 20000.00, 1.20, 36, 'Согласован'),
(154, '2022-03-01', '2022-03-01', '2022-03-01', 'CUB0000306062', 36000.00, 1.20, 29, 'Согласован'),
(155, '2022-03-01', '2022-03-01', '2022-03-01', 'CUB0000306069', 46500.00, 1.20, 23, 'Согласован'),
(156, '2022-03-01', '2022-03-01', '2022-03-01', 'CUB0000306076', 136400.00, 1.20, 9, 'Согласован'),
(157, '2022-03-01', '2022-03-01', '2022-04-01', 'CUB0000306165', 21500.00, 1.20, 1, 'Согласован'),
(158, '2022-03-01', '2022-03-01', '2022-04-01', 'CUB0000306168', 205000.00, 1.20, 1, 'Согласован'),
(159, '2022-03-01', '2022-03-01', '2022-04-01', 'CUB0000306172', 4200.00, 1.20, 28, 'Согласован'),
(160, '2022-03-01', '2022-03-01', '2022-04-01', 'CUB0000306177', 2700.00, 1.20, 28, 'Согласован'),
(161, '2022-03-01', '2022-03-01', '2022-04-01', 'CUB0000306181', 9600.00, 1.20, 28, 'Согласован'),
(162, '2022-03-01', '2022-03-01', '2022-04-01', 'CUB0000306188', 8000.00, 1.20, 28, 'Согласован'),
(163, '2022-03-01', '2022-03-01', '2022-04-01', 'CUB0000306210', 1673500.00, 1.00, 15, 'Согласован'),
(164, '2022-03-01', '2022-03-01', '2022-04-01', 'CUB0000306210', 508744.00, 1.00, 44, 'Согласован'),
(165, '2022-03-01', '2022-03-01', '2022-04-01', 'CUB0000306213', 2698294.00, 1.00, 16, 'Согласован'),
(166, '2022-03-01', '2022-03-01', '2022-04-01', 'CUB0000306214', 820281.00, 1.00, 17, 'Согласован'),
(167, '2022-03-01', '2022-03-01', '2022-04-01', 'CUB0000306216', 219414.00, 1.00, 13, 'Согласован'),
(168, '2022-03-01', '2022-03-01', '2022-04-01', 'CUB0000306219', 707249.00, 1.00, 14, 'Согласован'),
(170, '2022-03-01', '2022-03-01', '2022-04-01', 'CUB0000307158', 83160.00, 1.20, 5, 'Согласован'),
(171, '2022-03-01', '2022-03-01', '2022-04-01', 'CUB0000307188', 2000.00, 1.00, 41, 'Согласован'),
(172, '2022-03-01', '2022-05-01', '2022-06-01', 'CUB0000312592', 300000.00, 1.20, 31, 'Согласован'),
(173, '2022-03-01', '2022-06-01', '2022-07-01', 'CUB0000313055', 320000.00, 1.20, 31, 'На согласовании'),
(174, '2021-12-01', '2021-12-01', '2021-12-01', 'CUB0000009126', 1650.00, 1.20, 35, 'Согласован'),
(175, '2021-12-01', '2021-12-01', '2022-01-01', 'CUB0000010144', 32000.00, 1.00, 22, 'Согласован'),
(176, '2021-12-01', '2021-12-01', '2022-01-01', 'CUB0000010800', 74104.80, 1.20, 5, 'Согласован'),
(178, '2021-12-01', '2021-12-01', '2022-02-01', 'CUB0000011006', 1300.00, 1.00, 41, 'Согласован'),
(179, '2021-12-01', '2021-12-01', '2022-01-01', 'CUB0000012164', 21500.00, 1.20, 1, 'Согласован'),
(180, '2021-12-01', '2021-12-01', '2022-01-01', 'CUB0000012241', 2700.00, 1.20, 28, 'Согласован'),
(181, '2021-12-01', '2021-12-01', '2022-01-01', 'CUB0000012301', 4200.00, 1.20, 28, 'Согласован'),
(182, '2021-12-01', '2021-12-01', '2021-12-01', 'CUB0000012333', 8000.00, 1.20, 33, 'Согласован'),
(183, '2021-12-01', '2021-12-01', '2021-12-01', 'CUB0000012367', 9600.00, 1.20, 28, 'Согласован'),
(184, '2021-12-01', '2021-12-01', '2021-12-01', 'CUB0000013043', 6000.00, 1.00, 6, 'Согласован'),
(185, '2021-12-01', '2021-12-01', '2022-01-01', 'CUB0000013237', 793827.00, 1.00, 13, 'Согласован'),
(186, '2021-12-01', '2021-12-01', '2022-01-01', 'CUB0000013237', 185064.00, 1.00, 13, 'Согласован'),
(187, '2021-12-01', '2021-12-01', '2021-12-01', 'CUB0000013443', 432319.00, 1.00, 44, 'Согласован'),
(188, '2021-12-01', '2021-12-01', '2021-12-01', 'CUB0000013550', 1422102.96, 1.00, 15, 'Согласован'),
(189, '2021-12-01', '2021-12-01', '2021-12-01', 'CUB0000013669', 2519420.00, 1.00, 16, 'Согласован'),
(190, '2021-12-01', '2021-12-01', '2021-12-01', 'CUB0000013699', 3285323.68, 1.00, 17, 'Согласован'),
(191, '2021-12-01', '2021-12-01', '2021-12-01', 'CUB0000014865', 57850.00, 1.00, 20, 'Согласован'),
(192, '2021-12-01', '2021-12-01', '2022-01-01', 'CUB0000015982', 223200.00, 1.20, 21, 'Согласован'),
(193, '2021-12-01', '2021-12-01', '2021-12-01', 'CUB0000016025', 1612456.90, 1.20, 27, 'Согласован'),
(194, '2021-12-01', '2021-12-01', '2021-12-01', 'CUB0000017625', 7000.00, 1.20, 22, 'Согласован'),
(195, '2021-12-01', '2021-12-01', '2021-12-01', 'CUB0000017660', 614018.59, 1.20, 30, 'Согласован'),
(196, '2021-12-01', '2021-12-01', '2021-12-01', 'CUB0000018889', 50000.00, 1.20, 25, 'Согласован'),
(197, '2021-12-01', '2021-12-01', '2021-12-01', 'CUB0000019175', 6600.00, 1.00, 25, 'Согласован'),
(198, '2021-12-01', '2021-12-01', '2022-01-01', 'CUB0000019209', 260000.00, 1.00, 3, 'Согласован'),
(199, '2021-12-01', '2021-12-01', '2021-12-01', 'CUB0000019239', 268276.00, 1.20, 8, 'Согласован'),
(200, '2021-12-01', '2021-12-01', '2021-12-01', 'CUB0000019318', 19685169.51, 1.10, 24, 'Согласован'),
(201, '2021-12-01', '2021-12-01', '2022-01-01', 'CUB0000019321', 4772030.06, 1.20, 24, 'Согласован'),
(202, '2021-12-01', '2021-12-01', '2022-01-01', 'CUB0000059634', 98136.88, 1.00, 38, 'Согласован'),
(203, '2021-12-01', '2022-08-01', '2022-08-01', 'CUB0000256471', 81458.70, 1.20, 5, 'Согласован'),
(204, '2021-12-01', '2022-07-01', '2022-08-01', 'CUB0000256698', 81458.70, 1.20, 5, 'На согласовании'),
(205, '2021-12-01', '2021-12-01', '2022-01-01', 'CUB0000284016', 34000.00, 1.20, 31, 'Согласован'),
(206, '2021-12-01', '2021-12-01', '2022-01-01', 'CUB0000284540', 309000.00, 1.20, 31, 'Согласован'),
(207, '2021-12-01', '2021-12-01', '2021-12-01', 'CUB0000284577', 10000.00, 1.20, 18, 'Согласован'),
(208, '2021-12-01', '2021-12-01', '2021-12-01', 'CUB0000284578', 12000.00, 1.20, 18, 'Согласован'),
(209, '2021-12-01', '2021-12-01', '2022-01-01', 'CUB0000284581', 46000.00, 1.00, 37, 'Согласован'),
(210, '2021-12-01', '2021-12-01', '2022-01-01', 'CUB0000284582', 123000.00, 1.20, 9, 'Согласован'),
(211, '2021-12-01', '2021-12-01', '2022-01-01', 'CUB0000284583', 62400.00, 1.20, 29, 'Согласован'),
(212, '2021-12-01', '2021-12-01', '2022-01-01', 'CUB0000284584', 78000.00, 1.20, 23, 'Согласован'),
(213, '2021-12-01', '2021-12-01', '2022-01-01', 'CUB0000284587', 4000.00, 1.00, 22, 'Согласован'),
(214, '2021-12-01', '2021-12-01', '2022-01-01', 'CUB0000284589', 150000.00, 1.20, 11, 'Согласован'),
(215, '2021-12-01', '2021-12-01', '2022-02-01', 'CUB0000284590', 27900.00, 1.00, 40, 'Согласован'),
(216, '2021-12-01', '2021-12-01', '2022-01-01', 'CUB0000284591', 3000.00, 1.20, 10, 'Согласован'),
(217, '2021-12-01', '2021-12-01', '2022-01-01', 'CUB0000284592', 36000.00, 1.00, 40, 'Согласован'),
(218, '2021-12-01', '2021-12-01', '2022-01-01', 'CUB0000284594', 20000.00, 1.20, 36, 'Согласован'),
(219, '2021-12-01', '2021-12-01', '2022-01-01', 'CUB0000284597', 22000.00, 1.20, 23, 'Согласован'),
(220, '2021-12-01', '2021-12-01', '2022-01-01', 'CUB0000284599', 115000.00, 1.20, 26, 'Согласован'),
(221, '2021-12-01', '2021-12-01', '2022-01-01', 'CUB0000284604', 100000.00, 1.20, 25, 'Согласован'),
(222, '2021-12-01', '2021-12-01', '2022-01-01', 'CUB0000284605', 39850.00, 1.20, 25, 'Согласован'),
(223, '2021-12-01', '2021-12-01', '2022-01-01', 'CUB0000284606', 15000.00, 1.20, 4, 'Согласован'),
(224, '2021-12-01', '2021-12-01', '2022-01-01', 'CUB0000284607', 9515.00, 1.20, 4, 'Согласован'),
(225, '2021-12-01', '2021-12-01', '2022-01-01', 'CUB0000284610', 90000.00, 1.20, 40, 'Согласован'),
(226, '2021-12-01', '2021-12-01', '2022-01-01', 'CUB0000284612', 70000.00, 1.20, 8, 'Согласован'),
(227, '2021-12-01', '2021-12-01', '2022-01-01', 'CUB0000284613', 30000.00, 1.20, 22, 'Согласован'),
(228, '2021-12-01', '2021-12-01', '2022-01-01', 'CUB0000284614', 37000.00, 1.00, 33, 'Согласован'),
(229, '2021-12-01', '2021-12-01', '2022-01-01', 'CUB0000284615', 450000.00, 1.20, 8, 'Согласован'),
(230, '2021-12-01', '2021-12-01', '2022-01-01', 'CUB0000284622', 7000.00, 1.20, 22, 'Согласован'),
(231, '2021-12-01', '2021-12-01', '2021-12-01', 'CUB0000284623', 306000.00, 1.20, 22, 'Согласован'),
(232, '2021-12-01', '2021-12-01', '2022-01-01', 'CUB0000284677', 50000.00, 1.20, 39, 'Согласован'),
(233, '2021-12-01', '2021-12-01', '2022-01-01', 'CUB0000284680', 100000.00, 1.20, 29, 'Согласован'),
(234, '2021-12-01', '2021-12-01', '2022-01-01', 'CUB0000284681', 200000.00, 1.20, 1, 'Согласован'),
(235, '2021-12-01', '2021-12-01', '2022-01-01', 'CUB0000284682', 50000.00, 1.20, 1, 'Согласован'),
(236, '2021-12-01', '2021-12-01', '2021-12-01', 'CUB0000284684', 7500.00, 1.00, 6, 'Согласован'),
(237, '2021-12-01', '2021-12-01', '2021-12-01', 'CUB0000284701', 80000.00, 1.20, 25, 'Согласован'),
(239, '2021-12-01', '2022-03-01', '2022-03-01', 'CUB0000284850', 720000.00, 1.20, 31, 'Согласован'),
(241, '2022-04-01', '2022-04-01', '2022-04-01', 'CUB0000000411', 1748571.00, 1.00, 27, 'Согласован'),
(242, '2022-04-01', '2022-04-01', '2022-04-01', 'CUB0000000412', 23542797.00, 1.00, 24, 'Согласован'),
(244, '2022-04-01', '2022-04-01', '2022-05-01', 'CUB0000302427', 417600.00, 1.20, 25, 'Согласован'),
(246, '2022-04-01', '2022-04-01', '2022-05-01', 'CUB0000307162', 83160.00, 1.20, 5, 'Согласован'),
(247, '2022-04-01', '2022-04-01', '2022-07-01', 'CUB0000327677', 1000.00, 1.00, 41, 'Согласован'),
(248, '2022-04-01', '2022-04-01', '2022-05-01', 'CUB0000328021', 50000.00, 1.20, 25, 'Согласован'),
(249, '2022-04-01', '2022-04-01', '2022-05-01', 'CUB0000328022', 525600.00, 1.20, 30, 'Согласован'),
(250, '2022-04-01', '2022-04-01', '2022-05-01', 'CUB0000328028', 6600.00, 1.00, 25, 'Согласован'),
(251, '2022-04-01', '2022-04-01', '2022-05-01', 'CUB0000328030', 207400.00, 1.20, 25, 'Согласован'),
(253, '2022-04-01', '2022-04-01', '2022-05-01', 'CUB0000328034', 5000.00, 1.20, 22, 'Согласован'),
(254, '2022-04-01', '2022-04-01', '2022-05-01', 'CUB0000328035', 9319.00, 1.20, 4, 'Согласован'),
(255, '2022-04-01', '2022-04-01', '2022-05-01', 'CUB0000328037', 13930.00, 1.20, 4, 'Согласован'),
(256, '2022-04-01', '2022-04-01', '2022-05-01', 'CUB0000328039', 233700.00, 1.20, 21, 'Согласован'),
(257, '2022-04-01', '2022-04-01', '2022-05-01', 'CUB0000328040', 7000.00, 1.20, 22, 'Согласован'),
(258, '2022-04-01', '2022-04-01', '2022-05-01', 'CUB0000328043', 113640.00, 1.20, 46, 'Согласован'),
(259, '2022-04-01', '2022-04-01', '2022-05-01', 'CUB0000328047', 1847.26, 1.00, 6, 'Согласован'),
(260, '2022-04-01', '2022-04-01', '2022-05-01', 'CUB0000328050', 350000.00, 1.20, 25, 'Согласован'),
(261, '2022-04-01', '2022-04-01', '2022-05-01', 'CUB0000328057', 30000.00, 1.00, 39, 'Согласован'),
(262, '2022-04-01', '2022-04-01', '2022-04-01', 'CUB0000328059', 66000.00, 1.00, 20, 'Согласован'),
(263, '2022-04-01', '2022-04-01', '2022-05-01', 'CUB0000328060', 120000.00, 1.20, 2, 'Согласован'),
(264, '2022-04-01', '2022-04-01', '2022-05-01', 'CUB0000328064', 50000.00, 1.20, 25, 'Согласован'),
(265, '2022-04-01', '2022-04-01', '2022-05-01', 'CUB0000328065', 3000.00, 1.20, 40, 'Согласован'),
(266, '2022-04-01', '2022-04-01', '2022-05-01', 'CUB0000328067', 229500.00, 1.00, 3, 'Согласован'),
(267, '2022-04-01', '2022-04-01', '2022-05-01', 'CUB0000328070', 320000.00, 1.20, 8, 'Согласован'),
(268, '2022-04-01', '2022-04-01', '2022-05-01', 'CUB0000328073', 100000.00, 1.00, 22, 'Согласован'),
(269, '2022-04-01', '2022-04-01', '2022-05-01', 'CUB0000328100', 63000.00, 1.00, 10, 'Согласован'),
(270, '2022-04-01', '2022-04-01', '2022-04-01', 'CUB0000328198', 3500.00, 1.00, 12, 'Согласован'),
(271, '2022-04-01', '2022-04-01', '2022-04-01', 'CUB0000328199', 3500.00, 1.00, 12, 'Согласован'),
(272, '2022-04-01', '2022-04-01', '2022-04-01', 'CUB0000328200', 3500.00, 1.00, 12, 'Согласован'),
(273, '2022-04-01', '2022-04-01', '2022-04-01', 'CUB0000328216', 380000.00, 1.00, 43, 'Согласован'),
(274, '2022-04-01', '2022-04-01', '2022-04-01', 'CUB0000328218', 380000.00, 1.00, 43, 'Согласован'),
(275, '2022-04-01', '2022-04-01', '2022-04-01', 'CUB0000328219', 380000.00, 1.00, 43, 'Согласован'),
(276, '2022-04-01', '2022-04-01', '2022-04-01', 'CUB0000328249', 40000.00, 1.20, 37, 'Согласован'),
(277, '2022-04-01', '2022-04-01', '2022-04-01', 'CUB0000328250', 20000.00, 1.20, 36, 'Согласован'),
(278, '2022-04-01', '2022-04-01', '2022-04-01', 'CUB0000328251', 86700.00, 1.20, 29, 'Согласован'),
(279, '2022-04-01', '2022-04-01', '2022-04-01', 'CUB0000328252', 160800.00, 1.20, 23, 'Согласован'),
(280, '2022-04-01', '2022-04-01', '2022-04-01', 'CUB0000328253', 60000.00, 1.20, 9, 'Согласован'),
(281, '2022-04-01', '2022-04-01', '2022-05-01', 'CUB0000328268', 25000.00, 1.20, 23, 'Согласован'),
(282, '2022-04-01', '2022-04-01', '2022-05-01', 'CUB0000328269', 2600.00, 1.00, 33, 'Согласован'),
(283, '2022-04-01', '2022-03-01', '2022-04-01', 'CUB0000328752', 98136.88, 1.00, 38, 'Согласован'),
(284, '2022-04-01', '2022-04-01', '2022-05-01', 'CUB0000328768', 21500.00, 1.20, 1, 'Согласован'),
(285, '2022-04-01', '2022-04-01', '2022-05-01', 'CUB0000328769', 130000.00, 1.20, 1, 'Согласован'),
(286, '2022-04-01', '2022-04-01', '2022-05-01', 'CUB0000328771', 4200.00, 1.20, 28, 'Согласован'),
(287, '2022-04-01', '2022-04-01', '2022-05-01', 'CUB0000328772', 2700.00, 1.20, 28, 'Согласован'),
(288, '2022-04-01', '2022-04-01', '2022-05-01', 'CUB0000328774', 9600.00, 1.20, 28, 'Согласован'),
(289, '2022-04-01', '2022-04-01', '2022-05-01', 'CUB0000328775', 8000.00, 1.20, 28, 'Согласован'),
(290, '2022-04-01', '2022-04-01', '2022-05-01', 'CUB0000328776', 36000.00, 1.00, 22, 'Согласован'),
(291, '2022-04-01', '2022-04-01', '2022-05-01', 'CUB0000328777', 1573500.00, 1.00, 15, 'Согласован'),
(292, '2022-04-01', '2022-04-01', '2022-05-01', 'CUB0000328777', 508744.00, 1.00, 44, 'Согласован'),
(293, '2022-04-01', '2022-04-01', '2022-05-01', 'CUB0000328778', 2698294.00, 1.00, 16, 'Согласован'),
(294, '2022-04-01', '2022-04-01', '2022-05-01', 'CUB0000328779', 820281.00, 1.00, 17, 'Согласован'),
(295, '2022-04-01', '2022-04-01', '2022-05-01', 'CUB0000328781', 286411.00, 1.00, 13, 'Согласован'),
(296, '2022-04-01', '2022-04-01', '2022-05-01', 'CUB0000328782', 942144.50, 1.00, 14, 'Согласован'),
(297, '2022-04-01', '2022-04-01', '2022-05-01', 'CUB0000328785', 10000.00, 1.20, 18, 'Согласован'),
(298, '2022-04-01', '2022-04-01', '2022-05-01', 'CUB0000328786', 12500.00, 1.20, 18, 'Согласован'),
(299, '2022-04-01', '2022-04-01', '2022-05-01', 'CUB0000328788', 42000.00, 1.20, 23, 'Согласован'),
(300, '2022-04-01', '2022-04-01', '2022-04-01', 'CUB0000329536', 462821.82, 1.20, 11, 'Согласован'),
(301, '2022-04-01', '2022-04-01', '2022-04-01', 'CUB0000329541', 55000.00, 1.20, 19, 'На согласовании'),
(302, '2022-03-01', '2022-03-01', '2022-03-01', 'CUB0000327594', 9942.30, 1.00, 38, 'Согласован'),
(303, '2022-05-01', '2022-05-01', '2022-05-01', 'CUB0000000414', 1858899.00, 1.00, 27, 'Согласован'),
(304, '2022-05-01', '2022-05-01', '2022-05-01', 'CUB0000000415', 24304557.00, 1.00, 24, 'Согласован'),
(307, '2022-05-01', '2022-05-01', '2022-06-01', 'CUB0000307165', 83160.00, 1.20, 5, 'Согласован'),
(308, '2022-05-01', '2022-05-01', '2022-05-01', 'CUB0000327597', 9618.10, 1.00, 38, 'Согласован'),
(309, '2022-05-01', '2022-05-01', '2022-07-01', 'CUB0000327678', 1000.00, 1.00, 41, 'Согласован'),
(310, '2022-05-01', '2022-05-01', '2022-06-01', 'CUB0000328032', 39600.00, 1.00, 42, 'Согласован'),
(311, '2022-05-01', '2022-05-01', '2022-05-01', 'CUB0000331746', 66750.00, 1.00, 20, 'Согласован'),
(312, '2022-05-01', '2022-05-01', '2022-06-01', 'CUB0000331747', 330000.00, 1.20, 2, 'Согласован'),
(313, '2022-05-01', '2022-05-01', '2022-06-01', 'CUB0000331748', 30000.00, 1.00, 39, 'Согласован'),
(314, '2022-05-01', '2022-05-01', '2022-06-01', 'CUB0000331751', 12000.00, 1.20, 18, 'Согласован'),
(315, '2022-05-01', '2022-05-01', '2022-06-01', 'CUB0000331752', 26000.00, 1.20, 18, 'Согласован'),
(316, '2022-05-01', '2022-05-01', '2022-06-01', 'CUB0000331753', 48000.00, 1.20, 29, 'Согласован'),
(317, '2022-05-01', '2022-05-01', '2022-05-01', 'CUB0000331758', 40000.00, 1.20, 37, 'Согласован'),
(318, '2022-05-01', '2022-05-01', '2022-05-01', 'CUB0000331759', 20000.00, 1.20, 36, 'Согласован'),
(319, '2022-05-01', '2022-05-01', '2022-05-01', 'CUB0000331760', 152400.00, 1.20, 9, 'Согласован'),
(320, '2022-05-01', '2022-05-01', '2022-06-01', 'CUB0000331761', 570000.00, 1.20, 23, 'Согласован'),
(321, '2022-05-01', '2022-05-01', '2022-06-01', 'CUB0000331793', 21500.00, 1.20, 1, 'Согласован'),
(322, '2022-05-01', '2022-05-01', '2022-06-01', 'CUB0000331795', 190000.00, 1.20, 1, 'Согласован'),
(323, '2022-05-01', '2022-05-01', '2022-06-01', 'CUB0000331796', 4200.00, 1.20, 28, 'Согласован'),
(324, '2022-05-01', '2022-05-01', '2022-06-01', 'CUB0000331797', 2700.00, 1.20, 28, 'Согласован'),
(325, '2022-05-01', '2022-05-01', '2022-06-01', 'CUB0000331798', 9600.00, 1.20, 28, 'Согласован'),
(326, '2022-05-01', '2022-05-01', '2022-06-01', 'CUB0000331799', 3680.00, 1.20, 40, 'Согласован'),
(327, '2022-05-01', '2022-05-01', '2022-06-01', 'CUB0000331802', 50000.00, 1.20, 22, 'Согласован'),
(328, '2022-05-01', '2022-05-01', '2022-06-01', 'CUB0000331803', 557600.00, 1.20, 30, 'Согласован'),
(329, '2022-05-01', '2022-05-01', '2022-06-01', 'CUB0000331804', 6600.00, 1.00, 25, 'Согласован'),
(330, '2022-05-01', '2022-05-01', '2022-06-01', 'CUB0000331805', 1673500.00, 1.00, 15, 'Согласован'),
(331, '2022-05-01', '2022-05-01', '2022-06-01', 'CUB0000331805', 508744.00, 1.00, 44, 'Согласован'),
(332, '2022-05-01', '2022-05-01', '2022-06-01', 'CUB0000331806', 2698294.00, 1.00, 16, 'Согласован'),
(333, '2022-05-01', '2022-05-01', '2022-06-01', 'CUB0000331807', 820281.00, 1.00, 17, 'Согласован'),
(334, '2022-05-01', '2022-05-01', '2022-06-01', 'CUB0000331808', 180000.00, 1.20, 25, 'Согласован'),
(335, '2022-05-01', '2022-05-01', '2022-06-01', 'CUB0000331809', 223651.60, 1.00, 13, 'Согласован'),
(336, '2022-05-01', '2022-05-01', '2022-06-01', 'CUB0000331810', 735696.05, 1.00, 14, 'Согласован'),
(337, '2022-05-01', '2022-05-01', '2022-06-01', 'CUB0000331811', 5000.00, 1.20, 22, 'Согласован'),
(338, '2022-05-01', '2022-05-01', '2022-06-01', 'CUB0000331812', 10605.00, 1.20, 4, 'Согласован'),
(339, '2022-05-01', '2022-05-01', '2022-06-01', 'CUB0000331813', 15852.96, 1.20, 4, 'Согласован'),
(340, '2022-05-01', '2022-05-01', '2022-06-01', 'CUB0000331814', 223200.00, 1.20, 21, 'Согласован'),
(341, '2022-05-01', '2022-05-01', '2022-06-01', 'CUB0000331815', 7000.00, 1.20, 22, 'Согласован'),
(342, '2022-05-01', '2022-05-01', '2022-06-01', 'CUB0000331816', 17009.89, 1.20, 46, 'Согласован'),
(343, '2022-05-01', '2022-05-01', '2022-06-01', 'CUB0000331817', 5940.00, 1.00, 6, 'Согласован'),
(344, '2022-05-01', '2022-05-01', '2022-06-01', 'CUB0000331821', 240000.00, 1.00, 3, 'Согласован'),
(345, '2022-05-01', '2022-05-01', '2022-06-01', 'CUB0000331834', 188000.00, 1.20, 25, 'Согласован'),
(346, '2022-05-01', '2022-05-01', '2022-06-01', 'CUB0000331835', 80000.00, 1.20, 33, 'Согласован'),
(347, '2022-05-01', '2022-05-01', '2022-06-01', 'CUB0000331837', 100000.00, 1.20, 8, 'Согласован'),
(348, '2022-05-01', '2022-05-01', '2022-06-01', 'CUB0000331841', 240000.00, 1.20, 8, 'Согласован'),
(349, '2022-05-01', '2022-05-01', '2022-06-01', 'CUB0000331844', 120000.00, 1.20, 25, 'Согласован'),
(350, '2022-05-01', '2022-05-01', '2022-05-01', 'CUB0000331846', 300000.00, 1.20, 11, 'Согласован'),
(351, '2022-05-01', '2022-05-01', '2022-05-01', 'CUB0000331847', 142500.00, 1.20, 19, 'Согласован'),
(352, '2022-05-01', '2022-05-01', '2022-05-01', 'CUB0000331851', 180000.00, 1.00, 5, 'Согласован'),
(353, '2022-05-01', '2022-05-01', '2022-06-01', 'CUB0000332740', 260800.00, 1.00, 31, 'Согласован'),
(354, '2022-06-01', '2022-06-01', '2022-06-01', 'CUB0000000417', 1870560.00, 1.00, 27, 'Согласован'),
(355, '2022-06-01', '2022-06-01', '2022-06-01', 'CUB0000000418', 24324989.00, 1.00, 24, 'Согласован'),
(358, '2022-06-01', '2022-06-01', '2022-07-01', 'CUB0000307166', 83160.00, 1.20, 5, 'Согласован'),
(360, '2022-06-01', '2022-06-01', '2022-07-01', 'CUB0000307167', 69300.00, 1.00, 25, 'Согласован'),
(362, '2022-06-01', '2022-06-01', '2022-07-01', 'CUB0000327679', 1000.00, 1.00, 41, 'Согласован'),
(363, '2022-06-01', '2022-06-01', '2022-06-01', 'CUB0000328753', 98136.88, 1.00, 38, 'Согласован'),
(364, '2022-06-01', '2022-06-01', '2022-06-01', 'CUB0000332065', 14000.00, 1.20, 31, 'Согласован'),
(365, '2022-06-01', '2022-06-01', '2022-07-01', 'CUB0000333407', 300000.00, 1.20, 31, 'Согласован'),
(366, '2022-06-01', '2022-06-01', '2022-07-01', 'CUB0000333518', 230000.00, 1.20, 22, 'Согласован'),
(367, '2022-06-01', '2022-06-01', '2022-07-01', 'CUB0000333519', 50000.00, 1.20, 25, 'Согласован'),
(368, '2022-06-01', '2022-06-01', '2022-07-01', 'CUB0000333520', 765900.00, 1.20, 30, 'Согласован'),
(369, '2022-06-01', '2022-06-01', '2022-07-01', 'CUB0000333521', 6600.00, 1.00, 25, 'Согласован'),
(370, '2022-06-01', '2022-06-01', '2022-07-01', 'CUB0000333522', 180000.00, 1.20, 25, 'Согласован'),
(371, '2022-06-01', '2022-06-01', '2022-08-01', 'CUB0000333523', 36000.00, 1.00, 42, 'Согласован'),
(372, '2022-06-01', '2022-06-01', '2022-07-01', 'CUB0000333524', 5000.00, 1.20, 22, 'Согласован'),
(373, '2022-06-01', '2022-06-01', '2022-07-01', 'CUB0000333525', 11051.25, 1.20, 4, 'Согласован'),
(374, '2022-06-01', '2022-06-01', '2022-07-01', 'CUB0000333526', 16520.04, 1.20, 4, 'Согласован'),
(375, '2022-06-01', '2022-06-01', '2022-07-01', 'CUB0000333532', 262000.00, 1.20, 21, 'Согласован'),
(376, '2022-06-01', '2022-06-01', '2022-07-01', 'CUB0000333533', 50000.00, 1.00, 39, 'Согласован'),
(377, '2022-06-01', '2022-06-01', '2022-07-01', 'CUB0000333535', 7000.00, 1.20, 22, 'Согласован'),
(378, '2022-06-01', '2022-06-01', '2022-06-01', 'CUB0000333536', 38750.00, 1.00, 20, 'Согласован'),
(379, '2022-06-01', '2022-06-01', '2022-07-01', 'CUB0000333538', 11885.40, 1.20, 46, 'Согласован'),
(380, '2022-06-01', '2022-06-01', '2022-07-01', 'CUB0000333539', 100000.00, 1.20, 2, 'Согласован'),
(381, '2022-06-01', '2022-06-01', '2022-07-01', 'CUB0000333540', 5940.00, 1.00, 6, 'Согласован'),
(382, '2022-06-01', '2022-06-01', '2022-06-01', 'CUB0000333541', 240000.00, 1.00, 3, 'Согласован'),
(383, '2022-06-01', '2022-06-01', '2022-07-01', 'CUB0000333542', 100000.00, 1.20, 25, 'Согласован'),
(384, '2022-06-01', '2022-06-01', '2022-06-01', 'CUB0000333543', 40000.00, 1.20, 37, 'Согласован'),
(385, '2022-06-01', '2022-06-01', '2022-06-01', 'CUB0000333544', 4746.00, 1.20, 36, 'Согласован'),
(386, '2022-06-01', '2022-06-01', '2022-07-01', 'CUB0000333545', 150000.00, 1.20, 8, 'Согласован'),
(387, '2022-06-01', '2022-06-01', '2022-07-01', 'CUB0000333546', 191010.00, 1.20, 29, 'Согласован'),
(388, '2022-06-01', '2022-06-01', '2022-06-01', 'CUB0000333547', 30000.00, 1.20, 9, 'Согласован'),
(389, '2022-06-01', '2022-06-01', '2022-06-01', 'CUB0000333548', 228400.00, 1.20, 23, 'Согласован'),
(390, '2022-06-01', '2022-06-01', '2022-07-01', 'CUB0000333550', 50000.00, 1.20, 25, 'Согласован'),
(391, '2022-06-01', '2022-06-01', '2022-07-01', 'CUB0000333551', 40000.00, 1.20, 8, 'Согласован'),
(392, '2022-06-01', '2022-06-01', '2022-07-01', 'CUB0000333552', 50000.00, 1.20, 40, 'Согласован'),
(393, '2022-06-01', '2022-06-01', '2022-07-01', 'CUB0000333553', 50000.00, 1.20, 8, 'Согласован'),
(394, '2022-06-01', '2022-06-01', '2022-07-01', 'CUB0000333554', 80000.00, 1.20, 25, 'Согласован'),
(395, '2022-06-01', '2022-06-01', '2022-07-01', 'CUB0000333556', 168000.00, 1.20, 25, 'Согласован'),
(396, '2022-06-01', '2022-06-01', '2022-07-01', 'CUB0000333557', 180000.00, 1.20, 25, 'Согласован'),
(397, '2022-06-01', '2022-06-01', '2022-07-01', 'CUB0000333558', 21500.00, 1.20, 1, 'Согласован'),
(398, '2022-06-01', '2022-06-01', '2022-07-01', 'CUB0000333559', 158000.00, 1.20, 25, 'Согласован'),
(399, '2022-06-01', '2022-06-01', '2022-07-01', 'CUB0000333560', 4200.00, 1.20, 28, 'Согласован'),
(400, '2022-06-01', '2022-06-01', '2022-07-01', 'CUB0000333561', 2700.00, 1.20, 28, 'Согласован'),
(401, '2022-06-01', '2022-06-01', '2022-07-01', 'CUB0000333562', 9600.00, 1.20, 28, 'Согласован'),
(402, '2022-06-01', '2022-06-01', '2022-07-01', 'CUB0000333563', 3680.00, 1.20, 28, 'Согласован'),
(403, '2022-06-01', '2022-06-01', '2022-07-01', 'CUB0000333564', 1673500.00, 1.00, 15, 'Согласован'),
(404, '2022-06-01', '2022-06-01', '2022-07-01', 'CUB0000333564', 508744.00, 1.00, 44, 'Согласован'),
(405, '2022-06-01', '2022-06-01', '2022-07-01', 'CUB0000333565', 2698294.00, 1.00, 16, 'Согласован'),
(406, '2022-06-01', '2022-06-01', '2022-07-01', 'CUB0000333566', 820281.00, 1.00, 17, 'Согласован'),
(407, '2022-06-01', '2022-06-01', '2022-07-01', 'CUB0000333567', 222089.70, 1.00, 13, 'Согласован'),
(408, '2022-06-01', '2022-06-01', '2022-07-01', 'CUB0000333568', 730558.30, 1.00, 14, 'Согласован'),
(409, '2022-06-01', '2022-06-01', '2022-07-01', 'CUB0000333679', 70254.00, 1.20, 10, 'Согласован'),
(410, '2022-06-01', '2022-06-01', '2022-07-01', 'CUB0000333680', 150000.00, 1.20, 11, 'Согласован'),
(411, '2022-06-01', '2022-06-01', '2022-07-01', 'CUB0000333681', 10000.00, 1.20, 45, 'Согласован'),
(412, '2022-06-01', '2022-06-01', '2022-07-01', 'CUB0000333682', 130000.00, 1.20, 5, 'Согласован'),
(413, '2022-06-01', '2022-06-01', '2022-07-01', 'CUB0000333684', 25000.00, 1.20, 25, 'Согласован'),
(414, '2022-06-01', '2022-06-01', '2022-07-01', 'CUB0000333892', 12000.00, 1.20, 18, 'Согласован'),
(415, '2022-06-01', '2022-06-01', '2022-07-01', 'CUB0000333893', 26000.00, 1.20, 18, 'Согласован'),
(416, '2022-06-01', '2022-06-01', '2022-07-01', 'CUB0000333894', 25000.00, 1.20, 9, 'Согласован'),
(417, '2022-06-01', '2022-06-01', '2022-07-01', 'CUB0000333895', 50000.00, 1.20, 23, 'Согласован'),
(418, '2022-06-01', '2022-06-01', '2022-07-01', 'CUB0000334011', 50000.00, 1.20, 9, 'Согласован'),
(419, '2022-06-01', '2022-06-01', '2022-06-01', 'CUB0000340336', 100000.00, 1.20, 31, 'На согласовании'),
(421, '2022-07-01', '2022-07-01', '2022-08-01', 'CUB0000307168', 83160.00, 1.20, 5, 'Согласован'),
(422, '2022-07-01', '2022-07-01', '2022-10-01', 'CUB0000327680', 210.00, 1.00, 41, 'Согласован'),
(423, '2022-07-01', '2022-07-01', '2022-07-01', 'CUB0000328056', 1942342.00, 1.00, 27, 'Согласован'),
(424, '2022-07-01', '2022-07-01', '2022-07-01', 'CUB0000328058', 25698758.00, 1.00, 24, 'Согласован'),
(425, '2022-07-01', '2022-07-01', '2022-08-01', 'CUB0000333412', 360000.00, 1.20, 31, 'Согласован'),
(426, '2022-07-01', '2022-07-01', '2022-08-01', 'CUB0000333427', 720000.00, 1.20, 31, 'Согласован'),
(427, '2022-07-01', '2022-07-01', '2022-10-01', 'CUB0000355753', 66000.00, 1.00, 11, 'Согласован'),
(428, '2022-07-01', '2022-07-01', '2022-07-01', 'CUB0000355933', 3500.00, 1.00, 12, 'Согласован'),
(429, '2022-07-01', '2022-07-01', '2022-07-01', 'CUB0000355934', 3500.00, 1.00, 12, 'Согласован'),
(430, '2022-07-01', '2022-07-01', '2022-07-01', 'CUB0000355935', 3500.00, 1.00, 12, 'Согласован'),
(431, '2022-07-01', '2022-07-01', '2022-07-01', 'CUB0000355944', 370000.00, 1.00, 43, 'Согласован'),
(432, '2022-07-01', '2022-07-01', '2022-07-01', 'CUB0000355945', 370000.00, 1.00, 43, 'Согласован'),
(433, '2022-07-01', '2022-07-01', '2022-07-01', 'CUB0000355946', 370000.00, 1.00, 43, 'Согласован'),
(434, '2022-07-01', '2022-07-01', '2022-08-01', 'CUB0000356250', 226406.00, 1.20, 22, 'Согласован'),
(435, '2022-07-01', '2022-07-01', '2022-08-01', 'CUB0000356251', 3000.00, 1.20, 40, 'Согласован'),
(436, '2022-07-01', '2022-07-01', '2022-08-01', 'CUB0000356253', 50000.00, 1.20, 25, 'Согласован'),
(437, '2022-07-01', '2022-07-01', '2022-08-01', 'CUB0000356254', 743200.00, 1.20, 30, 'Согласован'),
(438, '2022-07-01', '2022-07-01', '2022-08-01', 'CUB0000356255', 220000.00, 1.20, 25, 'Согласован'),
(439, '2022-07-01', '2022-07-01', '2022-08-01', 'CUB0000356257', 44000.00, 1.00, 42, 'Согласован'),
(440, '2022-07-01', '2022-07-01', '2022-08-01', 'CUB0000356258', 5000.00, 1.20, 38, 'Согласован'),
(441, '2022-07-01', '2022-07-01', '2022-08-01', 'CUB0000356259', 9712.50, 1.20, 4, 'Согласован'),
(442, '2022-07-01', '2022-07-01', '2022-08-01', 'CUB0000356260', 14518.40, 1.20, 4, 'Согласован'),
(443, '2022-07-01', '2022-07-01', '2022-08-01', 'CUB0000356261', 242000.00, 1.20, 21, 'Согласован'),
(444, '2022-07-01', '2022-07-01', '2022-08-01', 'CUB0000356262', 102000.00, 1.20, 22, 'Согласован'),
(445, '2022-07-01', '2022-07-01', '2022-08-01', 'CUB0000356263', 3422.57, 1.20, 26, 'Согласован'),
(446, '2022-07-01', '2022-07-01', '2022-08-01', 'CUB0000356264', 5940.00, 1.00, 6, 'Согласован'),
(447, '2022-07-01', '2022-07-01', '2022-08-01', 'CUB0000356265', 240000.00, 1.00, 3, 'Согласован'),
(448, '2022-07-01', '2022-07-01', '2022-08-01', 'CUB0000356266', 91194.00, 1.20, 8, 'Согласован'),
(449, '2022-07-01', '2022-07-01', '2022-08-01', 'CUB0000356267', 218544.70, 1.20, 25, 'Согласован'),
(450, '2022-07-01', '2022-07-01', '2022-08-01', 'CUB0000356268', 30000.00, 1.20, 9, 'Согласован'),
(451, '2022-07-01', '2022-07-01', '2022-08-01', 'CUB0000356269', 160000.00, 1.20, 25, 'Согласован'),
(452, '2022-07-01', '2022-07-01', '2022-08-01', 'CUB0000356270', 30000.00, 1.20, 25, 'Согласован'),
(453, '2022-07-01', '2022-07-01', '2022-08-01', 'CUB0000356271', 36000.00, 1.00, 29, 'Согласован'),
(454, '2022-07-01', '2022-07-01', '2022-08-01', 'CUB0000356272', 60000.00, 1.20, 9, 'Согласован'),
(455, '2022-07-01', '2022-07-01', '2022-08-01', 'CUB0000356273', 125000.00, 1.20, 33, 'Согласован'),
(456, '2022-07-01', '2022-07-01', '2022-08-01', 'CUB0000356274', 185750.00, 1.20, 25, 'Согласован'),
(457, '2022-07-01', '2022-07-01', '2022-08-01', 'CUB0000356275', 160000.00, 1.20, 9, 'Согласован'),
(458, '2022-07-01', '2022-07-01', '2022-07-01', 'CUB0000356277', 24150.00, 1.00, 20, 'Согласован'),
(459, '2022-07-01', '2022-07-01', '2022-08-01', 'CUB0000356279', 50000.00, 1.20, 2, 'Согласован'),
(460, '2022-07-01', '2022-07-01', '2022-08-01', 'CUB0000356281', 50000.00, 1.00, 39, 'Согласован'),
(461, '2022-07-01', '2022-07-01', '2022-07-01', 'CUB0000356316', 40000.00, 1.20, 37, 'Согласован'),
(462, '2022-07-01', '2022-07-01', '2022-07-01', 'CUB0000356318', 20000.00, 1.20, 25, 'Согласован'),
(463, '2022-07-01', '2022-07-01', '2022-08-01', 'CUB0000356319', 120000.00, 1.20, 9, 'Согласован'),
(464, '2022-07-01', '2022-07-01', '2022-08-01', 'CUB0000356322', 150000.00, 1.20, 11, 'Согласован'),
(465, '2022-07-01', '2022-07-01', '2022-08-01', 'CUB0000356323', 150000.00, 1.00, 5, 'Согласован'),
(466, '2022-07-01', '2022-07-01', '2022-08-01', 'CUB0000356324', 20000.00, 1.00, 25, 'Согласован'),
(467, '2022-07-01', '2022-07-01', '2022-08-01', 'CUB0000356326', 51000.00, 1.00, 19, 'Согласован'),
(468, '2022-07-01', '2022-07-01', '2022-08-01', 'CUB0000356345', 21500.00, 1.20, 1, 'Согласован'),
(469, '2022-07-01', '2022-07-01', '2022-08-01', 'CUB0000356346', 41455.30, 1.20, 1, 'Согласован'),
(470, '2022-07-01', '2022-07-01', '2022-08-01', 'CUB0000356347', 4200.00, 1.20, 28, 'Согласован'),
(471, '2022-07-01', '2022-07-01', '2022-08-01', 'CUB0000356348', 2700.00, 1.20, 28, 'Согласован'),
(472, '2022-07-01', '2022-07-01', '2022-08-01', 'CUB0000356349', 9600.00, 1.20, 28, 'Согласован'),
(473, '2022-07-01', '2022-07-01', '2022-08-01', 'CUB0000356350', 8000.00, 1.20, 28, 'Согласован'),
(474, '2022-07-01', '2022-07-01', '2022-08-01', 'CUB0000356351', 1673500.00, 1.00, 15, 'Согласован'),
(475, '2022-07-01', '2022-07-01', '2022-08-01', 'CUB0000356351', 508744.00, 1.00, 44, 'Согласован'),
(476, '2022-07-01', '2022-07-01', '2022-08-01', 'CUB0000356352', 2698294.00, 1.00, 16, 'Согласован'),
(477, '2022-07-01', '2022-07-01', '2022-08-01', 'CUB0000356353', 820281.00, 1.00, 17, 'Согласован'),
(478, '2022-07-01', '2022-07-01', '2022-08-01', 'CUB0000356354', 219871.10, 1.00, 13, 'Согласован'),
(479, '2022-07-01', '2022-07-01', '2022-08-01', 'CUB0000356355', 723260.21, 1.00, 14, 'Согласован'),
(480, '2022-07-01', '2022-07-01', '2022-08-01', 'CUB0000356499', 100000.00, 1.20, 23, 'Согласован'),
(481, '2022-07-01', '2022-07-01', '2022-08-01', 'CUB0000356501', 25000.00, 1.20, 18, 'Согласован'),
(482, '2022-07-01', '2022-07-01', '2022-08-01', 'CUB0000356502', 12000.00, 1.20, 18, 'Согласован'),
(483, '2022-07-01', '2022-07-01', '2022-08-01', 'CUB0000356529', 6600.00, 1.00, 25, 'Согласован'),
(484, '2022-06-01', '2022-06-01', '2022-06-01', 'CUB0000356244', 100000.00, 1.20, 31, 'Согласован'),
(485, '2022-09-01', '2022-06-01', '2022-07-01', 'CUB0000333429', 290000.00, 1.20, 47, 'Согласован'),
(486, '2022-08-01', '2022-08-01', '2022-09-01', 'CUB0000333417', 168000.00, 1.20, 31, 'Согласован'),
(487, '2022-08-01', '2022-08-01', '2022-09-01', 'CUB0000333418', 480000.00, 1.20, 31, 'Согласован'),
(488, '2022-08-01', '2022-08-01', '2022-09-01', 'CUB0000359104', 21500.00, 1.20, 1, 'Согласован'),
(489, '2022-08-01', '2022-08-01', '2022-09-01', 'CUB0000359105', 180000.00, 1.20, 1, 'Согласован'),
(490, '2022-08-01', '2022-08-01', '2022-09-01', 'CUB0000359054', 70000.00, 1.20, 2, 'Согласован'),
(491, '2022-08-01', '2022-08-01', '2022-09-01', 'CUB0000359094', 240000.00, 1.00, 3, 'Согласован'),
(492, '2022-08-01', '2022-08-01', '2022-09-01', 'CUB0000359088', 9712.50, 1.20, 4, 'Согласован'),
(493, '2022-08-01', '2022-08-01', '2022-09-01', 'CUB0000359089', 14518.40, 1.20, 4, 'Согласован'),
(495, '2022-08-01', '2022-08-01', '2022-09-01', 'CUB0000307170', 83160.00, 1.20, 5, 'Согласован'),
(496, '2022-08-01', '2023-07-01', '2023-07-01', 'CUB0000359315', 42756.00, 1.00, 5, 'Согласован'),
(497, '2022-08-01', '2022-08-01', '2022-09-01', 'CUB0000359133', 130000.00, 1.00, 5, 'Согласован'),
(498, '2022-08-01', '2022-08-01', '2022-09-01', 'CUB0000359093', 5940.00, 1.00, 6, 'Согласован'),
(499, '2022-08-01', '2022-08-01', '2022-09-01', 'CUB0000359095', 80000.00, 1.20, 8, 'Согласован'),
(500, '2022-08-01', '2022-08-01', '2022-09-01', 'CUB0000359096', 62000.00, 1.20, 8, 'Согласован'),
(501, '2022-08-01', '2022-08-01', '2022-09-01', 'CUB0000359100', 180000.00, 1.20, 25, 'Согласован'),
(502, '2022-08-01', '2022-08-01', '2022-09-01', 'CUB0000359108', 120000.00, 1.20, 25, 'Согласован'),
(503, '2022-08-01', '2022-08-01', '2022-08-01', 'CUB0000359114', 73800.00, 1.20, 9, 'Согласован'),
(504, '2022-08-01', '2022-08-01', '2022-09-01', 'CUB0000359134', 6000.00, 1.20, 9, 'Согласован'),
(505, '2022-08-01', '2022-08-01', '2022-09-01', 'CUB0000359056', 30000.00, 1.00, 39, 'Согласован'),
(506, '2022-08-01', '2022-08-01', '2022-08-01', 'CUB0000359894', 6000.00, 1.00, 48, 'Согласован'),
(507, '2022-08-01', '2022-08-01', '2022-09-01', 'CUB0000359136', 14000.00, 1.00, 10, 'Согласован'),
(508, '2022-08-01', '2022-08-01', '2022-09-01', 'CUB0000359131', 105000.00, 1.00, 11, 'Согласован'),
(509, '2022-08-01', '2022-08-01', '2022-10-01', 'CUB0000327683', 1000.00, 1.00, 12, 'Согласован'),
(510, '2022-08-01', '2022-08-01', '2022-09-01', 'CUB0000359120', 224563.00, 1.00, 13, 'Согласован'),
(511, '2022-08-01', '2022-08-01', '2022-09-01', 'CUB0000359121', 738695.00, 1.00, 14, 'Согласован'),
(512, '2022-08-01', '2022-08-01', '2022-09-01', 'CUB0000359115', 1673500.00, 1.00, 15, 'Согласован'),
(513, '2022-08-01', '2022-08-01', '2022-09-01', 'CUB0000359117', 2698294.00, 1.00, 16, 'Согласован'),
(514, '2022-08-01', '2022-08-01', '2022-09-01', 'CUB0000359115', 508744.00, 1.00, 44, 'Согласован'),
(515, '2022-08-01', '2022-08-01', '2022-09-01', 'CUB0000359119', 820281.00, 1.00, 17, 'Согласован'),
(516, '2022-08-01', '2022-08-01', '2022-09-01', 'CUB0000359129', 8600.00, 1.20, 18, 'Согласован'),
(517, '2022-08-01', '2022-08-01', '2022-09-01', 'CUB0000359130', 10000.00, 1.20, 18, 'Согласован'),
(518, '2022-08-01', '2022-08-01', '2022-09-01', 'CUB0000359142', 150000.00, 1.00, 19, 'Согласован'),
(519, '2022-08-01', '2022-08-01', '2022-08-01', 'CUB0000359109', 100000.00, 1.20, 37, 'Согласован'),
(520, '2022-08-01', '2022-08-01', '2022-09-01', 'CUB0000359101', 30000.00, 1.20, 33, 'Согласован'),
(521, '2022-08-01', '2022-08-01', '2022-08-01', 'CUB0000359055', 66750.00, 1.00, 20, 'Согласован'),
(522, '2022-08-01', '2022-08-01', '2022-09-01', 'CUB0000359090', 262000.00, 1.20, 21, 'Согласован'),
(523, '2022-08-01', '2022-08-01', '2022-09-01', 'CUB0000359141', 10000.00, 1.20, 45, 'Согласован'),
(524, '2022-08-01', '2022-08-01', '2022-09-01', 'CUB0000359080', 57000.00, 1.00, 42, 'Согласован'),
(525, '2022-08-01', '2022-08-01', '2022-09-01', 'CUB0000359087', 5000.00, 1.20, 22, 'Согласован'),
(526, '2022-08-01', '2022-08-01', '2022-09-01', 'CUB0000359091', 7000.00, 1.20, 22, 'Согласован'),
(527, '2022-08-01', '2022-08-01', '2022-09-01', 'CUB0000359073', 140000.00, 1.20, 22, 'Согласован'),
(528, '2022-08-01', '2022-08-01', '2022-09-01', 'CUB0000359284', 3000.00, 1.20, 40, 'Согласован'),
(529, '2022-08-01', '2022-08-01', '2022-09-01', 'CUB0000359103', 142000.00, 1.20, 40, 'Согласован'),
(530, '2022-08-01', '2022-08-01', '2022-09-01', 'CUB0000359132', 50000.00, 1.20, 23, 'Согласован'),
(531, '2022-08-01', '2022-08-01', '2022-09-01', 'CUB0000359138', 65000.00, 1.00, 23, 'Согласован'),
(532, '2022-08-01', '2022-08-01', '2022-08-01', 'CUB0000359116', 184300.00, 1.20, 22, 'Согласован'),
(533, '2022-08-01', '2022-08-01', '2022-08-01', 'CUB0000359112', 20000.00, 1.20, 23, 'Согласован');
INSERT INTO `budget` (`id`, `scenario`, `month_exp`, `month_pay`, `number`, `summa`, `vat`, `budget_item_id`, `status`) VALUES
(534, '2022-08-01', '2022-08-01', '2022-08-01', 'CUB0000328063', 25158462.00, 1.00, 24, 'Согласован'),
(535, '2022-08-01', '2022-08-01', '2022-09-01', 'CUB0000359074', 50000.00, 1.20, 25, 'Согласован'),
(536, '2022-08-01', '2022-08-01', '2022-09-01', 'CUB0000359077', 6600.00, 1.00, 25, 'Согласован'),
(537, '2022-08-01', '2022-08-01', '2022-09-01', 'CUB0000359078', 180000.00, 1.20, 25, 'Согласован'),
(538, '2022-08-01', '2022-08-01', '2022-09-01', 'CUB0000359092', 3422.50, 1.20, 26, 'Согласован'),
(539, '2022-08-01', '2022-08-01', '2022-08-01', 'CUB0000328061', 1942988.00, 1.00, 27, 'Согласован'),
(540, '2022-08-01', '2022-08-01', '2022-09-01', 'CUB0000359106', 4200.00, 1.20, 28, 'Согласован'),
(541, '2022-08-01', '2022-08-01', '2022-09-01', 'CUB0000359107', 2700.00, 1.20, 28, 'Согласован'),
(542, '2022-08-01', '2022-08-01', '2022-09-01', 'CUB0000359110', 9600.00, 1.20, 28, 'Согласован'),
(543, '2022-08-01', '2022-08-01', '2022-09-01', 'CUB0000359111', 8000.00, 1.20, 28, 'Согласован'),
(544, '2022-08-01', '2022-08-01', '2022-08-01', 'CUB0000327599', 9942.30, 1.00, 38, 'Согласован'),
(545, '2022-08-01', '2022-08-01', '2022-09-01', 'CUB0000359102', 40000.00, 1.00, 29, 'Согласован'),
(546, '2022-08-01', '2022-08-01', '2022-08-01', 'CUB0000359118', 118450.00, 1.20, 29, 'Согласован'),
(547, '2022-08-01', '2022-08-01', '2022-09-01', 'CUB0000359075', 743200.00, 1.20, 30, 'Согласован'),
(548, '2022-07-01', '2022-07-01', '2022-07-01', 'CUB0000354938', 480000.00, 1.20, 31, 'Согласован'),
(549, '2021-01-01', '2020-10-01', '2021-01-01', 'CUB0000255277', 3500.00, 1.00, 12, 'Согласован'),
(550, '2021-01-01', '2020-11-01', '2021-01-01', 'CUB0000255278', 3500.00, 1.00, 12, 'Согласован'),
(551, '2021-01-01', '2020-12-01', '2021-01-01', 'CUB0000255279', 3500.00, 1.00, 12, 'Согласован'),
(552, '2021-01-01', '2020-12-01', '2021-01-01', 'CUB0000258322', 15600.00, 1.00, 5, 'Согласован'),
(553, '2021-01-01', '2021-01-01', '2021-02-01', 'CUB0000258398', 100000.00, 1.20, 2, 'Согласован'),
(554, '2021-01-01', '2021-01-01', '2021-03-01', 'CUB0000258399', 200000.00, 1.20, 2, 'Согласован'),
(555, '2021-01-01', '2021-01-01', '2021-01-01', 'CUB0000258400', 53400.00, 1.00, 20, 'Согласован'),
(556, '2021-01-01', '2021-01-01', '2021-02-01', 'CUB0000256165', 31200.00, 1.00, 5, 'Согласован'),
(557, '2021-01-01', '2021-01-01', '2021-02-01', 'CUB0000256165', 17945.40, 1.20, 5, 'Согласован'),
(558, '2021-01-01', '2021-01-01', '2021-01-01', 'CUB0000258259', 112262.40, 1.20, 7, 'Согласован'),
(559, '2021-01-01', '2021-01-01', '2021-01-01', 'CUB0000258402', 191500.00, 1.20, 1, 'Согласован'),
(560, '2021-01-01', '2021-01-01', '2021-02-01', 'CUB0000258403', 211000.00, 1.00, 3, 'Согласован'),
(561, '2021-01-01', '2021-01-01', '2021-06-01', 'CUB0000258406', 6000.00, 1.00, 40, 'Согласован'),
(562, '2021-01-01', '2021-01-01', '2021-02-01', 'CUB0000258407', 54600.00, 1.20, 8, 'Согласован'),
(563, '2021-01-01', '2021-01-01', '2021-01-01', 'CUB0000258408', 28000.00, 1.20, 8, 'Согласован'),
(564, '2021-01-01', '2021-01-01', '2021-01-01', 'CUB0000258409', 7299.99, 1.20, 8, 'Согласован'),
(565, '2021-01-01', '2021-01-01', '2021-01-01', 'CUB0000258410', 18900.00, 1.20, 8, 'Согласован'),
(566, '2021-01-01', '2021-01-01', '2021-03-01', 'CUB0000258415', 10000.00, 1.20, 9, 'Согласован'),
(567, '2021-01-01', '2021-01-01', '2021-03-01', 'CUB0000258416', 70000.00, 1.20, 9, 'Согласован'),
(568, '2021-01-01', '2021-01-01', '2021-01-01', 'CUB0000258417', 13090.00, 1.00, 10, 'Согласован'),
(569, '2021-01-01', '2021-01-01', '2021-01-01', 'CUB0000258418', 36500.00, 1.20, 11, 'Согласован'),
(570, '2021-01-01', '2021-01-01', '2021-01-01', 'CUB0000258420', 181322.96, 1.00, 13, 'Согласован'),
(571, '2021-01-01', '2021-01-01', '2021-01-01', 'CUB0000258421', 596457.12, 1.00, 14, 'Согласован'),
(572, '2021-01-01', '2021-01-01', '2021-01-01', 'CUB0000258422', 1493298.52, 1.00, 15, 'Согласован'),
(573, '2021-01-01', '2021-01-01', '2021-01-01', 'CUB0000258423', 2736536.90, 1.00, 16, 'Согласован'),
(574, '2021-01-01', '2021-01-01', '2021-01-01', 'CUB0000258424', 831907.22, 1.00, 17, 'Согласован'),
(575, '2021-01-01', '2021-01-01', '2021-01-01', 'CUB0000258425', 215775.00, 1.20, 21, 'Согласован'),
(576, '2021-01-01', '2021-01-01', '2021-01-01', 'CUB0000258427', 5000.00, 1.20, 22, 'Согласован'),
(577, '2021-01-01', '2021-01-01', '2021-01-01', 'CUB0000258428', 7000.00, 1.20, 22, 'Согласован'),
(578, '2021-01-01', '2021-01-01', '2021-03-01', 'CUB0000258429', 100000.00, 1.00, 22, 'Согласован'),
(579, '2021-01-01', '2021-01-01', '2021-02-01', 'CUB0000258430', 81000.00, 1.20, 23, 'Согласован'),
(580, '2021-01-01', '2021-01-01', '2021-01-01', 'CUB0000258432', 2121391.94, 1.20, 24, 'Согласован'),
(581, '2021-01-01', '2021-01-01', '2021-01-01', 'CUB0000258433', 17501483.49, 1.10, 24, 'Согласован'),
(582, '2021-01-01', '2021-01-01', '2021-01-01', 'CUB0000258435', 61500.00, 1.20, 25, 'Согласован'),
(583, '2021-01-01', '2021-01-01', '2021-03-01', 'CUB0000258436', 6200.00, 1.00, 25, 'Согласован'),
(584, '2021-01-01', '2021-01-01', '2021-01-01', 'CUB0000258437', 15000.00, 1.20, 25, 'Согласован'),
(585, '2021-01-01', '2021-01-01', '2021-01-01', 'CUB0000258438', 170000.00, 1.20, 25, 'Согласован'),
(586, '2021-01-01', '2021-01-01', '2021-01-01', 'CUB0000258439', 120000.00, 1.20, 25, 'Согласован'),
(587, '2021-01-01', '2021-01-01', '2021-01-01', 'CUB0000258440', 112704.00, 1.20, 26, 'Согласован'),
(588, '2021-01-01', '2021-01-01', '2021-01-01', 'CUB0000258441', 1329288.00, 1.20, 27, 'Согласован'),
(589, '2021-01-01', '2021-01-01', '2021-01-01', 'CUB0000258442', 9600.00, 1.20, 28, 'Согласован'),
(590, '2021-01-01', '2021-01-01', '2021-01-01', 'CUB0000258443', 3000.00, 1.20, 28, 'Согласован'),
(591, '2021-01-01', '2021-01-01', '2021-01-01', 'CUB0000258444', 4500.00, 1.20, 28, 'Согласован'),
(592, '2021-01-01', '2021-01-01', '2021-02-01', 'CUB0000258445', 40000.00, 1.20, 29, 'Согласован'),
(593, '2021-01-01', '2021-01-01', '2021-01-01', 'CUB0000258446', 618500.00, 1.20, 30, 'Согласован'),
(594, '2021-01-01', '2021-01-01', '2021-04-01', 'CUB0000258450', 10000.00, 1.20, 18, 'Согласован'),
(595, '2021-01-01', '2021-01-01', '2021-04-01', 'CUB0000258451', 12000.00, 1.20, 18, 'Согласован'),
(596, '2021-01-01', '2021-01-01', '2021-02-01', 'CUB0000258413', 60000.00, 1.20, 8, 'Согласован'),
(597, '2021-01-01', '2021-02-01', '2021-02-01', 'CUB0000258434', 20000.00, 1.20, 25, 'Согласован'),
(598, '2021-01-01', '2021-03-01', '2021-04-01', 'CUB0000258426', 32000.00, 1.00, 22, 'Согласован'),
(599, '2021-01-01', '2021-03-01', '2021-03-01', 'CUB0000258419', 150000.00, 1.20, 11, 'Согласован'),
(600, '2021-01-01', '2021-03-01', '2021-04-01', 'CUB0000258411', 32400.00, 1.20, 25, 'Согласован'),
(601, '2021-01-01', '2021-03-01', '2021-04-01', 'CUB0000258412', 40000.00, 1.20, 25, 'Согласован'),
(602, '2021-01-01', '2021-03-01', '2021-04-01', 'CUB0000258401', 26000.00, 1.20, 25, 'Согласован'),
(603, '2021-01-01', '2021-03-01', '2021-04-01', 'CUB0000258414', 40000.00, 1.20, 25, 'Согласован'),
(604, '2021-02-01', '2021-02-01', '2021-02-01', 'CUB0000002531', 111807.73, 1.20, 7, 'Согласован'),
(605, '2021-02-01', '2021-02-01', '2021-03-01', 'CUB0000002613', 31200.00, 1.00, 5, 'Согласован'),
(606, '2021-02-01', '2021-02-01', '2021-03-01', 'CUB0000002613', 17945.40, 1.20, 5, 'Согласован'),
(607, '2021-02-01', '2021-02-01', '2021-02-01', 'CUB0000002954', 33650.00, 1.00, 20, 'Согласован'),
(608, '2021-02-01', '2021-02-01', '2021-04-01', 'CUB0000002956', 220000.00, 1.20, 2, 'Согласован'),
(609, '2021-02-01', '2021-02-01', '2021-03-01', 'CUB0000002959', 100000.00, 1.20, 2, 'Согласован'),
(610, '2021-02-01', '2021-02-01', '2021-03-01', 'CUB0000002961', 26000.00, 1.20, 25, 'Согласован'),
(611, '2021-02-01', '2021-02-01', '2021-03-01', 'CUB0000002971', 50000.00, 1.20, 25, 'Согласован'),
(612, '2021-02-01', '2021-02-01', '2021-03-01', 'CUB0000002982', 4200.00, 1.20, 28, 'Согласован'),
(613, '2021-02-01', '2021-02-01', '2021-03-01', 'CUB0000002983', 2700.00, 1.20, 28, 'Согласован'),
(614, '2021-02-01', '2021-02-01', '2021-02-01', 'CUB0000002987', 9600.00, 1.20, 28, 'Согласован'),
(615, '2021-02-01', '2021-02-01', '2021-03-01', 'CUB0000002989', 150000.00, 1.20, 1, 'Согласован'),
(616, '2021-02-01', '2021-02-01', '2021-03-01', 'CUB0000002990', 21500.00, 1.20, 1, 'Согласован'),
(617, '2021-02-01', '2021-02-01', '2021-02-01', 'CUB0000003006', 674.00, 1.20, 30, 'Согласован'),
(618, '2021-02-01', '2021-02-01', '2021-03-01', 'CUB0000003008', 211000.00, 1.00, 3, 'Согласован'),
(619, '2021-02-01', '2021-02-01', '2021-04-01', 'CUB0000003009', 6200.00, 1.00, 25, 'Согласован'),
(620, '2021-02-01', '2021-02-01', '2021-03-01', 'CUB0000003010', 264000.00, 1.20, 25, 'Согласован'),
(621, '2021-02-01', '2021-02-01', '2021-03-01', 'CUB0000003018', 150000.00, 1.20, 11, 'Согласован'),
(622, '2021-02-01', '2021-02-01', '2021-02-01', 'CUB0000003019', 36500.00, 1.20, 11, 'Согласован'),
(623, '2021-02-01', '2021-02-01', '2021-02-01', 'CUB0000003020', 13090.00, 1.00, 10, 'Согласован'),
(624, '2021-02-01', '2021-02-01', '2021-02-01', 'CUB0000003021', 20000.00, 1.20, 25, 'Согласован'),
(625, '2021-02-01', '2021-02-01', '2021-02-01', 'CUB0000003022', 34050.00, 1.20, 31, 'Согласован'),
(626, '2021-02-01', '2021-02-01', '2021-03-01', 'CUB0000003023', 189700.00, 1.20, 23, 'Согласован'),
(627, '2021-02-01', '2021-02-01', '2021-03-01', 'CUB0000003024', 37940.00, 1.20, 29, 'Согласован'),
(628, '2021-02-01', '2021-02-01', '2021-03-01', 'CUB0000003025', 32000.00, 1.00, 22, 'Согласован'),
(629, '2021-02-01', '2021-02-01', '2021-02-01', 'CUB0000003026', 5000.00, 1.20, 22, 'Согласован'),
(630, '2021-02-01', '2021-02-01', '2021-02-01', 'CUB0000003027', 9516.00, 1.20, 4, 'Согласован'),
(631, '2021-02-01', '2021-02-01', '2021-02-01', 'CUB0000003028', 14214.00, 1.20, 4, 'Согласован'),
(632, '2021-02-01', '2021-02-01', '2021-02-01', 'CUB0000003029', 193575.00, 1.20, 21, 'Согласован'),
(633, '2021-02-01', '2021-02-01', '2021-02-01', 'CUB0000003030', 2115441.00, 1.20, 24, 'Согласован'),
(634, '2021-02-01', '2021-02-01', '2021-02-01', 'CUB0000003034', 17452389.00, 1.10, 24, 'Согласован'),
(635, '2021-02-01', '2021-02-01', '2021-02-01', 'CUB0000003037', 1428794.10, 1.00, 15, 'Согласован'),
(636, '2021-02-01', '2021-02-01', '2021-02-01', 'CUB0000003038', 2557343.60, 1.00, 16, 'Согласован'),
(637, '2021-02-01', '2021-02-01', '2021-02-01', 'CUB0000003039', 777432.45, 1.00, 17, 'Согласован'),
(638, '2021-02-01', '2021-02-01', '2021-02-01', 'CUB0000003041', 615073.86, 1.00, 13, 'Согласован'),
(639, '2021-02-01', '2021-02-01', '2021-02-01', 'CUB0000003042', 1325828.00, 1.20, 27, 'Согласован'),
(640, '2021-02-01', '2021-02-01', '2021-02-01', 'CUB0000003043', 594475.20, 1.00, 14, 'Согласован'),
(641, '2021-02-01', '2021-02-01', '2021-02-01', 'CUB0000003045', 7000.00, 1.20, 22, 'Согласован'),
(642, '2021-02-01', '2021-02-01', '2021-03-01', 'CUB0000003046', 39600.00, 1.20, 25, 'Согласован'),
(643, '2021-02-01', '2021-02-01', '2021-02-01', 'CUB0000003047', 1500.00, 1.20, 25, 'Согласован'),
(644, '2021-02-01', '2021-02-01', '2021-02-01', 'CUB0000003052', 120000.00, 1.20, 25, 'Согласован'),
(645, '2021-02-01', '2021-02-01', '2021-03-01', 'CUB0000003053', 65000.00, 1.20, 9, 'Согласован'),
(646, '2021-02-01', '2021-02-01', '2021-04-01', 'CUB0000003055', 40000.00, 1.20, 8, 'Согласован'),
(647, '2021-02-01', '2021-02-01', '2021-02-01', 'CUB0000003056', 200000.00, 1.20, 22, 'Согласован'),
(648, '2021-02-01', '2021-02-01', '2021-03-01', 'CUB0000003057', 25000.00, 1.20, 25, 'Согласован'),
(649, '2021-02-01', '2021-02-01', '2021-03-01', 'CUB0000003058', 230000.00, 1.20, 22, 'Согласован'),
(650, '2021-02-01', '2021-02-01', '2021-02-01', 'CUB0000003059', 120000.00, 1.20, 25, 'Согласован'),
(651, '2021-02-01', '2021-02-01', '2021-03-01', 'CUB0000003060', 116000.00, 1.20, 8, 'Согласован'),
(652, '2021-02-01', '2021-02-01', '2021-02-01', 'CUB0000003061', 15000.00, 1.20, 9, 'Согласован'),
(653, '2021-02-01', '2021-03-01', '2021-04-01', 'CUB0000003062', 260000.00, 1.20, 31, 'Согласован'),
(654, '2021-02-01', '2021-02-01', '2021-03-01', 'CUB0000003103', 10000.00, 1.20, 18, 'Согласован'),
(655, '2021-02-01', '2021-02-01', '2021-03-01', 'CUB0000003104', 12000.00, 1.20, 18, 'Согласован'),
(656, '2021-02-01', '2021-02-01', '2021-02-01', 'CUB0000003135', 6400.00, 1.20, 33, 'Согласован'),
(657, '2021-02-01', '2021-04-01', '2021-05-01', 'CUB0000003136', 25000.00, 1.20, 39, 'Согласован'),
(658, '2021-03-01', '2021-03-01', '2021-03-01', 'CUB0000004356', 1435567.00, 1.20, 27, 'Согласован'),
(659, '2021-03-01', '2021-03-01', '2021-03-01', 'CUB0000004695', 57850.00, 1.00, 20, 'Согласован'),
(660, '2021-03-01', '2021-03-01', '2021-04-01', 'CUB0000004696', 50000.00, 1.20, 2, 'Согласован'),
(661, '2021-03-01', '2021-03-01', '2021-05-01', 'CUB0000004698', 250000.00, 1.20, 2, 'Согласован'),
(662, '2021-03-01', '2021-03-01', '2021-04-01', 'CUB0000004700', 26000.00, 1.20, 8, 'Согласован'),
(663, '2021-03-01', '2021-03-01', '2021-04-01', 'CUB0000004720', 21500.00, 1.20, 1, 'Согласован'),
(664, '2021-03-01', '2021-03-01', '2021-04-01', 'CUB0000004722', 360000.00, 1.20, 1, 'Согласован'),
(665, '2021-03-01', '2021-03-01', '2021-04-01', 'CUB0000004723', 4200.00, 1.20, 28, 'Согласован'),
(666, '2021-03-01', '2021-03-01', '2021-04-01', 'CUB0000004724', 2700.00, 1.20, 28, 'Согласован'),
(667, '2021-03-01', '2021-03-01', '2021-03-01', 'CUB0000004726', 9600.00, 1.20, 28, 'Согласован'),
(668, '2021-03-01', '2021-03-01', '2021-04-01', 'CUB0000004727', 8000.00, 1.20, 28, 'Согласован'),
(669, '2021-03-01', '2021-03-01', '2021-03-01', 'CUB0000004847', 733842.00, 1.20, 30, 'Согласован'),
(670, '2021-03-01', '2021-03-01', '2021-03-01', 'CUB0000004848', 161000.00, 1.20, 3, 'Согласован'),
(671, '2021-03-01', '2021-03-01', '2021-05-01', 'CUB0000004849', 6200.00, 1.00, 25, 'Согласован'),
(672, '2021-03-01', '2021-03-01', '2021-03-01', 'CUB0000004880', 160000.00, 1.20, 25, 'Согласован'),
(673, '2021-03-01', '2021-03-01', '2021-05-01', 'CUB0000004881', 32000.00, 1.00, 22, 'Согласован'),
(674, '2021-03-01', '2021-03-01', '2021-03-01', 'CUB0000004882', 5000.00, 1.20, 22, 'Согласован'),
(675, '2021-03-01', '2021-03-01', '2021-04-01', 'CUB0000004884', 150000.00, 1.20, 11, 'Согласован'),
(676, '2021-03-01', '2021-03-01', '2021-03-01', 'CUB0000004885', 8911.00, 1.20, 4, 'Согласован'),
(677, '2021-03-01', '2021-03-01', '2021-03-01', 'CUB0000004886', 36500.00, 1.20, 11, 'Согласован'),
(678, '2021-03-01', '2021-03-01', '2021-03-01', 'CUB0000004887', 13321.00, 1.20, 4, 'Согласован'),
(679, '2021-03-01', '2021-03-01', '2021-03-01', 'CUB0000004888', 215775.00, 1.20, 21, 'Согласован'),
(680, '2021-03-01', '2021-03-01', '2021-03-01', 'CUB0000004889', 21090.00, 1.00, 10, 'Согласован'),
(681, '2021-03-01', '2021-03-01', '2021-03-01', 'CUB0000004890', 20000.00, 1.20, 25, 'Согласован'),
(682, '2021-03-01', '2021-03-01', '2021-03-01', 'CUB0000004892', 19212977.81, 1.10, 24, 'Согласован'),
(683, '2021-03-01', '2021-03-01', '2021-03-01', 'CUB0000004893', 2328845.80, 1.20, 24, 'Согласован'),
(684, '2021-03-01', '2021-03-01', '2021-03-01', 'CUB0000004894', 5940.00, 1.20, 6, 'Согласован'),
(685, '2021-03-01', '2021-03-01', '2021-03-01', 'CUB0000004895', 14000.00, 1.20, 11, 'Согласован'),
(686, '2021-03-01', '2021-03-01', '2021-03-01', 'CUB0000004896', 1432222.99, 1.00, 15, 'Согласован'),
(687, '2021-03-01', '2021-03-01', '2021-04-01', 'CUB0000004898', 90000.00, 1.00, 8, 'Согласован'),
(688, '2021-03-01', '2021-03-01', '2021-03-01', 'CUB0000004900', 2551441.00, 1.00, 16, 'Согласован'),
(689, '2021-03-01', '2021-03-01', '2021-03-01', 'CUB0000004901', 775638.06, 1.00, 17, 'Согласован'),
(690, '2021-03-01', '2021-03-01', '2021-03-01', 'CUB0000004902', 622593.10, 1.00, 13, 'Согласован'),
(691, '2021-03-01', '2021-03-01', '2021-03-01', 'CUB0000004903', 615780.62, 1.00, 14, 'Согласован'),
(692, '2021-03-01', '2021-03-01', '2021-03-01', 'CUB0000004904', 7000.00, 1.20, 22, 'Согласован'),
(693, '2021-03-01', '2021-03-01', '2021-03-01', 'CUB0000004905', 39600.00, 1.20, 23, 'Согласован'),
(694, '2021-03-01', '2021-03-01', '2021-04-01', 'CUB0000004906', 236000.00, 1.20, 23, 'Согласован'),
(695, '2021-03-01', '2021-03-01', '2021-05-01', 'CUB0000004907', 120000.00, 1.20, 25, 'Согласован'),
(696, '2021-03-01', '2021-03-01', '2021-03-01', 'CUB0000004908', 60000.00, 1.20, 8, 'Согласован'),
(697, '2021-03-01', '2021-03-01', '2021-04-01', 'CUB0000004909', 25500.00, 1.20, 29, 'Согласован'),
(698, '2021-03-01', '2021-03-01', '2021-03-01', 'CUB0000004910', 160000.00, 1.20, 22, 'Согласован'),
(699, '2021-03-01', '2021-03-01', '2021-03-01', 'CUB0000004911', 60000.00, 1.20, 9, 'Согласован'),
(700, '2021-03-01', '2021-03-01', '2021-04-01', 'CUB0000004913', 64500.00, 1.20, 8, 'Согласован'),
(701, '2021-03-01', '2021-03-01', '2021-04-01', 'CUB0000004915', 80000.00, 1.20, 8, 'Согласован'),
(702, '2021-03-01', '2021-03-01', '2021-05-01', 'CUB0000004916', 18600.00, 1.20, 25, 'Согласован'),
(703, '2021-03-01', '2021-03-01', '2021-04-01', 'CUB0000004918', 87600.00, 1.20, 9, 'Согласован'),
(704, '2021-03-01', '2021-03-01', '2021-03-01', 'CUB0000004919', 70000.00, 1.20, 22, 'Согласован'),
(705, '2021-03-01', '2021-03-01', '2021-03-01', 'CUB0000004920', 35000.00, 1.20, 25, 'Согласован'),
(706, '2021-03-01', '2021-03-01', '2021-04-01', 'CUB0000004922', 75000.00, 1.20, 25, 'Согласован'),
(707, '2021-03-01', '2021-03-01', '2021-05-01', 'CUB0000004924', 87700.00, 1.20, 25, 'Согласован'),
(708, '2021-03-01', '2021-03-01', '2021-05-01', 'CUB0000004940', 10000.00, 1.20, 22, 'Согласован'),
(709, '2021-03-01', '2021-03-01', '2021-05-01', 'CUB0000004941', 12000.00, 1.20, 22, 'Согласован'),
(710, '2021-03-01', '2021-03-01', '2021-04-01', 'CUB0000004942', 21300.00, 1.20, 8, 'Согласован'),
(711, '2021-03-01', '2021-03-01', '2021-04-01', 'CUB0000005378', 41600.00, 1.00, 5, 'Согласован'),
(712, '2021-03-01', '2021-03-01', '2021-04-01', 'CUB0000005378', 17945.40, 1.20, 5, 'Согласован'),
(713, '2021-03-01', '2021-03-01', '2021-04-01', 'CUB0000005399', 630.00, 1.00, 41, 'Согласован'),
(714, '2021-03-01', '2020-10-01', '2021-03-01', 'CUB0000005980', 400000.00, 1.00, 43, 'Согласован'),
(715, '2021-03-01', '2020-11-01', '2021-03-01', 'CUB0000005981', 400000.00, 1.00, 43, 'Согласован'),
(716, '2021-03-01', '2020-12-01', '2021-03-01', 'CUB0000005982', 400000.00, 1.00, 43, 'Согласован'),
(717, '2021-03-01', '2021-03-01', '2021-03-01', 'CUB0000256140', 24892.00, 1.00, 41, 'Согласован'),
(718, '2021-04-01', '2021-05-01', '2021-07-01', 'CUB0000004899', 560000.00, 1.20, 8, 'Согласован'),
(719, '2021-04-01', '2021-04-01', '2021-06-01', 'CUB0000004927', 137000.00, 1.20, 23, 'Согласован'),
(720, '2021-04-01', '2021-04-01', '2021-04-01', 'CUB0000009049', 36500.00, 1.20, 11, 'Согласован'),
(721, '2021-04-01', '2021-04-01', '2021-05-01', 'CUB0000010048', 32000.00, 1.00, 22, 'Согласован'),
(722, '2021-04-01', '2021-04-01', '2021-05-01', 'CUB0000010701', 17945.40, 1.20, 5, 'Согласован'),
(723, '2021-04-01', '2021-04-01', '2021-07-01', 'CUB0000010845', 210.00, 1.00, 41, 'Согласован'),
(724, '2021-04-01', '2021-04-01', '2021-05-01', 'CUB0000012068', 21500.00, 1.20, 1, 'Согласован'),
(725, '2021-04-01', '2021-04-01', '2021-05-01', 'CUB0000012267', 4200.00, 1.20, 28, 'Согласован'),
(726, '2021-04-01', '2021-04-01', '2021-06-01', 'CUB0000012306', 8000.00, 1.20, 40, 'Согласован'),
(727, '2021-04-01', '2021-04-01', '2021-04-01', 'CUB0000012348', 9600.00, 1.20, 28, 'Согласован'),
(728, '2021-04-01', '2021-04-01', '2021-05-01', 'CUB0000012380', 2700.00, 1.20, 28, 'Согласован'),
(729, '2021-04-01', '2021-04-01', '2021-04-01', 'CUB0000013015', 6000.00, 1.00, 6, 'Согласован'),
(730, '2021-04-01', '2021-04-01', '2021-04-01', 'CUB0000013204', 178635.00, 1.00, 13, 'Согласован'),
(731, '2021-04-01', '2021-04-01', '2021-04-01', 'CUB0000013331', 430752.00, 1.00, 44, 'Согласован'),
(732, '2021-04-01', '2021-04-01', '2021-04-01', 'CUB0000013485', 1416947.68, 1.00, 15, 'Согласован'),
(733, '2021-04-01', '2021-04-01', '2021-04-01', 'CUB0000013557', 2352753.00, 1.00, 16, 'Согласован'),
(734, '2021-04-01', '2021-04-01', '2021-04-01', 'CUB0000014819', 53400.00, 1.00, 20, 'Согласован'),
(735, '2021-04-01', '2021-04-01', '2021-04-01', 'CUB0000015873', 215775.00, 1.20, 21, 'Согласован'),
(736, '2021-04-01', '2021-04-01', '2021-04-01', 'CUB0000015991', 1332032.50, 1.20, 27, 'Согласован'),
(737, '2021-04-01', '2021-04-01', '2021-04-01', 'CUB0000016052', 7000.00, 1.20, 22, 'Согласован'),
(738, '2021-04-01', '2021-04-01', '2021-04-01', 'CUB0000017630', 674883.00, 1.20, 30, 'Согласован'),
(739, '2021-04-01', '2021-04-01', '2021-04-01', 'CUB0000018814', 50000.00, 1.20, 25, 'Согласован'),
(740, '2021-04-01', '2021-04-01', '2021-06-01', 'CUB0000019147', 6200.00, 1.00, 25, 'Согласован'),
(741, '2021-04-01', '2021-04-01', '2021-04-01', 'CUB0000019185', 141832.25, 1.20, 3, 'Согласован'),
(742, '2021-04-01', '2021-04-01', '2021-04-01', 'CUB0000019227', 200000.00, 1.20, 8, 'Согласован'),
(743, '2021-04-01', '2021-04-01', '2021-04-01', 'CUB0000019246', 17870327.00, 1.10, 24, 'Согласован'),
(744, '2021-04-01', '2021-04-01', '2021-04-01', 'CUB0000019249', 2166100.00, 1.20, 24, 'Согласован'),
(745, '2021-04-01', '2021-04-01', '2021-04-01', 'CUB0000021354', 210000.00, 1.20, 31, 'Согласован'),
(746, '2021-04-01', '2021-01-01', '2021-04-01', 'CUB0000029051', 400000.00, 1.00, 43, 'Согласован'),
(747, '2021-04-01', '2021-02-01', '2021-04-01', 'CUB0000029079', 400000.00, 1.00, 43, 'Согласован'),
(748, '2021-04-01', '2021-03-01', '2021-04-01', 'CUB0000029081', 362500.00, 1.00, 43, 'Согласован'),
(749, '2021-04-01', '2021-01-01', '2021-04-01', 'CUB0000029084', 3500.00, 1.00, 12, 'Согласован'),
(750, '2021-04-01', '2021-02-01', '2021-04-01', 'CUB0000029086', 3500.00, 1.00, 12, 'Согласован'),
(751, '2021-04-01', '2021-03-01', '2021-04-01', 'CUB0000029091', 3500.00, 1.00, 12, 'Согласован'),
(752, '2021-04-01', '2021-04-01', '2021-05-01', 'CUB0000029235', 64200.00, 1.20, 2, 'Согласован'),
(753, '2021-04-01', '2021-04-01', '2021-05-01', 'CUB0000029250', 188900.00, 1.20, 1, 'Согласован'),
(754, '2021-04-01', '2021-04-01', '2021-06-01', 'CUB0000029272', 2200.00, 1.20, 18, 'Согласован'),
(755, '2021-04-01', '2021-04-01', '2021-06-01', 'CUB0000029274', 12000.00, 1.20, 18, 'Согласован'),
(756, '2021-04-01', '2021-04-01', '2021-06-01', 'CUB0000029345', 150000.00, 1.20, 11, 'Согласован'),
(757, '2021-04-01', '2021-04-01', '2021-04-01', 'CUB0000029346', 20790.00, 1.00, 10, 'Согласован'),
(758, '2021-04-01', '2021-04-01', '2021-04-01', 'CUB0000029347', 20000.00, 1.20, 25, 'Согласован'),
(759, '2021-04-01', '2021-04-01', '2021-04-01', 'CUB0000029348', 90000.00, 1.00, 5, 'Согласован'),
(760, '2021-04-01', '2021-04-01', '2021-06-01', 'CUB0000029349', 10000.00, 1.20, 29, 'Согласован'),
(761, '2021-04-01', '2021-04-01', '2021-05-01', 'CUB0000029359', 96000.00, 1.20, 23, 'Согласован'),
(762, '2021-04-01', '2021-04-01', '2021-05-01', 'CUB0000029477', 69168.00, 1.00, 3, 'Согласован'),
(763, '2021-04-01', '2021-04-01', '2021-04-01', 'CUB0000029478', 9825.00, 1.20, 4, 'Согласован'),
(764, '2021-04-01', '2021-04-01', '2021-04-01', 'CUB0000029479', 14776.00, 1.20, 4, 'Согласован'),
(765, '2021-04-01', '2021-04-01', '2021-04-01', 'CUB0000029481', 5300.00, 1.20, 8, 'Согласован'),
(766, '2021-04-01', '2021-04-01', '2021-05-01', 'CUB0000029483', 80000.00, 1.20, 8, 'Согласован'),
(767, '2021-04-01', '2021-04-01', '2021-06-01', 'CUB0000029512', 25000.00, 1.20, 9, 'Согласован'),
(768, '2021-04-01', '2021-04-01', '2021-04-01', 'CUB0000029513', 587615.72, 1.00, 14, 'Согласован'),
(769, '2021-04-01', '2021-04-01', '2021-05-01', 'CUB0000029514', 30000.00, 1.20, 33, 'Согласован'),
(770, '2021-04-01', '2021-04-01', '2021-04-01', 'CUB0000029640', 5000.00, 1.20, 22, 'Согласован'),
(771, '2021-04-01', '2021-04-01', '2021-05-01', 'CUB0000029641', 160000.00, 1.20, 22, 'Согласован'),
(772, '2021-04-01', '2021-04-01', '2021-05-01', 'CUB0000029642', 50000.00, 1.20, 22, 'Согласован'),
(773, '2021-04-01', '2021-04-01', '2021-05-01', 'CUB0000029644', 22000.00, 1.20, 23, 'Согласован'),
(774, '2021-04-01', '2021-04-01', '2021-05-01', 'CUB0000029645', 100000.00, 1.20, 25, 'Согласован'),
(775, '2021-04-01', '2021-04-01', '2021-05-01', 'CUB0000029646', 30000.00, 1.20, 25, 'Согласован'),
(776, '2021-04-01', '2021-04-01', '2021-05-01', 'CUB0000029647', 36200.00, 1.20, 25, 'Согласован'),
(777, '2021-04-01', '2021-04-01', '2021-05-01', 'CUB0000029648', 80000.00, 1.20, 25, 'Согласован'),
(778, '2021-04-01', '2021-04-01', '2021-04-01', 'CUB0000029649', 112570.00, 1.20, 26, 'Согласован'),
(779, '2021-04-01', '2021-04-01', '2021-05-01', 'CUB0000030159', 294000.00, 1.00, 34, 'Согласован'),
(780, '2021-05-01', '2021-05-01', '2021-05-01', 'CUB0000009057', 36500.00, 1.20, 11, 'Согласован'),
(781, '2021-05-01', '2021-05-01', '2021-06-01', 'CUB0000010053', 32000.00, 1.00, 22, 'Согласован'),
(782, '2021-05-01', '2021-05-01', '2021-06-01', 'CUB0000010713', 17945.40, 1.20, 5, 'Согласован'),
(783, '2021-05-01', '2021-05-01', '2021-07-01', 'CUB0000010847', 210.00, 1.00, 41, 'Согласован'),
(784, '2021-05-01', '2021-05-01', '2021-06-01', 'CUB0000012184', 21500.00, 1.20, 1, 'Согласован'),
(785, '2021-05-01', '2021-05-01', '2021-06-01', 'CUB0000012190', 2700.00, 1.20, 28, 'Согласован'),
(786, '2021-05-01', '2021-05-01', '2021-06-01', 'CUB0000012274', 4200.00, 1.20, 28, 'Согласован'),
(787, '2021-05-01', '2021-05-01', '2021-06-01', 'CUB0000012309', 8000.00, 1.20, 40, 'Согласован'),
(788, '2021-05-01', '2021-05-01', '2021-05-01', 'CUB0000012351', 9600.00, 1.20, 28, 'Согласован'),
(789, '2021-05-01', '2021-05-01', '2021-05-01', 'CUB0000013020', 6000.00, 1.00, 6, 'Согласован'),
(790, '2021-05-01', '2021-05-01', '2021-05-01', 'CUB0000013207', 437941.35, 1.00, 44, 'Согласован'),
(791, '2021-05-01', '2021-05-01', '2021-05-01', 'CUB0000013491', 1440596.54, 1.00, 15, 'Согласован'),
(792, '2021-05-01', '2021-05-01', '2021-05-01', 'CUB0000013561', 2437635.60, 1.00, 16, 'Согласован'),
(793, '2021-05-01', '2021-05-01', '2021-05-01', 'CUB0000013680', 791707.99, 1.00, 17, 'Согласован'),
(794, '2021-05-01', '2021-05-01', '2021-05-01', 'CUB0000014831', 57850.00, 1.00, 20, 'Согласован'),
(795, '2021-05-01', '2021-05-01', '2021-05-01', 'CUB0000015881', 215775.00, 1.20, 21, 'Согласован'),
(796, '2021-05-01', '2021-05-01', '2021-05-01', 'CUB0000015993', 1436956.00, 1.20, 27, 'Согласован'),
(797, '2021-05-01', '2021-05-01', '2021-05-01', 'CUB0000016058', 7000.00, 1.20, 22, 'Согласован'),
(798, '2021-05-01', '2021-05-01', '2021-05-01', 'CUB0000017631', 611169.89, 1.20, 30, 'Согласован'),
(799, '2021-05-01', '2021-05-01', '2021-06-01', 'CUB0000019187', 211000.00, 1.00, 3, 'Согласован'),
(800, '2021-05-01', '2021-05-01', '2021-05-01', 'CUB0000019253', 19093477.94, 1.10, 24, 'Согласован'),
(801, '2021-05-01', '2021-05-01', '2021-05-01', 'CUB0000019256', 2314360.96, 1.20, 24, 'Согласован'),
(802, '2021-05-01', '2021-05-01', '2021-05-01', 'CUB0000029637', 294000.00, 1.00, 34, 'Согласован'),
(803, '2021-05-01', '2021-05-01', '2021-07-01', 'CUB0000033139', 190000.00, 1.20, 11, 'Согласован'),
(804, '2021-05-01', '2021-05-01', '2021-07-01', 'CUB0000033140', 13090.00, 1.00, 10, 'Согласован'),
(805, '2021-05-01', '2021-05-01', '2021-05-01', 'CUB0000033141', 20000.00, 1.20, 25, 'Согласован'),
(806, '2021-05-01', '2021-05-01', '2021-06-01', 'CUB0000033143', 14000.00, 1.20, 21, 'Согласован'),
(807, '2021-05-01', '2021-05-01', '2021-07-01', 'CUB0000033148', 100000.00, 1.20, 2, 'Согласован'),
(808, '2021-05-01', '2021-05-01', '2021-06-01', 'CUB0000033149', 26000.00, 1.20, 49, 'Согласован'),
(809, '2021-05-01', '2021-05-01', '2021-06-01', 'CUB0000033150', 100000.00, 1.20, 2, 'Согласован'),
(810, '2021-05-01', '2021-05-01', '2021-06-01', 'CUB0000033151', 150000.00, 1.20, 1, 'Согласован'),
(811, '2021-05-01', '2021-05-01', '2021-05-01', 'CUB0000033176', 180000.00, 1.20, 25, 'Согласован'),
(812, '2021-05-01', '2021-05-01', '2021-05-01', 'CUB0000033177', 5000.00, 1.20, 22, 'Согласован'),
(813, '2021-05-01', '2021-05-01', '2021-05-01', 'CUB0000033182', 9872.00, 1.20, 4, 'Согласован'),
(814, '2021-05-01', '2021-05-01', '2021-05-01', 'CUB0000033183', 14126.00, 1.20, 4, 'Согласован'),
(815, '2021-05-01', '2021-05-01', '2021-06-01', 'CUB0000033184', 22000.00, 1.20, 23, 'Согласован'),
(816, '2021-05-01', '2021-05-01', '2021-05-01', 'CUB0000033186', 80000.00, 1.20, 8, 'Согласован'),
(817, '2021-05-01', '2021-05-01', '2021-06-01', 'CUB0000033187', 130000.00, 1.20, 22, 'Согласован'),
(818, '2021-05-01', '2021-05-01', '2021-05-01', 'CUB0000033188', 25000.00, 1.20, 9, 'Согласован'),
(819, '2021-05-01', '2021-05-01', '2021-06-01', 'CUB0000033189', 146200.00, 1.20, 8, 'Согласован'),
(820, '2021-05-01', '2021-05-01', '2021-06-01', 'CUB0000033190', 120000.00, 1.20, 8, 'Согласован'),
(821, '2021-05-01', '2021-05-01', '2021-05-01', 'CUB0000033191', 50000.00, 1.20, 35, 'Согласован'),
(822, '2021-05-01', '2021-05-01', '2021-05-01', 'CUB0000033192', 110000.00, 1.20, 25, 'Согласован'),
(823, '2021-05-01', '2021-05-01', '2021-07-01', 'CUB0000033193', 40000.00, 1.20, 33, 'Согласован'),
(824, '2021-05-01', '2021-05-01', '2021-05-01', 'CUB0000033203', 74896.00, 1.20, 26, 'Согласован'),
(825, '2021-05-01', '2021-05-01', '2021-05-01', 'CUB0000033205', 120000.00, 1.20, 25, 'Согласован'),
(826, '2021-05-01', '2021-05-01', '2021-05-01', 'CUB0000033206', 603658.47, 1.00, 14, 'Согласован'),
(827, '2021-05-01', '2021-05-01', '2021-05-01', 'CUB0000033207', 30000.00, 1.20, 29, 'Согласован'),
(828, '2021-05-01', '2021-05-01', '2021-06-01', 'CUB0000033208', 3000.00, 1.10, 48, 'Согласован'),
(829, '2021-05-01', '2021-05-01', '2021-06-01', 'CUB0000033215', 250000.00, 1.20, 25, 'Согласован'),
(830, '2021-05-01', '2021-05-01', '2021-06-01', 'CUB0000033221', 10000.00, 1.20, 9, 'Согласован'),
(831, '2021-05-01', '2021-05-01', '2021-06-01', 'CUB0000033303', 96000.00, 1.20, 23, 'Согласован'),
(832, '2021-05-01', '2021-05-01', '2021-06-01', 'CUB0000033304', 20000.00, 1.20, 9, 'Согласован'),
(833, '2021-05-01', '2021-05-01', '2021-06-01', 'CUB0000033305', 33600.00, 1.20, 29, 'Согласован'),
(834, '2021-05-01', '2020-12-01', '2021-05-01', 'CUB0000033307', 100800.00, 1.20, 29, 'Согласован'),
(835, '2021-05-01', '2021-03-01', '2021-05-01', 'CUB0000033310', 67200.00, 1.20, 29, 'Согласован'),
(836, '2021-05-01', '2021-05-01', '2021-06-01', 'CUB0000033418', 10100.00, 1.20, 18, 'Согласован'),
(837, '2021-05-01', '2021-05-01', '2021-06-01', 'CUB0000033419', 15000.00, 1.20, 23, 'Согласован'),
(838, '2021-05-01', '2021-05-01', '2021-06-01', 'CUB0000033420', 12000.00, 1.20, 18, 'Согласован'),
(839, '2021-05-01', '2021-05-01', '2021-05-01', 'CUB0000033714', 4000.00, 1.20, 38, 'Согласован'),
(840, '2021-06-01', '2021-06-01', '2021-06-01', 'CUB0000009062', 36500.00, 1.20, 11, 'Согласован'),
(841, '2021-06-01', '2021-06-01', '2021-07-01', 'CUB0000010061', 32000.00, 1.00, 22, 'Согласован'),
(842, '2021-06-01', '2021-06-01', '2021-07-01', 'CUB0000010723', 74104.80, 1.20, 5, 'Согласован'),
(843, '2021-06-01', '2021-06-01', '2021-07-01', 'CUB0000010851', 210.00, 1.00, 41, 'Согласован'),
(844, '2021-06-01', '2021-06-01', '2021-07-01', 'CUB0000012194', 2700.00, 1.20, 28, 'Согласован'),
(845, '2021-06-01', '2021-06-01', '2021-07-01', 'CUB0000012283', 4200.00, 1.20, 28, 'Согласован'),
(846, '2021-06-01', '2021-06-01', '2021-07-01', 'CUB0000012313', 8000.00, 1.20, 28, 'Согласован'),
(847, '2021-06-01', '2021-06-01', '2021-08-01', 'CUB0000012354', 9600.00, 1.20, 28, 'Согласован'),
(848, '2021-06-01', '2021-06-01', '2021-07-01', 'CUB0000012405', 21500.00, 1.20, 1, 'Согласован'),
(849, '2021-06-01', '2021-06-01', '2021-06-01', 'CUB0000013024', 6000.00, 1.00, 6, 'Согласован'),
(850, '2021-06-01', '2021-06-01', '2021-06-01', 'CUB0000013210', 180580.97, 1.00, 13, 'Согласован'),
(851, '2021-06-01', '2021-06-01', '2021-06-01', 'CUB0000013496', 1434723.77, 1.00, 15, 'Согласован'),
(852, '2021-06-01', '2021-06-01', '2021-06-01', 'CUB0000013566', 2436971.30, 1.00, 16, 'Согласован'),
(853, '2021-06-01', '2021-06-01', '2021-06-01', 'CUB0000013687', 778839.28, 1.00, 17, 'Согласован'),
(854, '2021-06-01', '2021-06-01', '2021-06-01', 'CUB0000013688', 436156.03, 1.00, 44, 'Согласован'),
(855, '2021-06-01', '2021-06-01', '2021-06-01', 'CUB0000014838', 57850.00, 1.00, 20, 'Согласован'),
(856, '2021-06-01', '2021-06-01', '2021-06-01', 'CUB0000015887', 215775.00, 1.20, 21, 'Согласован'),
(857, '2021-06-01', '2021-06-01', '2021-06-01', 'CUB0000016004', 1146259.65, 1.20, 27, 'Согласован'),
(858, '2021-06-01', '2021-06-01', '2021-06-01', 'CUB0000017617', 7000.00, 1.20, 22, 'Согласован'),
(859, '2021-06-01', '2021-06-01', '2021-06-01', 'CUB0000017633', 606479.50, 1.20, 30, 'Согласован'),
(860, '2021-06-01', '2021-06-01', '2021-08-01', 'CUB0000018821', 50000.00, 1.20, 25, 'Согласован'),
(861, '2021-06-01', '2021-06-01', '2021-08-01', 'CUB0000019153', 6200.00, 1.00, 25, 'Согласован'),
(862, '2021-06-01', '2021-06-01', '2021-06-01', 'CUB0000019190', 152947.96, 1.20, 3, 'Согласован'),
(863, '2021-06-01', '2021-06-01', '2021-06-01', 'CUB0000019259', 17948647.20, 1.10, 24, 'Согласован'),
(864, '2021-06-01', '2021-06-01', '2021-06-01', 'CUB0000019262', 2175582.54, 1.20, 24, 'Согласован'),
(865, '2021-06-01', '2021-06-01', '2021-07-01', 'CUB0000029638', 294000.00, 1.00, 34, 'Согласован'),
(866, '2021-06-01', '2021-05-01', '2021-06-01', 'CUB0000034333', 15600.00, 1.20, 48, 'Согласован'),
(867, '2021-06-01', '2021-06-01', '2021-08-01', 'CUB0000034441', 50000.00, 1.20, 2, 'Согласован'),
(868, '2021-06-01', '2021-06-01', '2021-07-01', 'CUB0000034442', 100000.00, 1.20, 2, 'Согласован'),
(869, '2021-06-01', '2021-06-01', '2021-07-01', 'CUB0000034443', 26000.00, 1.20, 49, 'Согласован'),
(870, '2021-06-01', '2021-06-01', '2021-06-01', 'CUB0000034901', 150000.00, 1.20, 11, 'Согласован'),
(871, '2021-06-01', '2021-06-01', '2021-06-01', 'CUB0000034902', 13090.00, 1.00, 10, 'Согласован'),
(872, '2021-06-01', '2021-06-01', '2021-08-01', 'CUB0000034903', 20000.00, 1.20, 25, 'Согласован'),
(873, '2021-06-01', '2021-06-01', '2021-06-01', 'CUB0000034904', 90000.00, 1.00, 5, 'Согласован'),
(874, '2021-06-01', '2021-06-01', '2021-06-01', 'CUB0000034905', 15000.00, 1.20, 11, 'Согласован'),
(875, '2021-06-01', '2021-12-01', '2022-03-01', 'CUB0000034907', 150000.00, 1.20, 7, 'Согласован'),
(876, '2021-06-01', '2021-06-01', '2021-06-01', 'CUB0000034939', 10752.00, 1.20, 4, 'Согласован'),
(877, '2021-06-01', '2021-06-01', '2021-06-01', 'CUB0000034940', 14028.00, 1.20, 4, 'Согласован'),
(878, '2021-06-01', '2021-06-01', '2021-08-01', 'CUB0000034950', 100000.00, 1.20, 8, 'Согласован'),
(879, '2021-06-01', '2021-06-01', '2021-06-01', 'CUB0000034952', 40000.00, 1.20, 9, 'Согласован'),
(880, '2021-06-01', '2021-06-01', '2021-06-01', 'CUB0000034955', 1000.00, 1.20, 33, 'Согласован'),
(881, '2021-06-01', '2021-06-01', '2021-06-01', 'CUB0000034957', 5000.00, 1.20, 22, 'Согласован'),
(882, '2021-06-01', '2021-06-01', '2021-06-01', 'CUB0000034958', 100000.00, 1.20, 35, 'Согласован'),
(883, '2021-06-01', '2021-06-01', '2021-06-01', 'CUB0000034959', 22000.00, 1.20, 23, 'Согласован'),
(884, '2021-06-01', '2021-06-01', '2021-08-01', 'CUB0000034960', 230000.00, 1.20, 25, 'Согласован'),
(885, '2021-06-01', '2021-06-01', '2021-06-01', 'CUB0000034961', 240000.00, 1.20, 25, 'Согласован'),
(886, '2021-06-01', '2021-06-01', '2021-06-01', 'CUB0000034962', 50803.00, 1.20, 26, 'Согласован'),
(887, '2021-06-01', '2021-06-01', '2021-07-01', 'CUB0000034963', 594016.00, 1.00, 14, 'Согласован'),
(888, '2021-06-01', '2021-06-01', '2021-07-01', 'CUB0000035055', 53943.20, 1.20, 9, 'Согласован'),
(889, '2021-06-01', '2021-06-01', '2021-07-01', 'CUB0000035056', 18700.00, 1.20, 29, 'Согласован'),
(890, '2021-06-01', '2021-06-01', '2021-07-01', 'CUB0000035058', 101850.00, 1.20, 29, 'Согласован'),
(891, '2021-06-01', '2021-06-01', '2021-07-01', 'CUB0000035249', 23038.00, 1.20, 18, 'Согласован'),
(892, '2021-06-01', '2021-06-01', '2021-07-01', 'CUB0000035272', 200000.00, 1.20, 1, 'Согласован'),
(893, '2021-06-01', '2021-06-01', '2021-06-01', 'CUB0000040130', 58053.00, 1.20, 3, 'Согласован'),
(894, '2021-06-01', '2021-06-01', '2021-06-01', 'CUB0000043224', 55000.00, 1.20, 31, 'Согласован'),
(895, '2021-06-01', '2021-07-01', '2021-07-01', 'CUB0000045250', 480000.00, 1.20, 31, 'Согласован'),
(896, '2021-06-01', '2021-06-01', '2021-07-01', 'CUB0000055929', 20000.00, 1.20, 36, 'Согласован'),
(897, '2021-06-01', '2021-06-01', '2021-09-01', 'CUB0000055938', 3000.00, 1.20, 40, 'Согласован'),
(898, '2021-07-01', '2021-07-01', '2021-07-01', 'CUB0000009065', 36500.00, 1.20, 11, 'Согласован'),
(899, '2021-07-01', '2021-07-01', '2021-08-01', 'CUB0000010094', 32000.00, 1.00, 22, 'Согласован'),
(900, '2021-07-01', '2021-07-01', '2021-08-01', 'CUB0000010732', 74104.80, 1.20, 5, 'Согласован'),
(901, '2021-07-01', '2021-07-01', '2021-10-01', 'CUB0000010857', 210.00, 1.00, 41, 'Согласован'),
(902, '2021-07-01', '2021-07-01', '2021-08-01', 'CUB0000012122', 21500.00, 1.20, 1, 'Согласован'),
(903, '2021-07-01', '2021-07-01', '2021-08-01', 'CUB0000012197', 2700.00, 1.20, 28, 'Согласован'),
(904, '2021-07-01', '2021-07-01', '2021-08-01', 'CUB0000012285', 4200.00, 1.20, 28, 'Согласован'),
(905, '2021-07-01', '2021-07-01', '2021-08-01', 'CUB0000012314', 7000.00, 1.00, 9, 'Согласован'),
(906, '2021-07-01', '2021-07-01', '2021-08-01', 'CUB0000012356', 8000.00, 1.00, 9, 'Согласован'),
(907, '2021-07-01', '2021-07-01', '2021-07-01', 'CUB0000013027', 6000.00, 1.00, 6, 'Согласован'),
(908, '2021-07-01', '2021-07-01', '2021-07-01', 'CUB0000013217', 766116.00, 1.00, 14, 'Согласован'),
(909, '2021-07-01', '2021-07-01', '2021-07-01', 'CUB0000013371', 765904.00, 1.00, 17, 'Согласован'),
(910, '2021-07-01', '2021-07-01', '2021-07-01', 'CUB0000013498', 1847666.77, 1.00, 44, 'Согласован'),
(911, '2021-07-01', '2021-07-01', '2021-07-01', 'CUB0000013573', 2352753.00, 1.00, 16, 'Согласован'),
(912, '2021-07-01', '2021-07-01', '2021-07-01', 'CUB0000014847', 57850.00, 1.00, 20, 'Согласован'),
(913, '2021-07-01', '2021-07-01', '2021-07-01', 'CUB0000015944', 215775.00, 1.20, 21, 'Согласован'),
(914, '2021-07-01', '2021-07-01', '2021-07-01', 'CUB0000016008', 1141976.69, 1.20, 27, 'Согласован'),
(915, '2021-07-01', '2021-07-01', '2021-07-01', 'CUB0000017619', 7000.00, 1.20, 22, 'Согласован'),
(916, '2021-07-01', '2021-07-01', '2021-07-01', 'CUB0000018828', 50000.00, 1.20, 25, 'Согласован'),
(917, '2021-07-01', '2021-07-01', '2021-08-01', 'CUB0000019161', 7440.00, 1.20, 36, 'Согласован'),
(918, '2021-07-01', '2021-07-01', '2021-07-01', 'CUB0000019193', 155185.87, 1.00, 3, 'Согласован'),
(919, '2021-07-01', '2021-07-01', '2021-08-01', 'CUB0000019231', 200000.00, 1.20, 8, 'Согласован'),
(920, '2021-07-01', '2021-07-01', '2021-07-01', 'CUB0000019266', 17553399.80, 1.10, 24, 'Согласован'),
(921, '2021-07-01', '2021-07-01', '2021-07-01', 'CUB0000019268', 2127684.83, 1.20, 24, 'Согласован'),
(922, '2021-07-01', '2021-07-01', '2021-08-01', 'CUB0000029639', 98000.00, 1.00, 34, 'Согласован'),
(923, '2021-07-01', '2021-07-01', '2021-07-01', 'CUB0000043251', 19000.00, 1.00, 19, 'Согласован'),
(924, '2021-07-01', '2021-07-01', '2021-07-01', 'CUB0000043286', 20000.00, 1.00, 19, 'Согласован'),
(925, '2021-07-01', '2021-04-01', '2021-07-01', 'CUB0000057361', 3500.00, 1.00, 12, 'Согласован'),
(926, '2021-07-01', '2021-05-01', '2021-07-01', 'CUB0000057362', 3500.00, 1.00, 12, 'Согласован'),
(927, '2021-07-01', '2021-06-01', '2021-07-01', 'CUB0000057365', 3500.00, 1.00, 12, 'Согласован'),
(928, '2021-07-01', '2021-04-01', '2021-07-01', 'CUB0000057383', 390000.00, 1.00, 43, 'Согласован'),
(929, '2021-07-01', '2021-05-01', '2021-07-01', 'CUB0000057387', 390000.00, 1.00, 43, 'Согласован'),
(930, '2021-07-01', '2021-06-01', '2021-07-01', 'CUB0000057389', 390000.00, 1.00, 43, 'Согласован'),
(931, '2021-07-01', '2021-07-01', '2021-08-01', 'CUB0000058669', 200000.00, 1.20, 1, 'Согласован'),
(932, '2021-07-01', '2021-07-01', '2021-08-01', 'CUB0000059450', 30000.00, 1.20, 49, 'Согласован'),
(933, '2021-07-01', '2021-07-01', '2021-10-01', 'CUB0000059451', 100000.00, 1.20, 25, 'Согласован'),
(934, '2021-07-01', '2021-07-01', '2021-08-01', 'CUB0000059452', 100000.00, 1.20, 2, 'Согласован'),
(935, '2021-07-01', '2021-07-01', '2021-08-01', 'CUB0000059460', 709000.00, 1.20, 30, 'Согласован'),
(936, '2021-07-01', '2021-07-01', '2021-08-01', 'CUB0000059461', 55814.13, 1.00, 3, 'Согласован'),
(937, '2021-07-01', '2021-07-01', '2021-08-01', 'CUB0000059463', 240000.00, 1.20, 25, 'Согласован'),
(938, '2021-07-01', '2021-07-01', '2021-08-01', 'CUB0000059465', 5000.00, 1.20, 22, 'Согласован'),
(939, '2021-07-01', '2021-07-01', '2021-08-01', 'CUB0000059466', 11925.00, 1.20, 4, 'Согласован'),
(940, '2021-07-01', '2021-07-01', '2021-08-01', 'CUB0000059467', 17834.00, 1.20, 4, 'Согласован'),
(941, '2021-07-01', '2021-07-01', '2021-08-01', 'CUB0000059468', 7425.00, 1.20, 21, 'Согласован'),
(942, '2021-07-01', '2021-07-01', '2021-09-01', 'CUB0000059470', 23000.00, 1.20, 8, 'Согласован'),
(943, '2021-07-01', '2021-07-01', '2021-08-01', 'CUB0000059471', 90000.00, 1.20, 8, 'Согласован'),
(944, '2021-07-01', '2021-07-01', '2021-08-01', 'CUB0000059472', 20000.00, 1.00, 9, 'Согласован'),
(945, '2021-07-01', '2021-07-01', '2021-08-01', 'CUB0000059476', 250000.00, 1.20, 8, 'Согласован'),
(946, '2021-07-01', '2021-07-01', '2021-08-01', 'CUB0000059478', 39000.00, 1.00, 33, 'Согласован'),
(947, '2021-07-01', '2021-07-01', '2021-08-01', 'CUB0000059479', 34760.00, 1.20, 26, 'Согласован'),
(948, '2021-07-01', '2021-07-01', '2021-08-01', 'CUB0000059480', 120000.00, 1.20, 8, 'Согласован'),
(949, '2021-07-01', '2021-07-01', '2021-08-01', 'CUB0000059481', 110000.00, 1.20, 22, 'Согласован'),
(950, '2021-07-01', '2021-07-01', '2021-08-01', 'CUB0000059482', 40000.00, 1.20, 8, 'Согласован'),
(951, '2021-07-01', '2021-07-01', '2021-08-01', 'CUB0000059483', 210.00, 1.00, 41, 'Согласован'),
(952, '2021-07-01', '2021-07-01', '2021-08-01', 'CUB0000059487', 74104.80, 1.20, 5, 'Согласован'),
(953, '2021-07-01', '2021-07-01', '2021-07-01', 'CUB0000059532', 10000.00, 1.20, 18, 'Согласован'),
(954, '2021-07-01', '2021-07-01', '2021-07-01', 'CUB0000059533', 7073.60, 1.20, 18, 'Согласован'),
(955, '2021-07-01', '2021-07-01', '2021-07-01', 'CUB0000059534', 4800.00, 1.20, 18, 'Согласован'),
(956, '2021-07-01', '2021-07-01', '2021-08-01', 'CUB0000059536', 187781.50, 1.20, 23, 'Согласован'),
(957, '2021-07-01', '2021-07-01', '2021-08-01', 'CUB0000059537', 190000.00, 1.20, 9, 'Согласован'),
(958, '2021-07-01', '2021-07-01', '2021-07-01', 'CUB0000059801', 90000.00, 1.00, 5, 'Согласован'),
(959, '2021-07-01', '2021-07-01', '2021-07-01', 'CUB0000059802', 13090.00, 1.00, 10, 'Согласован'),
(960, '2021-07-01', '2021-07-01', '2021-07-01', 'CUB0000059803', 20000.00, 1.20, 25, 'Согласован'),
(961, '2021-07-01', '2021-07-01', '2021-07-01', 'CUB0000059807', 150000.00, 1.20, 11, 'Согласован'),
(962, '2021-07-01', '2021-07-01', '2021-07-01', 'CUB0000059809', 15000.00, 1.20, 11, 'Согласован'),
(963, '2021-07-01', '2021-07-01', '2021-07-01', 'CUB0000059810', 250000.00, 1.20, 11, 'Согласован'),
(964, '2021-07-01', '2021-07-01', '2021-08-01', 'CUB0000060036', 181796.00, 1.20, 31, 'Согласован'),
(965, '2021-07-01', '2021-07-01', '2021-08-01', 'CUB0000060038', 95000.00, 1.20, 37, 'Согласован'),
(966, '2021-07-01', '2021-07-01', '2021-08-01', 'CUB0000060993', 61000.00, 1.20, 34, 'Согласован'),
(967, '2021-07-01', '2021-07-01', '2021-08-01', 'CUB0000061217', 280000.00, 1.00, 34, 'Согласован'),
(968, '2021-08-01', '2021-08-01', '2021-10-01', 'CUB0000009075', 36500.00, 1.20, 11, 'Согласован'),
(969, '2021-08-01', '2021-08-01', '2021-09-01', 'CUB0000010100', 32000.00, 1.00, 22, 'Согласован'),
(970, '2021-08-01', '2021-08-01', '2021-09-01', 'CUB0000010742', 74104.80, 1.20, 5, 'Согласован'),
(971, '2021-08-01', '2021-08-01', '2021-10-01', 'CUB0000010862', 210.00, 1.00, 41, 'Согласован'),
(972, '2021-08-01', '2021-08-01', '2021-09-01', 'CUB0000012131', 21500.00, 1.20, 1, 'Согласован'),
(973, '2021-08-01', '2021-08-01', '2021-09-01', 'CUB0000012202', 2700.00, 1.20, 28, 'Согласован'),
(974, '2021-08-01', '2021-08-01', '2021-09-01', 'CUB0000012291', 4200.00, 1.20, 28, 'Согласован'),
(975, '2021-08-01', '2021-08-01', '2021-09-01', 'CUB0000012320', 8000.00, 1.20, 22, 'Согласован'),
(976, '2021-08-01', '2021-08-01', '2021-09-01', 'CUB0000012361', 9600.00, 1.20, 22, 'Согласован'),
(977, '2021-08-01', '2021-08-01', '2021-08-01', 'CUB0000013028', 6000.00, 1.20, 6, 'Согласован'),
(978, '2021-08-01', '2021-08-01', '2021-08-01', 'CUB0000013220', 180071.00, 1.00, 13, 'Согласован'),
(979, '2021-08-01', '2021-08-01', '2021-08-01', 'CUB0000013374', 430849.00, 1.00, 44, 'Согласован'),
(980, '2021-08-01', '2021-08-01', '2021-08-01', 'CUB0000013517', 1417269.10, 1.00, 15, 'Согласован'),
(981, '2021-08-01', '2021-08-01', '2021-08-01', 'CUB0000013584', 2419420.00, 1.00, 16, 'Согласован'),
(982, '2021-08-01', '2021-08-01', '2021-08-01', 'CUB0000013689', 765903.68, 1.00, 17, 'Согласован'),
(983, '2021-08-01', '2021-08-01', '2021-08-01', 'CUB0000014849', 57850.00, 1.20, 20, 'Согласован'),
(984, '2021-08-01', '2021-08-01', '2021-08-01', 'CUB0000015948', 215775.00, 1.20, 21, 'Согласован'),
(985, '2021-08-01', '2021-08-01', '2021-08-01', 'CUB0000016014', 1375783.62, 1.20, 27, 'Согласован'),
(986, '2021-08-01', '2021-08-01', '2021-08-01', 'CUB0000017621', 7000.00, 1.20, 22, 'Согласован'),
(987, '2021-08-01', '2021-08-01', '2021-08-01', 'CUB0000017637', 733842.00, 1.20, 30, 'Согласован'),
(988, '2021-08-01', '2021-08-01', '2021-08-01', 'CUB0000018843', 50000.00, 1.20, 25, 'Согласован'),
(989, '2021-08-01', '2021-08-01', '2021-08-01', 'CUB0000019163', 6200.00, 1.00, 25, 'Согласован'),
(990, '2021-08-01', '2021-08-01', '2021-09-01', 'CUB0000019198', 211000.00, 1.00, 3, 'Согласован'),
(991, '2021-08-01', '2021-08-01', '2021-10-01', 'CUB0000019233', 200000.00, 1.20, 8, 'Согласован'),
(992, '2021-08-01', '2021-08-01', '2021-08-01', 'CUB0000019270', 17686847.45, 1.10, 24, 'Согласован'),
(993, '2021-08-01', '2021-08-01', '2021-08-01', 'CUB0000019272', 2143860.30, 1.20, 24, 'Согласован'),
(994, '2021-08-01', '2021-08-01', '2021-10-01', 'CUB0000062250', 100000.00, 1.20, 35, 'Согласован'),
(995, '2021-08-01', '2021-08-01', '2021-09-01', 'CUB0000062252', 30000.00, 1.00, 39, 'Согласован'),
(996, '2021-08-01', '2021-08-01', '2021-09-01', 'CUB0000062275', 60000.00, 1.20, 9, 'Согласован'),
(997, '2021-08-01', '2021-08-01', '2021-09-01', 'CUB0000062276', 56000.00, 1.20, 29, 'Согласован'),
(998, '2021-08-01', '2021-08-01', '2021-09-01', 'CUB0000062284', 12000.00, 1.20, 18, 'Согласован'),
(999, '2021-08-01', '2021-08-01', '2021-09-01', 'CUB0000062285', 32196.00, 1.20, 18, 'Согласован'),
(1000, '2021-08-01', '2021-08-01', '2021-09-01', 'CUB0000062286', 15000.00, 1.20, 29, 'Согласован'),
(1001, '2021-08-01', '2021-08-01', '2021-08-01', 'CUB0000062287', 587512.00, 1.00, 14, 'Согласован'),
(1002, '2021-08-01', '2021-08-01', '2021-09-01', 'CUB0000062298', 200000.00, 1.20, 1, 'Согласован'),
(1003, '2021-08-01', '2021-08-01', '2021-09-01', 'CUB0000062333', 13090.00, 1.00, 10, 'Согласован'),
(1004, '2021-08-01', '2021-08-01', '2021-09-01', 'CUB0000062334', 20000.00, 1.20, 25, 'Согласован'),
(1005, '2021-08-01', '2021-08-01', '2021-09-01', 'CUB0000062335', 150000.00, 1.20, 11, 'Согласован'),
(1006, '2021-08-01', '2021-08-01', '2021-09-01', 'CUB0000062336', 15000.00, 1.20, 29, 'Согласован'),
(1007, '2021-08-01', '2021-08-01', '2021-09-01', 'CUB0000062337', 250000.00, 1.20, 40, 'Согласован'),
(1008, '2021-08-01', '2021-08-01', '2021-09-01', 'CUB0000062338', 90000.00, 1.00, 5, 'Согласован'),
(1009, '2021-08-01', '2021-08-01', '2021-08-01', 'CUB0000062346', 108000.00, 1.20, 31, 'Согласован'),
(1010, '2021-08-01', '2021-08-01', '2021-09-01', 'CUB0000062409', 240000.00, 1.20, 25, 'Согласован'),
(1011, '2021-08-01', '2021-08-01', '2021-09-01', 'CUB0000062414', 5000.00, 1.20, 22, 'Согласован'),
(1012, '2021-08-01', '2021-08-01', '2021-09-01', 'CUB0000062416', 10068.00, 1.20, 4, 'Согласован'),
(1013, '2021-08-01', '2021-08-01', '2021-09-01', 'CUB0000062417', 15068.00, 1.20, 4, 'Согласован'),
(1014, '2021-08-01', '2021-08-01', '2021-09-01', 'CUB0000062419', 30000.00, 1.20, 29, 'Согласован'),
(1015, '2021-08-01', '2021-08-01', '2021-09-01', 'CUB0000062421', 20000.00, 1.20, 9, 'Согласован'),
(1016, '2021-08-01', '2021-08-01', '2021-09-01', 'CUB0000062423', 50000.00, 1.20, 22, 'Согласован'),
(1017, '2021-08-01', '2021-08-01', '2021-09-01', 'CUB0000062428', 300000.00, 1.20, 8, 'Согласован'),
(1018, '2021-08-01', '2021-08-01', '2021-09-01', 'CUB0000062429', 39000.00, 1.20, 33, 'Согласован'),
(1019, '2021-08-01', '2021-08-01', '2021-09-01', 'CUB0000062432', 3500.00, 1.00, 48, 'Согласован'),
(1020, '2021-08-01', '2021-08-01', '2021-09-01', 'CUB0000062434', 9300.00, 1.20, 48, 'Согласован'),
(1021, '2021-08-01', '2021-08-01', '2021-09-01', 'CUB0000062435', 9000.00, 1.20, 29, 'Согласован'),
(1022, '2021-08-01', '2021-08-01', '2021-09-01', 'CUB0000062436', 355000.00, 1.20, 22, 'Согласован'),
(1023, '2021-08-01', '2021-08-01', '2021-09-01', 'CUB0000062437', 34760.00, 1.20, 26, 'Согласован'),
(1024, '2021-08-01', '2021-07-01', '2021-10-01', 'CUB0000062439', 10000.00, 1.00, 22, 'Согласован'),
(1025, '2021-08-01', '2021-06-01', '2021-08-01', 'CUB0000062465', 3500.00, 1.00, 48, 'Согласован'),
(1026, '2021-08-01', '2021-08-01', '2021-08-01', 'CUB0000062535', 240000.00, 1.20, 31, 'Согласован'),
(1027, '2021-08-01', '2021-08-01', '2021-09-01', 'CUB0000062549', 4000.00, 1.00, 22, 'Согласован'),
(1028, '2021-08-01', '2021-08-01', '2021-09-01', 'CUB0000062550', 7500.00, 1.20, 21, 'Согласован'),
(1029, '2021-08-01', '2021-09-01', '2021-10-01', 'CUB0000063276', 57000.00, 1.20, 31, 'На согласовании'),
(1030, '2021-08-01', '2021-09-01', '2021-10-01', 'CUB0000063277', 60000.00, 1.20, 31, 'Согласован'),
(1031, '2021-08-01', '2021-08-01', '2021-08-01', 'CUB0000256114', 172633.20, 1.20, 5, 'Согласован'),
(1032, '2021-08-01', '2021-08-01', '2021-08-01', 'CUB0000256153', 172634.00, 1.20, 41, 'Согласован'),
(1033, '2021-09-01', '2021-09-01', '2021-11-01', 'CUB0000009111', 36500.00, 1.20, 11, 'Согласован'),
(1034, '2021-09-01', '2021-09-01', '2021-10-01', 'CUB0000010112', 36000.00, 1.00, 22, 'Согласован'),
(1035, '2021-09-01', '2021-09-01', '2021-10-01', 'CUB0000010787', 74104.80, 1.20, 5, 'Согласован'),
(1036, '2021-09-01', '2021-09-01', '2021-10-01', 'CUB0000010871', 210.00, 1.00, 41, 'Согласован'),
(1037, '2021-09-01', '2021-09-01', '2021-10-01', 'CUB0000012138', 21500.00, 1.20, 1, 'Согласован'),
(1038, '2021-09-01', '2021-09-01', '2021-10-01', 'CUB0000012211', 2700.00, 1.20, 28, 'Согласован'),
(1039, '2021-09-01', '2021-09-01', '2021-10-01', 'CUB0000012294', 4200.00, 1.20, 28, 'Согласован'),
(1040, '2021-09-01', '2021-09-01', '2021-10-01', 'CUB0000012322', 8000.00, 1.20, 28, 'Согласован'),
(1041, '2021-09-01', '2021-09-01', '2021-09-01', 'CUB0000012362', 9600.00, 1.20, 28, 'Согласован');
INSERT INTO `budget` (`id`, `scenario`, `month_exp`, `month_pay`, `number`, `summa`, `vat`, `budget_item_id`, `status`) VALUES
(1042, '2021-09-01', '2021-09-01', '2021-09-01', 'CUB0000013030', 6000.00, 1.00, 6, 'Согласован'),
(1043, '2021-09-01', '2021-09-01', '2021-09-01', 'CUB0000013224', 182542.00, 1.00, 13, 'Согласован'),
(1044, '2021-09-01', '2021-09-01', '2021-09-01', 'CUB0000013379', 1197608.00, 1.00, 44, 'Согласован'),
(1045, '2021-09-01', '2021-09-01', '2021-09-01', 'CUB0000013522', 1420080.73, 1.00, 15, 'Согласован'),
(1046, '2021-09-01', '2021-09-01', '2021-09-01', 'CUB0000013613', 2339420.00, 1.00, 16, 'Согласован'),
(1047, '2021-09-01', '2021-09-01', '2021-09-01', 'CUB0000013690', 600467.80, 1.00, 14, 'Согласован'),
(1048, '2021-09-01', '2021-09-01', '2021-09-01', 'CUB0000014851', 57850.00, 1.00, 20, 'Согласован'),
(1049, '2021-09-01', '2021-09-01', '2021-10-01', 'CUB0000015950', 223200.00, 1.20, 21, 'Согласован'),
(1050, '2021-09-01', '2021-09-01', '2021-09-01', 'CUB0000016018', 1457885.63, 1.20, 27, 'Согласован'),
(1051, '2021-09-01', '2021-09-01', '2021-09-01', 'CUB0000017622', 7000.00, 1.20, 22, 'Согласован'),
(1052, '2021-09-01', '2021-09-01', '2021-09-01', 'CUB0000017639', 540000.00, 1.20, 30, 'Согласован'),
(1053, '2021-09-01', '2021-09-01', '2021-09-01', 'CUB0000018847', 50000.00, 1.20, 25, 'Согласован'),
(1054, '2021-09-01', '2021-09-01', '2021-09-01', 'CUB0000019165', 6200.00, 1.00, 25, 'Согласован'),
(1055, '2021-09-01', '2021-09-01', '2021-09-01', 'CUB0000019202', 150326.90, 1.00, 3, 'Согласован'),
(1056, '2021-09-01', '2021-09-01', '2021-09-01', 'CUB0000019275', 17043829.80, 1.10, 24, 'Согласован'),
(1057, '2021-09-01', '2021-09-01', '2021-09-01', 'CUB0000019276', 4131252.12, 1.20, 24, 'Согласован'),
(1058, '2021-09-01', '2021-09-01', '2021-10-01', 'CUB0000059633', 98136.88, 1.00, 38, 'Согласован'),
(1059, '2021-09-01', '2021-09-01', '2021-10-01', 'CUB0000063352', 240000.00, 1.20, 29, 'Согласован'),
(1060, '2021-09-01', '2021-09-01', '2021-10-01', 'CUB0000063353', 212500.00, 1.20, 9, 'Согласован'),
(1061, '2021-09-01', '2021-09-01', '2021-10-01', 'CUB0000063356', 229875.00, 1.20, 23, 'Согласован'),
(1062, '2021-09-01', '2021-09-01', '2021-11-01', 'CUB0000063786', 57850.00, 1.20, 9, 'Согласован'),
(1063, '2021-09-01', '2021-09-01', '2021-10-01', 'CUB0000063788', 30000.00, 1.00, 39, 'Согласован'),
(1064, '2021-09-01', '2021-09-01', '2021-11-01', 'CUB0000063789', 50000.00, 1.20, 25, 'Согласован'),
(1065, '2021-09-01', '2021-09-01', '2021-10-01', 'CUB0000063790', 50000.00, 1.20, 36, 'Согласован'),
(1066, '2021-09-01', '2021-09-01', '2021-10-01', 'CUB0000063797', 60673.00, 1.00, 3, 'Согласован'),
(1067, '2021-09-01', '2021-09-01', '2021-10-01', 'CUB0000063799', 140000.00, 1.20, 25, 'Согласован'),
(1068, '2021-09-01', '2021-09-01', '2021-10-01', 'CUB0000063802', 5000.00, 1.20, 22, 'Согласован'),
(1069, '2021-09-01', '2021-09-01', '2021-10-01', 'CUB0000063808', 8925.00, 1.20, 4, 'Согласован'),
(1070, '2021-09-01', '2021-09-01', '2021-10-01', 'CUB0000063809', 13341.00, 1.20, 4, 'Согласован'),
(1071, '2021-09-01', '2021-09-01', '2021-10-01', 'CUB0000063815', 58000.00, 1.00, 9, 'Согласован'),
(1072, '2021-09-01', '2021-09-01', '2021-10-01', 'CUB0000063817', 30000.00, 1.20, 9, 'Согласован'),
(1073, '2021-09-01', '2021-09-01', '2021-10-01', 'CUB0000063818', 30000.00, 1.20, 35, 'Согласован'),
(1074, '2021-09-01', '2021-09-01', '2021-10-01', 'CUB0000063822', 20000.00, 1.20, 8, 'Согласован'),
(1075, '2021-09-01', '2021-09-01', '2021-10-01', 'CUB0000063824', 140000.00, 1.00, 25, 'Согласован'),
(1076, '2021-09-01', '2021-09-01', '2021-10-01', 'CUB0000063825', 20000.00, 1.20, 22, 'Согласован'),
(1077, '2021-09-01', '2021-09-01', '2021-10-01', 'CUB0000063826', 34156.00, 1.20, 26, 'Согласован'),
(1078, '2021-09-01', '2021-09-01', '2021-10-01', 'CUB0000063827', 6000.00, 1.00, 6, 'Согласован'),
(1079, '2021-09-01', '2021-09-01', '2021-10-01', 'CUB0000063828', 102000.00, 1.20, 8, 'Согласован'),
(1080, '2021-09-01', '2021-09-01', '2021-10-01', 'CUB0000063830', 80000.00, 1.20, 8, 'Согласован'),
(1081, '2021-09-01', '2021-09-01', '2021-10-01', 'CUB0000063832', 40000.00, 1.20, 8, 'Согласован'),
(1082, '2021-09-01', '2021-09-01', '2021-10-01', 'CUB0000063833', 660000.00, 1.20, 8, 'Согласован'),
(1083, '2021-09-01', '2021-09-01', '2021-10-01', 'CUB0000063834', 70000.00, 1.20, 25, 'Согласован'),
(1084, '2021-09-01', '2021-09-01', '2021-10-01', 'CUB0000063866', 10000.00, 1.20, 18, 'Согласован'),
(1085, '2021-09-01', '2021-09-01', '2021-10-01', 'CUB0000063867', 12000.00, 1.20, 18, 'Согласован'),
(1086, '2021-09-01', '2021-09-01', '2021-10-01', 'CUB0000063868', 90000.00, 1.00, 25, 'Согласован'),
(1087, '2021-09-01', '2021-09-01', '2021-10-01', 'CUB0000063869', 40000.00, 1.00, 10, 'Согласован'),
(1088, '2021-09-01', '2021-09-01', '2021-10-01', 'CUB0000063870', 35000.00, 1.20, 23, 'Согласован'),
(1089, '2021-09-01', '2021-09-01', '2021-10-01', 'CUB0000063871', 20000.00, 1.20, 25, 'Согласован'),
(1090, '2021-09-01', '2021-09-01', '2021-10-01', 'CUB0000064039', 150000.00, 1.20, 11, 'Согласован'),
(1091, '2021-09-01', '2021-09-01', '2021-10-01', 'CUB0000064040', 50000.00, 1.20, 11, 'Согласован'),
(1092, '2021-09-01', '2021-09-01', '2021-11-01', 'CUB0000256700', 150000.00, 1.20, 9, 'Согласован'),
(1093, '2021-09-01', '2021-09-01', '2021-09-01', 'CUB0000256744', 200000.00, 1.20, 31, 'Согласован'),
(1094, '2021-09-01', '2021-09-01', '2021-10-01', 'CUB0000257957', 25600.00, 1.00, 31, 'Согласован'),
(1095, '2021-10-01', '2021-10-01', '2021-10-01', 'CUB0000009114', 36500.00, 1.20, 11, 'Согласован'),
(1096, '2021-10-01', '2021-10-01', '2021-11-01', 'CUB0000010120', 32000.00, 1.00, 22, 'Согласован'),
(1097, '2021-10-01', '2021-10-01', '2021-11-01', 'CUB0000010767', 74104.80, 1.20, 5, 'Согласован'),
(1098, '2021-10-01', '2021-10-01', '2022-02-01', 'CUB0000010896', 1300.00, 1.00, 41, 'Согласован'),
(1099, '2021-10-01', '2021-10-01', '2021-11-01', 'CUB0000012149', 21500.00, 1.20, 1, 'Согласован'),
(1100, '2021-10-01', '2021-10-01', '2021-11-01', 'CUB0000012218', 2700.00, 1.20, 28, 'Согласован'),
(1101, '2021-10-01', '2021-10-01', '2021-11-01', 'CUB0000012296', 4200.00, 1.20, 28, 'Согласован'),
(1102, '2021-10-01', '2021-10-01', '2021-11-01', 'CUB0000012325', 8000.00, 1.20, 33, 'Согласован'),
(1103, '2021-10-01', '2021-10-01', '2021-10-01', 'CUB0000012364', 9600.00, 1.20, 28, 'Согласован'),
(1104, '2021-10-01', '2021-10-01', '2021-12-01', 'CUB0000013034', 6000.00, 1.20, 33, 'Согласован'),
(1105, '2021-10-01', '2021-10-01', '2021-10-01', 'CUB0000013227', 184127.35, 1.00, 13, 'Согласован'),
(1106, '2021-10-01', '2021-10-01', '2021-10-01', 'CUB0000013539', 1853442.70, 1.00, 44, 'Согласован'),
(1107, '2021-10-01', '2021-10-01', '2021-10-01', 'CUB0000013663', 2519420.00, 1.00, 16, 'Согласован'),
(1108, '2021-10-01', '2021-10-01', '2021-10-01', 'CUB0000013692', 765903.68, 1.00, 17, 'Согласован'),
(1109, '2021-10-01', '2021-10-01', '2021-10-01', 'CUB0000015953', 215775.00, 1.20, 21, 'Согласован'),
(1110, '2021-10-01', '2021-10-01', '2021-10-01', 'CUB0000016020', 1545998.34, 1.20, 27, 'Согласован'),
(1111, '2021-10-01', '2021-10-01', '2021-12-01', 'CUB0000017623', 7000.00, 1.20, 22, 'Согласован'),
(1112, '2021-10-01', '2021-10-01', '2021-11-01', 'CUB0000017657', 648000.00, 1.20, 30, 'Согласован'),
(1113, '2021-10-01', '2021-10-01', '2021-10-01', 'CUB0000018850', 50000.00, 1.20, 25, 'Согласован'),
(1114, '2021-10-01', '2021-10-01', '2021-10-01', 'CUB0000019169', 6200.00, 1.00, 25, 'Согласован'),
(1115, '2021-10-01', '2021-10-01', '2021-11-01', 'CUB0000019205', 211000.00, 1.20, 3, 'Согласован'),
(1116, '2021-10-01', '2021-10-01', '2021-12-01', 'CUB0000019235', 200000.00, 1.20, 8, 'Согласован'),
(1117, '2021-10-01', '2021-10-01', '2021-11-01', 'CUB0000019277', 18145818.10, 1.10, 24, 'Согласован'),
(1118, '2021-10-01', '2021-10-01', '2021-10-01', 'CUB0000019283', 4398130.76, 1.20, 24, 'Согласован'),
(1119, '2021-10-01', '2021-10-01', '2021-11-01', 'CUB0000261471', 58463.00, 1.00, 3, 'Согласован'),
(1120, '2021-10-01', '2021-10-01', '2021-11-01', 'CUB0000261513', 58462.00, 1.20, 33, 'Согласован'),
(1121, '2021-10-01', '2021-10-01', '2021-11-01', 'CUB0000261552', 180000.00, 1.20, 25, 'Согласован'),
(1122, '2021-10-01', '2021-10-01', '2021-11-01', 'CUB0000261565', 5000.00, 1.20, 22, 'Согласован'),
(1123, '2021-10-01', '2021-10-01', '2021-11-01', 'CUB0000261574', 8606.00, 1.20, 4, 'Согласован'),
(1124, '2021-10-01', '2021-10-01', '2021-11-01', 'CUB0000261578', 12851.00, 1.20, 4, 'Согласован'),
(1125, '2021-10-01', '2021-10-01', '2021-11-01', 'CUB0000261589', 7425.00, 1.20, 21, 'Согласован'),
(1126, '2021-10-01', '2021-10-01', '2021-11-01', 'CUB0000261596', 220000.00, 1.20, 8, 'Согласован'),
(1127, '2021-10-01', '2021-10-01', '2021-11-01', 'CUB0000261602', 30000.00, 1.20, 9, 'Согласован'),
(1128, '2021-10-01', '2021-10-01', '2021-11-01', 'CUB0000261613', 50000.00, 1.20, 35, 'Согласован'),
(1129, '2021-10-01', '2021-10-01', '2021-11-01', 'CUB0000261621', 100000.00, 1.20, 8, 'Согласован'),
(1130, '2021-10-01', '2021-10-01', '2021-11-01', 'CUB0000261624', 14000.00, 1.20, 33, 'Согласован'),
(1131, '2021-10-01', '2021-10-01', '2021-11-01', 'CUB0000261630', 64667.00, 1.20, 26, 'Согласован'),
(1132, '2021-10-01', '2021-10-01', '2021-11-01', 'CUB0000261636', 6000.00, 1.20, 6, 'Согласован'),
(1133, '2021-10-01', '2021-10-01', '2021-11-01', 'CUB0000261850', 50000.00, 1.00, 37, 'Согласован'),
(1134, '2021-10-01', '2021-10-01', '2021-11-01', 'CUB0000261861', 175000.00, 1.20, 22, 'Согласован'),
(1135, '2021-10-01', '2021-10-01', '2021-11-01', 'CUB0000261870', 120000.00, 1.00, 22, 'Согласован'),
(1136, '2021-10-01', '2021-10-01', '2021-11-01', 'CUB0000261903', 100000.00, 1.20, 8, 'Согласован'),
(1137, '2021-10-01', '2021-10-01', '2021-11-01', 'CUB0000261910', 70000.00, 1.20, 8, 'Согласован'),
(1138, '2021-10-01', '2021-10-01', '2021-11-01', 'CUB0000262010', 6000.00, 1.20, 11, 'Согласован'),
(1139, '2021-10-01', '2021-07-01', '2021-10-01', 'CUB0000278398', 3500.00, 1.00, 12, 'Согласован'),
(1140, '2021-10-01', '2021-08-01', '2021-10-01', 'CUB0000278399', 3500.00, 1.00, 12, 'Согласован'),
(1141, '2021-10-01', '2021-09-01', '2021-10-01', 'CUB0000278400', 3500.00, 1.00, 12, 'Согласован'),
(1142, '2021-10-01', '2021-07-01', '2021-10-01', 'CUB0000278404', 400000.00, 1.00, 43, 'Согласован'),
(1143, '2021-10-01', '2021-08-01', '2021-10-01', 'CUB0000278405', 400000.00, 1.00, 43, 'Согласован'),
(1144, '2021-10-01', '2021-09-01', '2021-10-01', 'CUB0000278406', 400000.00, 1.00, 43, 'Согласован'),
(1145, '2021-10-01', '2021-10-01', '2021-11-01', 'CUB0000278657', 42000.00, 1.20, 29, 'Согласован'),
(1146, '2021-10-01', '2021-10-01', '2021-11-01', 'CUB0000278658', 133000.00, 1.20, 9, 'Согласован'),
(1147, '2021-10-01', '2021-10-01', '2021-11-01', 'CUB0000278659', 104000.00, 1.20, 23, 'Согласован'),
(1148, '2021-10-01', '2021-10-01', '2021-10-01', 'CUB0000278662', 57850.00, 1.00, 20, 'Согласован'),
(1149, '2021-10-01', '2021-10-01', '2021-11-01', 'CUB0000278663', 30000.00, 1.00, 29, 'Согласован'),
(1150, '2021-10-01', '2021-10-01', '2021-11-01', 'CUB0000279352', 10000.00, 1.20, 18, 'Согласован'),
(1151, '2021-10-01', '2021-10-01', '2021-11-01', 'CUB0000279353', 7073.60, 1.20, 18, 'Согласован'),
(1152, '2021-10-01', '2021-10-01', '2021-11-01', 'CUB0000279408', 150000.00, 1.20, 1, 'Согласован'),
(1153, '2021-10-01', '2021-10-01', '2021-11-01', 'CUB0000279414', 605682.00, 1.00, 14, 'Согласован'),
(1154, '2021-10-01', '2021-10-01', '2021-11-01', 'CUB0000279471', 150000.00, 1.20, 11, 'Согласован'),
(1155, '2021-10-01', '2021-10-01', '2021-11-01', 'CUB0000279473', 40000.00, 1.00, 10, 'Согласован'),
(1156, '2021-10-01', '2021-10-01', '2021-11-01', 'CUB0000279486', 20000.00, 1.20, 22, 'Согласован'),
(1157, '2021-10-01', '2021-10-01', '2021-11-01', 'CUB0000279487', 90000.00, 1.00, 8, 'Согласован'),
(1158, '2021-10-01', '2021-10-01', '2021-11-01', 'CUB0000279488', 41500.00, 1.00, 25, 'Согласован'),
(1159, '2021-10-01', '2021-10-01', '2021-11-01', 'CUB0000279492', 60000.00, 1.20, 9, 'Согласован'),
(1160, '2021-10-01', '2021-10-01', '2021-11-01', 'CUB0000279493', 20000.00, 1.20, 22, 'Согласован'),
(1161, '2021-10-01', '2021-10-01', '2021-11-01', 'CUB0000279494', 1500.00, 1.20, 28, 'Согласован'),
(1162, '2021-11-01', '2021-11-01', '2021-12-01', 'CUB0000010129', 4000.00, 1.00, 22, 'Согласован'),
(1163, '2021-11-01', '2021-11-01', '2021-12-01', 'CUB0000010137', 32000.00, 1.00, 22, 'Согласован'),
(1164, '2021-11-01', '2021-11-01', '2021-12-01', 'CUB0000010792', 74104.80, 1.20, 5, 'Согласован'),
(1165, '2021-11-01', '2021-11-01', '2022-02-01', 'CUB0000011000', 1300.00, 1.00, 41, 'Согласован'),
(1166, '2021-11-01', '2021-11-01', '2021-12-01', 'CUB0000012155', 21500.00, 1.20, 1, 'Согласован'),
(1167, '2021-11-01', '2021-11-01', '2021-12-01', 'CUB0000012233', 2700.00, 1.20, 28, 'Согласован'),
(1168, '2021-11-01', '2021-11-01', '2021-12-01', 'CUB0000012297', 4200.00, 1.20, 28, 'Согласован'),
(1169, '2021-11-01', '2021-11-01', '2021-12-01', 'CUB0000012331', 8000.00, 1.20, 36, 'Согласован'),
(1170, '2021-11-01', '2021-11-01', '2021-11-01', 'CUB0000012366', 9600.00, 1.20, 28, 'Согласован'),
(1171, '2021-11-01', '2021-11-01', '2021-12-01', 'CUB0000013040', 6000.00, 1.00, 37, 'Согласован'),
(1172, '2021-11-01', '2021-11-01', '2021-11-01', 'CUB0000013231', 185826.00, 1.00, 13, 'Согласован'),
(1173, '2021-11-01', '2021-11-01', '2021-11-01', 'CUB0000013437', 435387.00, 1.00, 44, 'Согласован'),
(1174, '2021-11-01', '2021-11-01', '2021-11-01', 'CUB0000013540', 1432193.66, 1.00, 15, 'Согласован'),
(1175, '2021-11-01', '2021-11-01', '2021-11-01', 'CUB0000013666', 2552510.20, 1.00, 16, 'Согласован'),
(1176, '2021-11-01', '2021-11-01', '2021-11-01', 'CUB0000013696', 775963.10, 1.00, 17, 'Согласован'),
(1177, '2021-11-01', '2021-11-01', '2021-11-01', 'CUB0000014862', 57850.00, 1.00, 20, 'Согласован'),
(1178, '2021-11-01', '2021-11-01', '2021-12-01', 'CUB0000015979', 223200.00, 1.20, 21, 'Согласован'),
(1179, '2021-11-01', '2021-11-01', '2021-11-01', 'CUB0000016022', 1560484.74, 1.20, 27, 'Согласован'),
(1180, '2021-11-01', '2021-11-01', '2021-12-01', 'CUB0000017624', 7000.00, 1.20, 22, 'Согласован'),
(1181, '2021-11-01', '2021-11-01', '2021-12-01', 'CUB0000017658', 519000.00, 1.20, 30, 'Согласован'),
(1182, '2021-11-01', '2021-11-01', '2021-12-01', 'CUB0000018887', 50000.00, 1.20, 25, 'Согласован'),
(1183, '2021-11-01', '2021-11-01', '2021-12-01', 'CUB0000019173', 6600.00, 1.00, 25, 'Согласован'),
(1184, '2021-11-01', '2021-11-01', '2021-12-01', 'CUB0000019207', 211000.00, 1.00, 3, 'Согласован'),
(1185, '2021-11-01', '2021-11-01', '2021-11-01', 'CUB0000019285', 20001376.70, 1.10, 24, 'Согласован'),
(1186, '2021-11-01', '2021-11-01', '2021-11-01', 'CUB0000019314', 2424409.00, 1.20, 24, 'Согласован'),
(1187, '2021-11-01', '2021-11-01', '2021-12-01', 'CUB0000281421', 605682.00, 1.00, 14, 'Согласован'),
(1188, '2021-11-01', '2021-11-01', '2021-12-01', 'CUB0000281579', 28000.00, 1.20, 31, 'Согласован'),
(1189, '2021-11-01', '2021-11-01', '2021-12-01', 'CUB0000282631', 30000.00, 1.00, 39, 'Согласован'),
(1190, '2021-11-01', '2021-11-01', '2021-12-01', 'CUB0000282632', 30000.00, 1.20, 22, 'Согласован'),
(1191, '2021-11-01', '2021-11-01', '2021-12-01', 'CUB0000282664', 148476.40, 1.20, 1, 'Согласован'),
(1192, '2021-11-01', '2021-11-01', '2021-12-01', 'CUB0000282723', 210000.00, 1.20, 8, 'Согласован'),
(1193, '2021-11-01', '2021-11-01', '2021-12-01', 'CUB0000282726', 200000.00, 1.20, 40, 'Согласован'),
(1194, '2021-11-01', '2021-11-01', '2021-12-01', 'CUB0000282738', 230200.00, 1.20, 40, 'Согласован'),
(1195, '2021-11-01', '2021-11-01', '2021-12-01', 'CUB0000282740', 9057.00, 1.20, 4, 'Согласован'),
(1196, '2021-11-01', '2021-11-01', '2021-12-01', 'CUB0000282742', 13538.00, 1.20, 4, 'Согласован'),
(1197, '2021-11-01', '2021-11-01', '2021-12-01', 'CUB0000282744', 112705.00, 1.20, 26, 'Согласован'),
(1198, '2021-11-01', '2021-11-01', '2021-12-01', 'CUB0000282751', 73600.00, 1.20, 11, 'Согласован'),
(1199, '2021-11-01', '2021-11-01', '2021-12-01', 'CUB0000282752', 36500.00, 1.20, 35, 'Согласован'),
(1200, '2021-11-01', '2021-11-01', '2021-12-01', 'CUB0000282753', 27900.00, 1.00, 10, 'Согласован'),
(1201, '2021-11-01', '2021-11-01', '2021-12-01', 'CUB0000282754', 20000.00, 1.20, 25, 'Согласован'),
(1202, '2021-11-01', '2021-11-01', '2021-12-01', 'CUB0000282755', 90000.00, 1.00, 8, 'Согласован'),
(1203, '2021-11-01', '2021-11-01', '2021-12-01', 'CUB0000282756', 50000.00, 1.20, 22, 'Согласован'),
(1204, '2021-11-01', '2021-11-01', '2021-12-01', 'CUB0000282757', 1500.00, 1.20, 28, 'Согласован'),
(1205, '2021-11-01', '2021-11-01', '2021-12-01', 'CUB0000282758', 60000.00, 1.20, 8, 'Согласован'),
(1206, '2021-11-01', '2021-11-01', '2021-12-01', 'CUB0000282759', 80000.00, 1.20, 9, 'Согласован'),
(1207, '2021-11-01', '2021-11-01', '2021-12-01', 'CUB0000282760', 210357.16, 1.20, 25, 'Согласован'),
(1208, '2021-11-01', '2021-11-01', '2021-12-01', 'CUB0000282761', 70000.00, 1.20, 8, 'Согласован'),
(1209, '2021-11-01', '2021-11-01', '2021-12-01', 'CUB0000282762', 37000.00, 1.20, 8, 'Согласован'),
(1210, '2021-11-01', '2021-11-01', '2021-12-01', 'CUB0000282763', 140000.00, 1.00, 33, 'Согласован'),
(1211, '2021-11-01', '2021-11-01', '2021-12-01', 'CUB0000282764', 5000.00, 1.20, 22, 'Согласован'),
(1212, '2021-11-01', '2021-11-01', '2021-12-01', 'CUB0000282765', 154800.00, 1.20, 29, 'Согласован'),
(1213, '2021-11-01', '2021-11-01', '2021-12-01', 'CUB0000282766', 98000.00, 1.20, 23, 'Согласован'),
(1214, '2021-11-01', '2021-11-01', '2021-12-01', 'CUB0000282767', 138321.00, 1.20, 9, 'Согласован'),
(1215, '2021-11-01', '2021-11-01', '2021-12-01', 'CUB0000282768', 22000.00, 1.20, 22, 'Согласован'),
(1216, '2021-11-01', '2021-11-01', '2021-12-01', 'CUB0000282772', 30000.00, 1.00, 37, 'Согласован'),
(1217, '2021-11-01', '2021-11-01', '2021-11-01', 'CUB0000282774', 1061889.60, 1.20, 27, 'Согласован'),
(1218, '2021-11-01', '2021-12-01', '2021-12-01', 'CUB0000282775', 1061889.60, 1.20, 27, 'На согласовании'),
(1219, '2021-11-01', '2021-11-01', '2021-11-01', 'CUB0000282776', 16211268.81, 1.10, 24, 'Согласован'),
(1220, '2021-11-01', '2021-12-01', '2021-12-01', 'CUB0000282777', 16211268.81, 1.10, 24, 'На согласовании'),
(1221, '2021-11-01', '2021-11-01', '2021-11-01', 'CUB0000282811', 1965002.00, 1.20, 24, 'Согласован'),
(1222, '2021-11-01', '2021-12-01', '2021-12-01', 'CUB0000282812', 1965002.00, 1.20, 24, 'На согласовании'),
(1223, '2021-11-01', '2021-11-01', '2021-12-01', 'CUB0000282864', 62553.60, 1.20, 50, 'Согласован'),
(1224, '2021-11-01', '2021-11-01', '2021-12-01', 'CUB0000282868', 81000.00, 1.20, 31, 'Согласован'),
(1225, '2021-11-01', '2021-11-01', '2021-12-01', 'CUB0000282870', 648000.00, 1.20, 31, 'Согласован'),
(1226, '2021-11-01', '2021-11-01', '2021-12-01', 'CUB0000282871', 715000.29, 1.20, 31, 'Согласован'),
(1227, '2021-11-01', '2021-11-01', '2021-12-01', 'CUB0000282894', 10000.00, 1.20, 18, 'Согласован'),
(1228, '2021-11-01', '2021-11-01', '2021-12-01', 'CUB0000282895', 7073.60, 1.20, 18, 'Согласован'),
(1229, '2021-11-01', '2021-11-01', '2021-12-01', 'CUB0000282897', 90000.00, 1.20, 8, 'Согласован'),
(1230, '2022-09-01', '2022-09-01', '2022-10-01', 'CUB0000307172', 83160.00, 1.20, 5, 'Согласован'),
(1231, '2022-09-01', '2022-09-01', '2022-10-01', 'CUB0000327685', 1000.00, 1.00, 41, 'Согласован'),
(1232, '2022-09-01', '2022-09-01', '2022-09-01', 'CUB0000329170', 3491641.24, 1.00, 27, 'Согласован'),
(1233, '2022-09-01', '2022-09-01', '2022-09-01', 'CUB0000329171', 45595974.00, 1.00, 24, 'Согласован'),
(1234, '2022-09-01', '2022-09-01', '2022-10-01', 'CUB0000355172', 150621.00, 1.00, 38, 'Согласован'),
(1235, '2022-09-01', '2022-09-01', '2022-09-01', 'CUB0000360130', 4350.00, 1.00, 11, 'Согласован'),
(1236, '2022-09-01', '2022-09-01', '2022-10-01', 'CUB0000360443', 250000.00, 1.20, 9, 'Согласован'),
(1237, '2022-09-01', '2022-09-01', '2022-10-01', 'CUB0000360683', 21500.00, 1.20, 1, 'Согласован'),
(1238, '2022-09-01', '2022-09-01', '2022-10-01', 'CUB0000360684', 90000.00, 1.20, 1, 'Согласован'),
(1239, '2022-09-01', '2022-09-01', '2022-10-01', 'CUB0000360685', 4200.00, 1.20, 28, 'Согласован'),
(1240, '2022-09-01', '2022-09-01', '2022-10-01', 'CUB0000360686', 2700.00, 1.20, 28, 'Согласован'),
(1241, '2022-09-01', '2022-09-01', '2022-10-01', 'CUB0000360687', 9600.00, 1.20, 28, 'Согласован'),
(1242, '2022-09-01', '2022-09-01', '2022-10-01', 'CUB0000360688', 8000.00, 1.20, 28, 'Согласован'),
(1243, '2022-09-01', '2022-09-01', '2022-10-01', 'CUB0000360689', 3153321.00, 1.00, 15, 'Согласован'),
(1244, '2022-09-01', '2022-09-01', '2022-10-01', 'CUB0000360691', 3518294.00, 1.00, 16, 'Согласован'),
(1245, '2022-09-01', '2022-09-01', '2022-10-01', 'CUB0000360692', 120413.48, 1.00, 13, 'Согласован'),
(1246, '2022-09-01', '2022-09-01', '2022-10-01', 'CUB0000360693', 396096.31, 1.00, 14, 'Согласован'),
(1247, '2022-09-01', '2022-09-01', '2022-10-01', 'CUB0000361668', 50000.00, 1.00, 37, 'Согласован'),
(1248, '2022-09-01', '2022-09-01', '2022-10-01', 'CUB0000361670', 20000.00, 1.20, 23, 'Согласован'),
(1249, '2022-09-01', '2022-09-01', '2022-10-01', 'CUB0000361671', 101500.00, 1.20, 9, 'Согласован'),
(1250, '2022-09-01', '2022-09-01', '2022-10-01', 'CUB0000361673', 91000.00, 1.20, 23, 'Согласован'),
(1251, '2022-09-01', '2022-09-01', '2022-10-01', 'CUB0000361674', 130000.00, 1.20, 29, 'Согласован'),
(1252, '2022-09-01', '2022-09-01', '2022-10-01', 'CUB0000361686', 50000.00, 1.20, 23, 'Согласован'),
(1253, '2022-09-01', '2022-09-01', '2022-10-01', 'CUB0000361687', 10000.00, 1.20, 18, 'Согласован'),
(1254, '2022-09-01', '2022-09-01', '2022-10-01', 'CUB0000361688', 14000.00, 1.20, 18, 'Согласован'),
(1255, '2022-09-01', '2022-09-01', '2022-10-01', 'CUB0000361690', 250000.00, 1.20, 25, 'Согласован'),
(1256, '2022-09-01', '2022-09-01', '2022-10-01', 'CUB0000361691', 50000.00, 1.20, 25, 'Согласован'),
(1257, '2022-09-01', '2022-09-01', '2022-10-01', 'CUB0000361695', 570000.00, 1.20, 30, 'Согласован'),
(1258, '2022-09-01', '2022-09-01', '2022-10-01', 'CUB0000361697', 6600.00, 1.00, 25, 'Согласован'),
(1259, '2022-09-01', '2022-09-01', '2022-10-01', 'CUB0000361698', 230000.00, 1.20, 25, 'Согласован'),
(1260, '2022-09-01', '2022-09-01', '2022-10-01', 'CUB0000361699', 36000.00, 1.00, 42, 'Согласован'),
(1261, '2022-09-01', '2022-09-01', '2022-10-01', 'CUB0000361701', 5000.00, 1.20, 22, 'Согласован'),
(1262, '2022-09-01', '2022-09-01', '2022-10-01', 'CUB0000361702', 9738.75, 1.20, 4, 'Согласован'),
(1263, '2022-09-01', '2022-09-01', '2022-10-01', 'CUB0000361715', 30000.00, 1.00, 49, 'Согласован'),
(1264, '2022-09-01', '2022-09-01', '2022-09-01', 'CUB0000361716', 66750.00, 1.00, 20, 'Согласован'),
(1265, '2022-09-01', '2022-09-01', '2022-10-01', 'CUB0000361717', 70000.00, 1.20, 2, 'Согласован'),
(1266, '2022-09-01', '2022-09-01', '2022-10-01', 'CUB0000361723', 150000.00, 1.00, 11, 'Согласован'),
(1267, '2022-09-01', '2022-09-01', '2022-10-01', 'CUB0000361725', 14558.00, 1.20, 4, 'Согласован'),
(1268, '2022-09-01', '2022-09-01', '2022-10-01', 'CUB0000361726', 130000.00, 1.00, 5, 'Согласован'),
(1269, '2022-09-01', '2022-09-01', '2022-10-01', 'CUB0000361727', 262000.00, 1.20, 21, 'Согласован'),
(1270, '2022-09-01', '2022-09-01', '2022-10-01', 'CUB0000361729', 7000.00, 1.20, 22, 'Согласован'),
(1271, '2022-09-01', '2022-09-01', '2022-10-01', 'CUB0000361730', 23000.00, 1.00, 10, 'Согласован'),
(1272, '2022-09-01', '2022-09-01', '2022-10-01', 'CUB0000361731', 3866.43, 1.20, 26, 'Согласован'),
(1273, '2022-09-01', '2022-09-01', '2022-10-01', 'CUB0000361733', 63000.00, 1.00, 23, 'Согласован'),
(1274, '2022-09-01', '2022-09-01', '2022-10-01', 'CUB0000361734', 5940.00, 1.00, 6, 'Согласован'),
(1275, '2022-09-01', '2022-09-01', '2022-10-01', 'CUB0000361736', 10000.00, 1.20, 45, 'Согласован'),
(1276, '2022-09-01', '2022-09-01', '2022-10-01', 'CUB0000361737', 260000.00, 1.00, 3, 'Согласован'),
(1277, '2022-09-01', '2022-09-01', '2022-10-01', 'CUB0000361739', 80000.00, 1.20, 8, 'Согласован'),
(1278, '2022-09-01', '2022-09-01', '2022-10-01', 'CUB0000361741', 100000.00, 1.20, 22, 'Согласован'),
(1279, '2022-09-01', '2022-09-01', '2022-10-01', 'CUB0000361746', 250000.00, 1.20, 9, 'Согласован'),
(1280, '2022-09-01', '2022-09-01', '2022-10-01', 'CUB0000361748', 15000.00, 1.10, 48, 'Согласован'),
(1281, '2022-09-01', '2022-09-01', '2022-10-01', 'CUB0000361750', 30000.00, 1.20, 33, 'Согласован'),
(1282, '2022-09-01', '2022-09-01', '2022-10-01', 'CUB0000361752', 210000.00, 1.20, 8, 'Согласован'),
(1283, '2022-09-01', '2022-09-01', '2022-10-01', 'CUB0000361759', 250000.00, 1.20, 8, 'Согласован'),
(1284, '2022-09-01', '2022-09-01', '2022-10-01', 'CUB0000361760', 320000.00, 1.20, 8, 'Согласован'),
(1285, '2022-09-01', '2022-09-01', '2022-10-01', 'CUB0000361788', 150000.00, 1.20, 25, 'Согласован'),
(1286, '2022-09-01', '2022-09-01', '2022-10-01', 'CUB0000361789', 500000.00, 1.20, 8, 'Согласован'),
(1287, '2022-09-01', '2022-09-01', '2022-10-01', 'CUB0000361791', 200000.00, 1.00, 42, 'Согласован');

-- --------------------------------------------------------

--
-- Структура таблицы `budget_items`
--

CREATE TABLE `budget_items` (
  `id` int(11) NOT NULL,
  `name_budget_item` varchar(255) COLLATE utf8mb4_unicode_ci NOT NULL,
  `name_upp` varchar(255) COLLATE utf8mb4_unicode_ci DEFAULT NULL,
  `name_old` varchar(255) COLLATE utf8mb4_unicode_ci DEFAULT NULL
) ENGINE=InnoDB DEFAULT CHARSET=utf8mb4 COLLATE=utf8mb4_unicode_ci COMMENT='Статьи расходов';

--
-- Дамп данных таблицы `budget_items`
--

INSERT INTO `budget_items` (`id`, `name_budget_item`, `name_upp`, `name_old`) VALUES
(1, 'СП Аренда зданий и помещений', NULL, NULL),
(2, 'СП Аутстаффинг ПР', NULL, NULL),
(3, 'СП Вахта ПР', NULL, NULL),
(4, 'СП Водоснабжение и водоотведение ПР', NULL, NULL),
(5, 'СП Вывоз и утилизация отходов ПР', NULL, NULL),
(6, 'СП ГСМ', NULL, NULL),
(7, 'СП Доставка СП до РЦ ПР', NULL, NULL),
(8, 'СП Запасные части и комплектующие ПР', NULL, NULL),
(9, 'СП Инструмент и инвентарь ПР', NULL, NULL),
(10, 'СП Коммунальные услуги прочие ПР', NULL, NULL),
(11, 'СП Лабораторные исследования и сертификация ПР', NULL, NULL),
(12, 'СП Налог на землю', NULL, NULL),
(13, 'СП Налоги и взносы, связанные с расходами на оплату труда', NULL, NULL),
(14, 'СП Оплата труда - постоянная часть', NULL, NULL),
(15, 'СП Оплата труда ОПР', NULL, NULL),
(16, 'СП Оплата труда ПР', NULL, NULL),
(17, 'СП Отчисления с ФОТ ПР', NULL, NULL),
(18, 'СП Офисные и канцелярские расходные материалы', NULL, NULL),
(19, 'СП Программы производственного контроля', NULL, NULL),
(20, 'СП Расходы на обязательное медобслуживание ПР', NULL, NULL),
(21, 'СП Расходы на охрану', NULL, NULL),
(22, 'СП Ремонт и ТО помещений, зданий, территории ПР', NULL, NULL),
(23, 'СП Спецодежда и СИЗ ПР', NULL, NULL),
(24, 'СП Сырье ПР', NULL, NULL),
(25, 'СП Текущий ремонт и ТО технологического оборудования ПР', NULL, NULL),
(26, 'СП Теплоснабжение ПР', NULL, NULL),
(27, 'СП Упаковка ПР', NULL, NULL),
(28, 'СП Услуги связи', NULL, NULL),
(29, 'СП Хозяйственный и прочие расходные материалы', NULL, NULL),
(30, 'СП Электроэнергия ПР', NULL, NULL),
(31, 'Инв.Оборудование', NULL, NULL),
(32, 'СП Расходы по подбору персонала\r\n', NULL, NULL),
(33, 'СП Расходы на обучение ПР', NULL, NULL),
(34, 'Инв.Капитaльные ремонты', NULL, NULL),
(35, 'СП Ремонт/ТО ИТ оборудования', NULL, NULL),
(36, 'СП Стирка спецодежды ПР', NULL, NULL),
(37, 'СП Прочие расходы на персонал ПР', NULL, NULL),
(38, 'СП Услуги страхования ПР', NULL, NULL),
(39, 'СП Информационные и консультационные услуги', NULL, NULL),
(40, 'СП Ремонт и ТО прочего оборудования ПР', NULL, NULL),
(41, 'СП Налог на экологию', NULL, NULL),
(42, 'СП Ремонт и ТО инженерной инфраструктуры ПР', NULL, NULL),
(43, 'СП Налог на имущество', NULL, NULL),
(44, 'СП Отчисления с ФОТ ОПР', NULL, NULL),
(45, 'СП Реактивы ПР', NULL, NULL),
(46, 'СП Теплоснабжение', NULL, NULL),
(47, 'Инв.Приобретение зданий и сооружений', NULL, NULL),
(48, 'СП Командировочные расходы', NULL, NULL),
(49, 'СП Расходы по подбору персонала ПР', NULL, NULL),
(50, 'Инв.Общехозяйственные материалы', NULL, NULL);

-- --------------------------------------------------------

--
-- Структура таблицы `er`
--

CREATE TABLE `er` (
  `id` int(11) NOT NULL,
  `id_partner` int(11) NOT NULL,
  `id_budget_item` int(11) NOT NULL,
  `number` varchar(30) COLLATE utf8mb4_unicode_ci DEFAULT NULL,
  `data_start` date NOT NULL,
  `data_end` date NOT NULL,
  `otsrochka` int(11) NOT NULL,
  `summa` double(11,2) NOT NULL
) ENGINE=InnoDB DEFAULT CHARSET=utf8mb4 COLLATE=utf8mb4_unicode_ci;

--
-- Дамп данных таблицы `er`
--

INSERT INTO `er` (`id`, `id_partner`, `id_budget_item`, `number`, `data_start`, `data_end`, `otsrochka`, `summa`) VALUES
(1, 1, 25, '0002/102020ТЛТ', '2020-10-15', '2021-10-15', 14, 807840.00),
(2, 2, 5, '0006/102020ТЛТ', '2020-10-23', '2021-10-23', 25, 182000.00),
(3, 2, 5, '0001/122020ТЛТ', '2021-01-18', '2021-01-18', 25, 442000.00),
(4, 15, 9, '0003/022021ТЛТ', '2021-02-15', '2022-02-15', 30, 983928.00),
(5, 15, 22, '0011/122020ТЛТ', '2020-12-29', '2021-12-29', 30, 364239.70),
(6, 15, 23, '0617/2020ТЛТ', '2020-09-09', '2021-09-08', 30, 994494.00),
(7, 15, 29, '0007/122020ТЛТ', '2020-12-25', '2021-12-25', 30, 769225.00),
(8, 7, 8, '0010/032021ТЛТ', '2021-04-02', '2022-04-02', 14, 854666.67),
(9, 7, 8, '0001/012021ТЛТ', '2021-01-22', '2022-01-22', 0, 74478.33),
(10, 7, 9, '0009/112020ТЛТ', '2020-12-02', '2021-12-02', 0, 172583.33),
(11, 14, 8, '0576/2020ТЛТ', '2020-08-26', '2021-08-25', 14, 942133.28),
(12, 16, 31, '0006/112020ТЛТ', '2020-11-25', '2021-11-25', 15, 466666.66),
(13, 17, 8, '0582/2020ТЛТ', '2020-08-27', '2021-08-26', 14, 488366.48),
(14, 17, 8, '0010/042021ТЛТ', '2021-05-21', '2022-05-22', 14, 842283.83),
(15, 18, 25, '0012/042021ТЛТ', '2021-04-29', '2022-04-29', 14, 291860.00),
(16, 19, 31, '0011/102020ТЛТ', '2020-11-06', '2021-11-06', 60, 77500.00),
(17, 19, 8, '0003/012021ТЛТ	', '2021-01-26', '2022-01-26', 60, 182000.00),
(18, 20, 8, '0005/102020ТЛТ', '2020-10-30', '2021-10-31', 60, 546690.00),
(19, 13, 25, '0003/052021ТЛТ', '2021-05-24', '2022-05-24', 15, 673000.00),
(20, 21, 22, '0002/042021ТЛТ', '2021-04-15', '2022-04-15', 60, 475200.00),
(21, 23, 25, '0003/032021ТЛТ', '2021-03-21', '2022-03-21', 60, 159529.45),
(22, 24, 31, '0006/042021ТЛТ', '2021-04-27', '2022-04-27', 30, 785416.67),
(23, 25, 8, '0008/102020ТЛТ', '2020-11-02', '2021-11-02', 59, 380833.33),
(24, 4, 28, '0493/2020ТВР', '2020-07-24', '2021-07-23', 23, 77220.00),
(25, 27, 25, '0009/102020ТЛТ', '2020-11-02', '2021-11-02', 14, 468000.00),
(26, 28, 8, '0013/102020ТЛТ', '2020-11-10', '2021-11-10', 15, 792692.80),
(27, 29, 32, '0596/2020ТЛТ', '2020-09-01', '2021-08-31', 29, 88900.00),
(28, 30, 18, '0006/032021ТЛТ', '2021-03-31', '2022-03-31', 15, 243870.00),
(29, 31, 31, '0007/112020ТЛТ', '2020-11-25', '2021-11-25', 59, 107437.57),
(30, 32, 23, '0007/022021ТЛТ', '2021-03-12', '2022-03-12', 60, 114104.36),
(31, 33, 3, '0602/2020ТЛТ', '2020-09-02', '2021-09-01', 15, 2529000.00),
(32, 34, 9, '0559/2020ТЛТ', '2020-08-19', '2021-08-18', 59, 241200.00),
(33, 39, 8, '0002/012021ТЛТ', '2021-03-01', '2022-03-01', 15, 966666.67),
(35, 40, 25, '0005/012021ТЛТ', '2021-02-02', '2022-02-02', 59, 638666.67),
(36, 6, 2, '0546/2020ТЛТ', '2020-08-11', '2020-08-10', 59, 471900.00),
(37, 6, 2, '0010/022021ТЛТ', '2021-03-04', '2022-03-04', 60, 528100.00),
(38, 9, 31, '0412/2020ТЛТ', '2020-06-26', '2021-06-25', 60, 172362.00),
(39, 9, 9, '0009/022021ТЛТ', '2021-03-03', '2022-03-03', 60, 597259.08),
(40, 3, 28, '0005/022021ТЛТ', '2021-03-03', '2022-03-03', 0, 100000.00),
(41, 41, 11, '0515/2020ТЛТ', '2020-08-01', '2021-07-31', 14, 4170.00),
(44, 42, 8, '0012/102020ТЛТ', '2020-11-10', '2021-11-10', 59, 432417.78),
(45, 43, 33, '0004/022021ТЛТ', '2021-02-16', '2022-02-16', 30, 102960.00),
(46, 45, 22, '0003/102020ТЛТ', '2020-10-21', '2021-10-21', 10, 269164.50),
(47, 45, 22, '0001/032021ТЛТ', '2021-03-22', '2022-03-22', 14, 616412.50),
(48, 46, 9, '0008/022021ТЛТ', '2021-03-03', '2022-03-03', 60, 314380.00),
(49, 46, 22, '0006/022021ТЛТ', '2021-03-04', '2022-03-04', 60, 210870.00),
(50, 46, 29, '0002/022021ТЛТ', '2021-02-15', '2022-02-15', 60, 465630.00),
(51, 49, 25, '0622/2020ТЛТ', '2020-09-10', '2021-09-09', 15, 206250.00),
(52, 51, 11, '0003/062021ТЛТ', '2021-06-17', '2022-06-17', 0, 4190.00),
(53, 51, 25, '0004/012021ТЛТ', '2021-01-28', '2022-01-28', 29, 190291.53),
(54, 53, 22, '0467/2020ТЛТ', '2020-07-16', '2021-07-15', 14, 70010.00),
(55, 54, 22, '0004/042021ТЛТ', '2021-04-12', '2022-04-12', 14, 55000.00),
(56, 55, 22, '0001/112020ТЛТ', '2020-11-18', '2021-11-18', 16, 880110.00),
(57, 55, 34, '0011/042021ТЛТ', '2021-06-01', '2022-06-01', 16, 930390.00),
(58, 58, 31, '0003/042021ТЛТ', '2021-04-16', '2022-04-16', 10, 175000.00),
(59, 58, 35, '0005/032021ТЛТ', '2021-04-07', '2022-04-07', 10, 588654.00),
(60, 5, 2, '0010/102020ТЛТ', '2020-11-02', '2021-11-02', 30, 493680.00),
(61, 5, 2, '0008/042021ТЛТ', '2021-04-22', '2022-04-22', 30, 492782.40),
(62, 62, 20, '0002/112020ТЛТ', '2020-12-02', '2021-12-02', 7, 801000.00),
(63, 12, 10, '0008/032021ТЛТ', '2021-04-08', '2022-04-08', 29, 147609.00),
(64, 10, 8, '0575/2020ТЛТ', '2020-08-25', '2021-08-25', 20, 138666.66),
(65, 64, 8, '0001/042021ТЛТ', '2021-04-12', '2022-04-12', 60, 743094.00),
(66, 8, 25, '0624/2020ТЛТ', '2020-09-23', '2021-09-22', 16, 990000.00),
(67, 65, 11, '0001/082021ТЛТ', '2021-08-10', '2022-08-10', 0, 14166.67),
(68, 66, 8, '0001/022021ТЛТ', '2021-02-05', '2022-02-05', 14, 194180.13),
(69, 67, 8, '0004/072021ТЛТ', '2021-07-15', '2022-07-15', 60, 945816.67),
(70, 68, 25, '0001/062021ТЛТ', '2021-06-15', '2022-06-15', 20, 800000.00),
(71, 69, 29, '0555/2020ТЛТ', '2020-08-17', '2021-08-16', 60, 31655.55),
(72, 70, 25, '0005/072021ТЛТ', '2021-07-15', '2022-07-15', 10, 81460.00),
(73, 71, 11, '0626/2020ТЛТ', '2020-10-01', '2021-09-30', 30, 8298.85),
(74, 71, 11, '0004/052021ТЛТ', '2021-07-08', '2022-07-08', 30, 158249.00),
(75, 72, 5, '0003/122020ТЛТ', '2020-12-23', '2021-12-23', 60, 4225.32),
(76, 73, 5, '0006/122020ТЛТ', '2020-12-23', '2021-12-23', 60, 139635.00),
(77, 74, 31, '0001/102020ТЛТ', '2020-10-21', '2021-10-21', 30, 416667.00),
(78, 75, 22, '0006/052021ТЛТ', '2021-06-01', '2022-06-01', 15, 294380.00),
(79, 76, 25, '0007/062021ТЛТ', '2021-07-05', '2022-07-05', 10, 929600.00),
(80, 77, 19, '0002/122020ТЛТ', '2021-01-18', '2022-01-18', 15, 19000.00),
(81, 78, 31, '0010/112020ТЛТ', '2020-12-03', '2021-12-03', 15, 240469.88),
(82, 79, 36, '0005/052021ТЛТ', '2021-07-05', '2022-07-05', 5, 199800.00),
(83, 15, 34, '0002/062021ТЛТ', '2021-07-05', '2022-07-05', 30, 9687.50),
(84, 80, 22, '0007/032021ТЛТ', '2021-03-29', '2022-03-29', 15, 565216.67),
(85, 81, 9, '0001/052021ТЛТ', '2021-05-20', '2022-05-20', 5, 4983.34),
(86, 82, 34, '0009/072021ТЛТ', '2021-08-03', '2022-08-03', 30, 50050.16),
(87, 82, 22, '0009/032021ТЛТ', '2021-03-31', '2022-03-31', 15, 567212.07),
(88, 83, 25, '0006/072021ТЛТ', '2021-07-23', '2022-07-23', 15, 179688.00),
(89, 84, 8, '0005/042021ТЛТ', '2021-04-12', '2022-04-12', 35, 187916.67),
(90, 53, 22, '0008/072021ТЛТ', '2021-07-23', '2022-07-23', 15, 70000.00),
(91, 85, 37, '0004/062021ТЛТ', '2021-07-23', '2022-07-23', 14, 930000.00),
(92, 86, 38, '0008/052021ТЛТ', '2021-05-27', '2022-05-27', 0, 3960.00),
(94, 4, 28, '0007/072021ТЛТ', '2021-07-23', '2022-07-23', 30, 67800.00),
(95, 88, 8, '0009/042021ТЛТ', '2021-04-22', '2022-04-22', 20, 861328.52),
(96, 24, 31, '0003/072021ТЛТ', '2021-07-09', '2022-07-09', 30, 151496.67),
(97, 89, 23, '0007/052021ТЛТ', '2021-05-27', '2022-05-27', 14, 799200.00),
(98, 90, 25, '0002/072021ТЛТ', '2021-07-08', '2022-07-08', 0, 5700.00),
(99, 91, 25, '0001/072021ТЛТ', '2021-07-22', '2022-07-22', 15, 257210.00),
(100, 92, 8, '0608/2020ТЛТ', '2020-09-07', '2021-09-06', 60, 567542.83),
(101, 93, 8, '0005/062021ТЛТ', '2021-06-30', '2022-06-30', 60, 931621.40),
(102, 94, 8, '0005/122020ТЛТ', '2020-12-23', '2021-12-23', 10, 178880.00),
(103, 95, 39, '0004/032021ТЛТ', '2021-03-22', '2022-03-22', 0, 100000.00),
(104, 9, 34, '0004/082021ТЛТ', '2021-08-26', '2022-08-26', 60, 280000.00),
(105, 43, 33, '0007/082021ТЛТ', '2021-08-27', '2022-08-27', 30, 197200.00),
(106, 13, 40, '0006/082021ТЛТ', '2021-08-25', '2022-08-25', 15, 852875.00),
(107, 8, 25, '0011/092021ТЛТ', '2021-10-01', '2022-10-01', 16, 948500.00),
(108, 96, 33, '0013/112021ТЛТ', '2021-11-22', '2022-11-22', 7, 25000.00),
(109, 17, 31, '0003/112021ТЛТ', '2021-11-16', '2022-11-16', 15, 28531.73),
(110, 19, 31, '0010/112021ТЛТ', '2021-11-19', '2022-11-19', 15, 595833.33),
(111, 97, 31, '0019/112021ТЛТ', '2021-11-30', '2022-11-30', 10, 66583.33),
(112, 97, 31, '0004/122021ТЛТ', '2021-12-14', '2022-12-14', 10, 48916.67),
(113, 42, 8, '0005/122021ТЛТ', '2021-12-15', '2022-12-15', 30, 913113.67),
(114, 25, 8, '0006/122021ТЛТ', '2021-12-21', '2022-12-21', 20, 997333.33),
(115, 98, 31, '0018/112021ТЛТ', '2021-11-29', '2022-11-29', 10, 149000.00),
(116, 99, 25, '0003/102021ТЛТ', '2021-10-27', '2022-10-27', 15, 994800.00),
(117, 14, 8, '0010/092021ТЛТ', '2021-10-05', '2022-10-05', 10, 983736.67),
(118, 100, 25, '0007/122021ТЛТ', '2021-12-24', '2022-12-24', 14, 984000.00),
(119, 101, 8, '0009/102021ТЛТ', '2021-11-01', '2022-11-01', 15, 793388.88),
(120, 72, 5, '0008/082021ТЛТ', '2021-08-30', '2022-08-30', 60, 15376.00),
(121, 102, 10, '0006/102021ТЛТ', '2021-10-20', '2022-10-20', 10, 36000.00),
(122, 16, 25, '0010/102021ТЛТ', '2021-10-27', '2022-10-27', 21, 71400.00),
(123, 50, 23, '0011/102021ТЛТ', '2021-11-08', '2022-11-08', 60, 39804.00),
(124, 13, 31, '0007/112021ТЛТ', '2021-11-18', '2022-11-18', 15, 47500.00),
(125, 2, 5, '0001/012022ТЛТ', '2022-02-02', '2023-02-02', 30, 540000.00),
(126, 55, 22, '0001/122021ТЛТ', '2021-12-06', '2022-12-06', 15, 998400.00),
(127, 29, 39, '0001/102021ТЛТ', '2021-10-14', '2022-10-14', 30, 193950.00),
(128, 1, 25, '0014/112021ТЛТ', '2021-11-22', '2022-11-22', 15, 996000.00),
(129, 15, 31, '0008/112021ТЛТ', '2021-11-16', '2022-11-16', 30, 67500.00),
(130, 15, 31, '0012/112021ТЛТ', '2021-11-22', '2022-11-22', 30, 511666.67),
(131, 15, 23, '0008/092021ТЛТ', '2021-09-23', '2022-09-23', 30, 906822.10),
(132, 15, 29, '0009/122021ТЛТ', '2021-12-29', '2022-12-29', 30, 949438.00),
(133, 9, 31, '0015/112021ТЛТ', '2021-11-24', '2022-11-24', 60, 25600.00),
(134, 103, 31, '0004/102021ТЛТ', '2021-11-15', '2022-11-15', 30, 23333.34),
(135, 62, 20, '0002/122021ТЛТ', '2021-12-15', '2022-12-15', 7, 951600.00),
(136, 58, 31, '0017/112021ТЛТ', '2021-11-29', '2022-11-29', 10, 23595.00),
(137, 104, 10, '0005/102021ТЛТ', '2021-10-20', '2022-10-20', 25, 30000.00),
(138, 20, 8, '0002/112021ТЛТ', '2021-11-10', '2022-11-10', 15, 991236.67),
(139, 84, 25, '0006/092021ТЛТ', '2021-09-16', '2022-09-16', 15, 881250.00),
(140, 105, 25, '0005/092021ТЛТ', '2021-09-16', '2022-09-16', 14, 825840.00),
(141, 106, 25, '0016/112021ТЛТ', '2021-11-25', '2022-11-25', 15, 962500.00),
(142, 107, 5, '0004/092021ТЛТ', '2021-09-17', '2022-09-17', 60, 50144.00),
(143, 31, 31, '0020/112021ТЛТ', '2021-12-05', '2022-12-05', 15, 256794.84),
(144, 31, 25, '0007/102021ТЛТ', '2021-10-27', '2022-10-27', 15, 979385.00),
(145, 108, 2, '0002/082021ТЛТ', '2021-10-06', '2022-10-06', 60, 986700.00),
(146, 24, 9, '0009/092021ТЛТ', '2021-10-01', '2022-10-01', 30, 950508.33),
(147, 91, 25, '0003/122021ТЛТ', '2021-12-13', '2022-12-13', 15, 625666.67),
(148, 10, 25, '0005/082021ТЛТ', '2021-08-18', '2022-08-18', 20, 810000.00),
(149, 92, 25, '0005/112021ТЛТ', '2021-11-16', '2022-11-16', 20, 910106.33),
(150, 109, 5, '0002/092021ТЛТ', '2021-09-16', '2022-06-16', 60, 13300.00),
(151, 110, 8, '0004/112021ТЛТ', '2021-11-15', '2022-11-15', 15, 926940.00),
(152, 111, 31, '0006/112021ТЛТ', '2021-11-16', '2022-11-16', 10, 162500.00),
(153, 112, 8, '0008/102021ТЛТ', '2021-11-01', '2022-11-01', 10, 904560.00),
(154, 49, 25, '0009/112021ТЛТ', '2021-11-19', '2022-11-19', 15, 162000.00),
(155, 33, 3, '0011/112021ТЛТ', '2021-11-26', '2022-11-26', 15, 3039600.00),
(156, 113, 33, '0003/092021ТЛТ', '2021-09-10', '2022-09-10', 14, 139800.00),
(157, 15, 22, '0004/022022ТЛТ', '2022-02-09', '2023-02-09', 30, 790862.00),
(158, 12, 10, '0005/022022ТЛТ', '2022-02-09', '2023-02-09', 30, 187880.00),
(159, 114, 6, 'БАК', '2022-01-01', '2023-01-01', 15, 1000000.00),
(160, 26, 8, 'БАК', '2021-07-28', '2029-07-28', 0, 100000000.00),
(161, 116, 29, '0002/022022ТЛТ', '2022-02-09', '2023-02-09', 15, 660000.00),
(162, 51, 11, 'БАК/ТК ГК от 08.12.2021', '2021-12-08', '2024-12-08', 30, 3000000.00),
(163, 22, 11, 'БАК/ТК ГК от 08.12.2021', '2021-12-08', '2024-12-08', 30, 10000000.00),
(164, 118, 2, '0007/022022ТЛТ', '2022-02-16', '2023-02-16', 7, 990000.00),
(165, 56, 1, 'БАК', '2020-01-01', '2030-12-31', 15, 100000000.00),
(166, 63, 5, 'БАК', '2020-01-01', '2025-12-31', 10, 9000000.00),
(167, 48, 6, 'БАК', '2021-01-01', '2025-12-31', 15, 9000000.00),
(168, 115, 21, 'БАК', '2020-01-01', '2026-12-31', 15, 100000000.00),
(169, 15, 9, '0001/032022ТЛТ', '2022-03-17', '2023-03-17', 30, 899850.00),
(170, 119, 28, 'БАК', '2020-01-01', '2027-12-31', 5, 10000000.00),
(171, 3, 28, '0002/032022ТЛТ', '2022-03-30', '2023-03-30', 0, 99049.80),
(172, 52, 11, 'БАК', '2021-01-01', '2029-12-31', 30, 100000000.00),
(173, 120, 12, 'БАК', '2021-01-01', '2026-12-31', 0, 100000000.00),
(174, 50, 19, '0005/042022ТЛТ', '2022-04-07', '2023-04-07', 60, 251927.04),
(175, 54, 22, '0002/042022ТЛТ', '2022-04-07', '2023-04-07', 15, 50000.00),
(176, 9, 22, '0004/042022ТЛТ', '2022-04-08', '2023-04-08', 60, 973740.00),
(177, 122, 33, 'БАК', '2020-01-01', '2030-12-31', 0, 100000000.00),
(178, 121, 25, '0006/042022ТЛТ', '2022-04-12', '2023-04-12', 0, 198583.33),
(179, 123, 25, '0002/012022ТЛТ', '2022-01-31', '2023-01-31', 15, 963316.67),
(180, 83, 25, '0007/042022ТЛТ', '2022-04-21', '2023-04-21', 15, 188000.00),
(181, 124, 22, '0001/022022ТЛТ', '2022-02-09', '2023-02-09', 15, 162500.00),
(182, 30, 18, '0004/052022ТЛТ', '2022-05-20', '2023-05-20', 15, 298230.00),
(183, 125, 39, '0008/022022ТЛТ', '2022-03-30', '2023-03-30', 0, 374880.00),
(184, 21, 42, '0008/042022ТЛТ', '2022-05-13', '2023-05-13', 60, 475200.00),
(185, 126, 31, '0002/052022ТЛТ', '2022-05-11', '2023-05-11', 0, 564166.67),
(186, 13, 25, '0010/052022ТЛТ', '2022-05-31', '2023-05-31', 15, 915000.00),
(187, 5, 2, '0009/042022ТЛТ', '2022-04-25', '2023-04-25', 30, 780991.20),
(188, 7, 25, '0001/042022ТЛТ', '2022-04-05', '2023-04-05', 14, 928552.50),
(189, 127, 40, 'БАК', '2022-01-01', '2099-12-31', 60, 10000000.00),
(190, 116, 9, '0003/062022ТЛТ', '2022-06-14', '2023-06-14', 15, 714800.00),
(191, 15, 31, '0004/062022ТЛТ', '2022-06-14', '2023-06-14', 30, 236225.00),
(192, 17, 8, '0007/052022ТЛТ', '2022-05-30', '2023-05-30', 14, 573721.00),
(193, 128, 25, '0003/022022ТЛТ', '2022-02-24', '2023-02-24', 15, 904620.83),
(194, 45, 22, '0006/062022ТЛТ', '2022-06-16', '2023-06-16', 14, 580756.67),
(195, 51, 11, '0005/052022ТЛТ', '2022-05-30', '2023-04-30', 0, 4160.00),
(196, 129, 25, '0007/062022ТЛТ', '2022-06-20', '2023-06-20', 60, 185000.00),
(197, 40, 25, '0005/062022ТЛТ', '2022-06-20', '2023-06-20', 14, 823000.00),
(198, 130, 11, '0009/052022ТЛТ', '2022-05-31', '2023-05-31', 1, 27000.00),
(199, 131, 28, 'БАК', '2022-01-01', '2099-12-31', 5, 1000000.00),
(200, 44, 25, '0001/062022ТЛТ', '2022-06-06', '2023-06-06', 10, 223250.00),
(201, 59, 33, '0002/072022ТЛТ', '2022-07-06', '2023-07-06', 30, 145500.00),
(202, 70, 25, '0008/052022ТЛТ', '2022-05-30', '2023-05-30', 10, 152948.00),
(203, 9, 34, '0003/072022ТЛТ', '2022-07-12', '2023-07-12', 60, 271820.00),
(204, 9, 31, '0001/072022ТЛТ', '2022-07-12', '2023-07-12', 60, 23000.00),
(205, 15, 31, '0005/072022ТЛТ', '2022-07-12', '2023-07-12', 60, 174708.33),
(206, 97, 31, '0010/062022ТЛТ', '2022-06-29', '2023-06-29', 10, 81833.33),
(207, 65, 11, '0009/062022ТЛТ', '2022-06-29', '2023-06-29', 0, 14450.00),
(208, 86, 38, 'БАК', '2022-06-19', '2023-06-19', 0, 1000000.00),
(209, 116, 47, '0007/072022ТЛТ', '2022-07-14', '2023-07-14', 15, 229166.67),
(210, 132, 5, '0002/062022ТЛТ', '2022-06-22', '2023-06-22', 10, 768000.00),
(211, 133, 25, '0003/042022ТЛТ', '2022-04-15', '2023-04-15', 15, 1588320.00),
(212, 4, 28, '0012/072022ТЛТ', '2022-07-29', '2023-07-29', 25, 66600.00),
(213, 53, 22, '0001/082022ТЛТ', '2022-08-01', '2023-08-01', 15, 70000.00),
(214, 85, 37, '0003/082022ТЛТ', '2022-08-03', '2023-08-03', 14, 975000.00),
(215, 134, 48, 'БАК', '2022-01-01', '2099-08-01', 5, 100000000.00),
(216, 18, 8, '0006/082022ТЛТ', '2022-08-08', '2023-08-08', 15, 800235.00),
(217, 135, 23, '0011/072022ТЛТ', '2022-07-27', '2023-07-27', 14, 983200.00),
(218, 117, 34, 'БАК', '2020-01-01', '2022-03-01', 60, 3000.00),
(219, 136, 39, 'БАК', '2022-03-16', '2025-03-16', 5, 5900000.00),
(220, 137, 8, 'БАК', '2022-07-06', '2023-07-06', 5, 10000000.00),
(221, 135, 31, '0010/082022ТЛТ', '2022-08-19', '2023-08-19', 14, 138750.00),
(222, 135, 31, '0011/082022ТЛТ', '2022-08-19', '2023-08-19', 14, 300116.67),
(223, 9, 31, '0009/082022ТЛТ', '2022-08-19', '2023-08-19', 60, 15978.00),
(224, 138, 19, '0011/062022ТЛТ', '2022-08-09', '2023-08-09', 1, 80000.00),
(225, 139, 31, '0009/072022ТЛТ', '2022-07-28', '2023-07-28', 1, 453750.00),
(226, 29, 49, '0002/082022ТЛТ', '2022-08-04', '2023-08-04', 30, 191400.00),
(227, 21, 42, '0015/082022ТЛТ', '2022-08-30', '2023-08-30', 60, 199500.00),
(228, 58, 31, '0004/082022ТЛТ', '2022-08-22', '2023-08-22', 10, 10166.67),
(229, 89, 23, '0008/072022ТЛТ', '2022-07-20', '2023-07-20', 14, 984600.00),
(230, 97, 31, '0013/082022ТЛТ', '2022-08-24', '2023-08-24', 10, 199916.67);

-- --------------------------------------------------------

--
-- Структура таблицы `partner`
--

CREATE TABLE `partner` (
  `id` int(11) NOT NULL,
  `name` varchar(255) COLLATE utf8mb4_unicode_ci NOT NULL,
  `alias` varchar(255) COLLATE utf8mb4_unicode_ci NOT NULL,
  `type` varchar(2) COLLATE utf8mb4_unicode_ci NOT NULL,
  `inn` varchar(12) COLLATE utf8mb4_unicode_ci DEFAULT NULL,
  `kpp` varchar(9) COLLATE utf8mb4_unicode_ci DEFAULT NULL,
  `bank` varchar(255) COLLATE utf8mb4_unicode_ci DEFAULT NULL,
  `bic` varchar(10) COLLATE utf8mb4_unicode_ci DEFAULT NULL,
  `account` varchar(20) COLLATE utf8mb4_unicode_ci DEFAULT NULL,
  `address` varchar(255) COLLATE utf8mb4_unicode_ci DEFAULT NULL,
  `phone` varchar(255) COLLATE utf8mb4_unicode_ci DEFAULT NULL,
  `email` varchar(255) COLLATE utf8mb4_unicode_ci DEFAULT NULL,
  `delay` int(2) DEFAULT NULL,
  `vat` double(4,2) DEFAULT NULL COMMENT 'НДС (Без нДС - 1, 20% - 1,2)'
) ENGINE=InnoDB DEFAULT CHARSET=utf8mb4 COLLATE=utf8mb4_unicode_ci;

--
-- Дамп данных таблицы `partner`
--

INSERT INTO `partner` (`id`, `name`, `alias`, `type`, `inn`, `kpp`, `bank`, `bic`, `account`, `address`, `phone`, `email`, `delay`, `vat`) VALUES
(1, 'АЙРОН ООО', 'CNT000980', 'ЮЛ', '6321408770', '632101001', 'ПРИВОЛЖСКИЙ Ф-Л ПАО \"ПРОМСВЯЗЬБАНК\"', '042202803', '40702810303000059382', '445042, САМАРСКАЯ ОБЛАСТЬ, ТОЛЬЯТТИ ГОРОД, СВЕРДЛОВА УЛИЦА, ДОМ 20, КВАРТИРА 49', '+7(927)7754391', 'iron-tlt@mail.ru', 15, 1.20),
(2, 'Благоустройство и Содержание ООО', 'ТДХ002318', 'ЮЛ', '6321218948', '632101001', 'ПОВОЛЖСКИЙ БАНК ПАО СБЕРБАНК', '043601607', '40702810654400017293', '445028, САМАРСКАЯ ОБЛАСТЬ, ТОЛЬЯТТИ ГОРОД, ФРУНЗЕ УЛИЦА, 43А', '(8482)204242', 'ecolog2.ekovoz@mail.ru', 30, 1.00),
(3, 'Почта России АО УФПС Самарской области', 'ТДХ002666', 'ЮЛ', '7724490000', '772401001', 'ФИЛИАЛ БАНКА ВТБ (ПАО) В Г.НИЖНЕМ НОВГОРОДЕ', '042202837', '40502810510240000053', '131000, МОСКВА ГОРОД, ВАРШАВСКОЕ ШОССЕ, ДОМ 37', '', 'Julia_Semenova@russianpost.ru', 0, 1.20),
(4, 'ВымпелКом ПАО', 'Ц00001241', 'ЮЛ', '7713076301', '771301001', 'ПАО СБЕРБАНК', '044525225', '40702810138180121008', '127083, МОСКВА ГОРОД, 8 МАРТА УЛИЦА, ДОМ 10, СТРОЕНИЕ 14', '', '', 25, 1.20),
(5, 'Фортренд ООО', 'ТДХ002712', 'ЮЛ', '7728454852', '772701001', 'ФИЛИАЛ \"ЦЕНТРАЛЬНЫЙ\" БАНКА ВТБ (ПАО)', '044525411', '40702810600410002609', '117218, МОСКВА ГОРОД, КРЖИЖАНОВСКОГО УЛИЦА, ДОМ 15, КОРПУС 5, ЭТ 3 ПОМ 310 ОФ 3', '', '', 30, 1.20),
(6, 'ПЛком ООО', 'CNT000814', 'ЮЛ', '6319173224', '772401001', 'АО \"АЛЬФА-БАНК\"', '044525593', '40702810102540003101', '117405, МОСКВА ГОРОД, ВАРШАВСКОЕ ШОССЕ, ДОМ 145, КОРПУС 8, ЭТ/ОФ 3/305/1', '', '', 60, 1.20),
(7, 'Авант-подшипник ТД ООО', 'Ц00003205', 'ЮЛ', '2310146050', '231001001', 'ФИЛИАЛ \"ЦЕНТРАЛЬНЫЙ\" БАНКА ВТБ (ПАО)', '044525411', '40702810143100000119', '350020, КРАСНОДАРСКИЙ КРАЙ, КРАСНОДАР ГОРОД, ОДЕССКАЯ УЛИЦА, ДОМ 54/1, ПОМЕЩЕНИЕ 5', '', '', 15, 1.20),
(8, 'АЛМЕКО ООО', 'ТДХ002477', 'ЮЛ', '6321302903', '632101001', 'ПАО АКБ \"АВАНГАРД\"', '044525201', '40702810912300035181', '445047, САМАРСКАЯ ОБЛАСТЬ, ТОЛЬЯТТИ ГОРОД, 70 ЛЕТ ОКТЯБРЯ УЛИЦА, 18, 49', '+7(917)9666007', 'vpodlesnyi@gmail.com', 16, 1.20),
(9, 'Пожарная профилактика ГК ООО', 'CNT000540', 'ЮЛ', '6321441520', '632101001', 'ПОВОЛЖСКИЙ БАНК ПАО СБЕРБАНК', '043601607', '40702810354400033412', '445036, САМАРСКАЯ ОБЛАСТЬ, ТОЛЬЯТТИ ГОРОД, КУРЧАТОВА БУЛЬВАР, ДОМ 5, КВАРТИРА 50', '+7(903)3336491 ', 'fire-profilaktika@mail.ru', 60, 1.00),
(10, 'Элком ООО', 'CNT000323', 'ЮЛ', '7804079187', '781601001', 'СЕВЕРО-ЗАПАДНЫЙ БАНК ПАО СБЕРБАНК', '044030653', '40702810955100185891', '192102, САНКТ-ПЕТЕРБУРГ ГОРОД, ВИТЕБСКАЯ СОРТИРОВОЧНАЯ УЛИЦА, ДОМ 34, ЛИТЕР И, ОФИС 38', '', '', 20, 1.20),
(11, 'КИПторг-ЮГ ООО', 'ТДХ002826', 'ЮЛ', '2308268607', '230801001', 'ФИЛИАЛ \"ЮЖНЫЙ\" ПАО \"БАНК УРАЛСИБ\"', '040349700', '40702810647000000789', '350004, КРАСНОДАРСКИЙ КРАЙ, КРАСНОДАР ГОРОД, КОЖЕВЕННАЯ УЛИЦА, ДОМ 54, КОРПУС 1, ОФИС 61', '', '', 14, 1.20),
(12, 'Эко-Проф-Дезинфекция ООО', 'ТДХ001474', 'ЮЛ', '6321323886', '632101001', 'Филиал \"Нижегородский\" АО \"Банк ДОМ.РФ\"', '042202821', '40702810701320014098', '445044, САМАРСКАЯ ОБЛАСТЬ, ТОЛЬЯТТИ ГОРОД, ОФИЦЕРСКАЯ УЛИЦА, 7, 41', '', '', 30, 1.00),
(13, 'ВОЛГА ХОЛОД ИНЖИНИРИНГ ООО', 'ТДХ002810', 'ЮЛ', '6320037628', '632001001', 'ПОВОЛЖСКИЙ БАНК ПАО СБЕРБАНК', '043601607', '40702810054400050818', '445032, САМАРСКАЯ ОБЛАСТЬ, ТОЛЬЯТТИ ГОРОД, ДЗЕРЖИНСКОГО УЛИЦА, ДОМ 98А, ПОМЕЩЕНИЕ 87', '+7(927)0251896', 'office@volga-cold.com', 16, 1.20),
(14, 'Агрегат Завод Острогожский ООО', 'ТДХ001387', 'ЮЛ', '3619022478', '361901001', 'ЦЕНТРАЛЬНО-ЧЕРНОЗЕМНЫЙ БАНК ПАО СБЕРБАНК', '042007681', '40702810613000019425', '397853, Воронежская обл, Острогожский р-н, Острогожск г, Карла Маркса ул, дом № 61, оф. 1', '', '', 10, 1.20),
(15, 'ВСС ООО', 'ТДХ002609', 'ЮЛ', '6321426031', '632101001', 'ПРИВОЛЖСКИЙ Ф-Л ПАО \"ПРОМСВЯЗЬБАНК\"', '042202803', '40702810303000036240', '445032, САМАРСКАЯ ОБЛАСТЬ, ТОЛЬЯТТИ ГОРОД, ДЗЕРЖИНСКОГО УЛИЦА, ДОМ 86, ЭТАЖ 2, ОФИС 224', '+7(927)6513971', '050818@vss63.ru', 31, 1.20),
(16, 'Аквамир Компания ООО', 'CNT000963', 'ЮЛ', '6315634594', '631501001', 'ПОВОЛЖСКИЙ БАНК ПАО СБЕРБАНК', '043601607', '40702810254400030900', '443013, Самарская обл, Самара г, Красноармейская ул, дом № 1, Н65, оф. 323', '+7(917)1033310', 'aquaworld063@gmail.com', 21, 1.00),
(17, 'Актрос Компания ООО', 'ТДХ000233', 'ЮЛ', '2310183781', '231001001', 'ФИЛИАЛ \"ЮЖНЫЙ\" ПАО \"БАНК УРАЛСИБ\"', '040349700', '40702810047400000141', '350000, Краснодарский край, Краснодар г, им Леваневского ул, дом № 2', '', '', 15, 1.20),
(18, 'Аллок ООО', 'CNT000591', 'ЮЛ', '6313556975', '631301001', 'ПОВОЛЖСКИЙ БАНК ПАО СБЕРБАНК', '043601607', '40702810254400048727', '443112, Самарская обл, Самара г, Миргородская ул, дом № 6', '+7(987)9077942 ', 'sazanov.av@mail.ru', 15, 1.20),
(19, 'Белт Мастер ПКФ ООО', 'ТДХ001980', 'ЮЛ', '2310205107', '231001001', 'ФИЛИАЛ \"ЮЖНЫЙ\" ПАО \"БАНК УРАЛСИБ\"', '040349700', '40702810347400000249', '350020, Краснодарский край, Краснодар г, Коммунаров ул, дом № 290, помещение 33', '', 'beltmaster2@mail.ru', 15, 1.20),
(20, 'Бианит ООО', 'ТДХ001433', 'ЮЛ', '6904000527', '695001001', 'ФИЛИАЛ \"ЦЕНТРАЛЬНЫЙ\" БАНКА ВТБ (ПАО)', '044525411', '40702810505210000032', '170100, Тверская обл, Тверь г, Гагарина пл, дом № 1, пом.2', '', '', 15, 1.20),
(21, 'ВОЛГАКОМСЕРВИС ООО', 'ТДХ001737', 'ЮЛ', '6316216134', '631601001', 'ПОВОЛЖСКИЙ БАНК ПАО СБЕРБАНК', '043601607', '40702810054400012018', '443080, Самарская обл, Самара г, Карла Маркса пр-кт, дом № 192, этаж 2, офис 207', '+7(937)7935311', 'm.glotov@teh63.ru', 60, 1.00),
(22, 'ЦГиЭ в Самарской области в городе Тольятти', 'ТДХ001550', 'ЮЛ', '6316098875', '632102001', 'ОТДЕЛЕНИЕ САМАРА БАНКА РОССИИ//УФК по Самарской области', '013601205', '03214643000000014200', '445032, Самарская обл, Тольятти г, Московский пр-кт, дом № 19', '', '', 30, 1.20),
(23, 'Волгаремсервис ГК ООО', 'ТДХ002183', 'ЮЛ', '6319728081', '631801001', 'ПОВОЛЖСКИЙ БАНК ПАО СБЕРБАНК', '043601607', '40702810654400005315', '443022, Самарская обл, Самара г, Заводское ш, дом № 1, комн 32', '(846)9934110', 'mx@pnevmo-sklad.ru', 60, 1.20),
(24, 'ВсеИнструменты.ру ООО', 'ТДХ001901', 'ЮЛ', '7722753969', '997750001', 'АО \"АЛЬФА-БАНК\"', '044525593', '40702810201300011302', '109451, Москва г, Братиславская ул, дом № 16, корпус 1, помещение 3', '+7(929)5486889', 'alexander.gubin@vseinstrumenti.ru', 30, 1.20),
(25, 'ВТМ-БЕЛТ ООО', 'ТДХ000262', 'ЮЛ', '2312232106', '231201001', 'ФИЛИАЛ \"РОСТОВСКИЙ\" АО \"АЛЬФА-БАНК\"', '046015207', '40702810626020009044', '350059, Краснодарский край, Краснодар г, Новороссийская ул, дом № 210, оф. 18', '+7(965)4705342 ', 'v.taran@vtmbelt.ru', 20, 1.20),
(26, 'Датаджет ООО', 'ТДХ000212', 'ЮЛ', '2538145462', '253801001', 'ДАЛЬНЕВОСТОЧНЫЙ БАНК ПАО СБЕРБАНК', '040813608', '40702810050000010071', '690048, Приморский край, Владивосток г, Ильичева ул, дом № 29', '(423)2499084', 'datajet787@gmail.com', 10, 1.20),
(27, 'Зип-Ремонт ООО', 'ТДХ002118', 'ЮЛ', '2310207337', '231001001', 'ФИЛИАЛ \"ЮЖНЫЙ\" ПАО \"БАНК УРАЛСИБ\"', '040349700', '40702810847410001615', '350072, Краснодарский край, Краснодар г, Московская ул, дом № 5, корпус 1, литер Б, помещение 85', '', '', 10, 1.20),
(28, 'Индустрия-Сервис ТД ООО', 'ТДХ002822', 'ЮЛ', '7802216575', '780201001', 'СЕВЕРО-ЗАПАДНЫЙ БАНК ПАО СБЕРБАНК', '044030653', '40702810555080178917', '194156, Санкт-Петербург г, Энгельса пр-кт, дом № 33, корпус 1 литер А, оф. 608', '', '', 15, 1.20),
(29, 'ИНФО СВЕТ ООО', 'CNT000847', 'ЮЛ', '6321346611', '632101001', 'ПОВОЛЖСКИЙ БАНК ПАО СБЕРБАНК', '043601607', '40702810954400043899', '445051, Самарская обл, Тольятти г, Приморский б-р, дом № 8, оф. 404', '', '', 30, 1.00),
(30, 'Канцона Плюс ООО', 'CNT001158', 'ЮЛ', '6382034899', '632101001', 'ПОВОЛЖСКИЙ БАНК ПАО СБЕРБАНК', '043601607', '40702810854280102380', '445009, Самарская обл, Тольятти г, Шлютова ул, дом № 120', '', '', 15, 1.20),
(31, 'Керхер ООО', 'Ц00003637', 'ЮЛ', '7705581614', '774301001', 'ООО \"ДОЙЧЕ БАНК\"', '044525101', '40702810800000000606', '125195, Москва г, Ленинградское ш, дом № 47, строение 2, эт 2 пом VI ком 8', '+7(987)9686105 ', 'Artavazd.Voskanyan@ru.kaercher.com', 15, 1.20),
(32, 'Комус-Кубань ООО', 'Ц00002667', 'ЮЛ', '2310068482', '231001001', 'ФИЛИАЛ \"РОСТОВСКИЙ\" АО \"АЛЬФА-БАНК\"', '046015207', '40702810026020001121', '350002, Краснодарский край,г.Краснодар, ул.Северная,357', '+7(918)3404867', 'vue2r@region.komus.net', 60, 1.20),
(33, 'Малюский Лев Феодосиевич ИП', 'ТДХ001459', 'ЮЛ', '632300079032', '', 'ПОВОЛЖСКИЙ БАНК ПАО СБЕРБАНК', '043601607', '40802810254400063071', '445009, Самарская обл, Тольятти г, Кутузова проезд, дом № 27', '(8482)714501', 'lev_tlt@list.ru', 16, 1.00),
(34, 'Миркас Трейд ООО', 'ТДХ002478', 'ЮЛ', '6321373608', '632101001', 'ФИЛИАЛ \"НИЖЕГОРОДСКИЙ\" АО \"АЛЬФА-БАНК\"', '042202824', '40702810229520002998', '445039, Самарская обл, Тольятти г, 40 лет Победы ул, дом № 96, ТД \"Фрегат\", 4 этаж, офис 401', '(8482)775749', 'mirkas_tlt@mail.ru', 60, 1.00),
(39, 'МКСистемс ООО', 'CNT000848', 'ЮЛ', '5012094965', '501201001', 'ФИЛИАЛ \"ЦЕНТРАЛЬНЫЙ\" БАНКА ВТБ (ПАО)', '044525411', '40702810705030000067', '143981, Московская обл, Балашиха г, Кучино мкр, Южная ул, дом № 9, помещение 20', '+7(922)6084488', 'a.bakhteev@euroconveyor.ru', 15, 1.20),
(40, 'Петро-Самара ООО', 'ТДХ002733', 'ЮЛ', '6330026640', '631101001', 'САМАРСКИЙ РФ АО \"РОССЕЛЬХОЗБАНК\"', '043601978', '40702810713000001714', '443070, Самарская обл, Самара г, Верхне-Карьерная ул, дом № 3А, корпус Строение А1, кв.Комната 3', '(8462)764580', 'aleschenkov@petro-samara.ru', 14, 1.20),
(41, 'ПРАВО НтЦ ООО', 'CNT000821', 'ЮЛ', '6311157929', '631101001', 'ФИЛИАЛ \"ЦЕНТРАЛЬНЫЙ\" БАНКА ВТБ (ПАО)', '044525411', '40702810347180009619', '443079, Самарская обл, Самара г, Урицкого ул, дом № 19', '(846)3004051 доб 123,127,139', 'lab@pravo-ros.ru', 60, 1.00),
(42, 'Прогресс-Юг ООО', 'ТДХ001189', 'ЮЛ', '2312201468', '230901001', 'ФИЛИАЛ \"РОСТОВСКИЙ\" АО \"АЛЬФА-БАНК\"', '046015207', '40702810626060000896', '350011, Краснодарский край, Краснодар г, Старокубанская ул, дом № 2/15, литер Е, помещение 2', '+7(861)2001383', 'manug2@ttcprogress.ru', 30, 1.20),
(43, 'Промэнергобезопасность УЦ ЧОУ ДПО', 'ТДХ002612', 'ЮЛ', '6312069168', '631201001', 'ПОВОЛЖСКИЙ БАНК ПАО СБЕРБАНК', '043601607', '40703810354400100218', '443035, Самарская обл, Самара г, Нагорная ул, дом № 143', '+7(939)7556095', '3116@safety63.ru', 30, 1.00),
(44, 'Пружинный проект ПК ООО', 'CNT000686', 'ЮЛ', '1660276857', '166001001', 'ФИЛИАЛ \"НИЖЕГОРОДСКИЙ\" АО \"АЛЬФА-БАНК\"', '042202824', '40702810529150000840', '420087, Татарстан Респ, Казань г, Родины ул, дом № 7, оф. 358', '+7(917)3988054 ', 'prproekt_07@mail.ru', 14, 1.20),
(45, 'РемСтройСервис ООО', 'ТДХ002667', 'ЮЛ', '6324082660', '632401001', 'ПОВОЛЖСКИЙ БАНК ПАО СБЕРБАНК', '043601607', '40702810354400050880', '445020, Самарская обл, Тольятти г, Ушакова ул, дом № 42, кв.Квартира 66', '+7(927)7465690', 'dmitriy.strizhakov@mail.ru', 14, 1.20),
(46, 'РЕСУРСОЙЛ ООО', 'ТДХ001849', 'ЮЛ', '6330071339', '633001001', 'ПОВОЛЖСКИЙ ФИЛИАЛ АО \"РАЙФФАЙЗЕНБАНК\"', '042202847', '40702810523000006724', '443532, Самарская обл, Волжский р-н, Верхняя Подстепновка п, Дорожная ул, дом № 17, кв.7', '+7(917)1111112', 'promtec@bk.ru', 60, 1.20),
(47, 'РТ-Инжиниринг ООО', 'ТДХ001200', 'ЮЛ', '7801587376', '781101001', 'ПАО БАНК ЗЕНИТ', '044525272', '40702810600420004029', '192019, Санкт-Петербург г, Бехтерева ул, дом № 2, литера А, пом. А-2/19-1', '', '', 20, 1.20),
(48, 'РН-Карт ООО', 'ТДХ002170', 'ЮЛ', '7743529527', '772501001', 'БАНК \"ВБРР\" (АО)', '044525880', '40702810600000002952', '119071, Москва г, Калужская М. ул, дом № 15, каб.105Б, эт.1', '', '', 10, 1.20),
(49, 'Сазанов Алексей Валерьевич ИП', 'ТДХ002623', 'ЮЛ', '631300477190', '', 'ПОВОЛЖСКИЙ БАНК ПАО СБЕРБАНК', '043601607', '40802810254400029808', '443112, Самарская обл, Самара г, Миргородская ул, дом № 6', '+7(987)9077942 ', 'sazanov.av@mail.ru', 15, 1.00),
(50, 'Самарагосэнергонадзора УПЦ ООО', 'CNT000516', 'ЮЛ', '6319100924', '631201001', 'САМАРСКИЙ ФИЛИАЛ БАНКА \"ВБРР\" (АО)', '043601876', '40702810600120002372', '443035, Самарская обл, Самара г, Минская ул, дом № 25', '(846)2691526', '', 60, 1.00),
(51, 'Самарский ЦСМ ФБУ', 'CNT000512', 'ЮЛ', '6311012306', '631101001', 'ОТДЕЛЕНИЕ САМАРА БАНКА РОССИИ//УФК по Самарской области', '013601205', '03214643000000014200', '443013, Самарская обл, Самара г, Карла Маркса пр-кт, дом № 134', '(846)3360827', 'referent@samaragost.ru', 30, 1.20),
(52, 'Самарское ветеринарное объединение ГБУ СО', 'ТДХ001583', 'ЮЛ', '6319172140', '631901001', 'ОТДЕЛЕНИЕ САМАРА БАНКА РОССИИ//УФК по Самарской области', '013601205', '03224643360000004200', '443081, Самарская обл, Самара г, Фадеева ул, дом № 47', '', '', 30, 1.20),
(53, 'Системы комплексной безопасности ООО', 'ТДХ001777', 'ЮЛ', '7327066228', '732701001', 'УЛЬЯНОВСКОЕ ОТДЕЛЕНИЕ N8588 ПАО СБЕРБАНК', '047308602', '40702810569000021164', '432026, Ульяновская обл, Ульяновск г, Московское ш, дом № 17А', '+7(996)9537937', 'skb.reg73@mail.ru', 15, 1.20),
(54, 'Спасатель ООО', 'CNT000650', 'ЮЛ', '7325108183', '631945001', 'САМАРСКИЙ ФИЛИАЛ БАНКА \"ВБРР\" (АО)', '043601876', '40702810004120003252', '443016, Самарская обл, Самара г, Черемшанская ул, дом № 89/18, оф. 105', '', 'samaraspasatel@mail.ru', 15, 1.20),
(55, 'СТРОЙАРТМОНТАЖ ООО', 'CNT001014', 'ЮЛ', '6321346080', '632101001', 'ПАО АКБ \"АВАНГАРД\"', '044525201', '40702810712300031013', '445044, Самарская обл, Тольятти г, Офицерская ул, дом № 19, кв. 16', '+7(908)4037061', 'ya.artur063@yandex.ru', 16, 1.00),
(56, 'Тандер АО', '000000068', 'ЮЛ', '2310031475', '997350001', 'КРАСНОДАРСКОЕ ОТДЕЛЕНИЕ N8619 ПАО СБЕРБАНК', '040349602', '40702810930010120150', '350002, Краснодарский край, Краснодар г, им Леваневского ул, дом № 185', '+7(861)2109810', '', 10, 1.20),
(57, 'Таурас-Самара ООО', 'Ц00004403', 'ЮЛ', '6319719249', '631901001', 'ПРИВОЛЖСКИЙ ФИЛИАЛ АО \"БАНК ИНТЕЗА\"', '042202841', '40702810400003670294', '443029, г. Самара, 6-ая Просека, д.129, оф.1', '(846)2021644', 'tauras-samregion@mail.ru', 15, 1.20),
(58, 'ТЕХНОСИСТЕМА ООО', 'CNT001151', 'ЮЛ', '6324078858', '632401001', 'ФИЛИАЛ \"ЦЕНТРАЛЬНЫЙ\" БАНКА ВТБ (ПАО)', '044525411', '40702810511190000599', '445020, Самарская обл, Тольятти г, Белорусская ул, дом № 13, кв. 89', '+7(906)3397380', 'Simakovtlt@ya.ru', 10, 1.20),
(59, 'Управление безопасностью УЦ ООО', 'ТДХ001530', 'ЮЛ', '6324056237', '632401001', 'ПАО АКБ \"АВАНГАРД\"', '044525201', '40702810812300037580', '445000, Самарская обл, Тольятти г, Индустриальная ул, дом № 4, лит.А3, оф.304', '', '', 30, 1.00),
(62, 'ЦЕНТР МЕДОСМОТРОВ ООО', 'CNT001019', 'ЮЛ', '6324071997', '632101001', 'ПОВОЛЖСКИЙ БАНК ПАО СБЕРБАНК', '043601607', '40702810054400017550', '445047, Самарская обл, Тольятти г, 40 лет Победы ул, дом № 26, оф. 210', '+7(927)8920679', '620679@mail.ru', 10, 1.00),
(63, 'ЭкоСтройРесурс ООО', 'ТДХ002422', 'ЮЛ', '6316186232', '631801001', 'АКБ \"АБСОЛЮТ БАНК\" (ПАО)', '044525976', '40702810024000009414', '443083, Самарская обл, Самара г, Победы ул, дом № 14, офис 1', '', 'MAIL@ECOSTR.RU, balakin-se@ecostr.ru', 10, 1.20),
(64, 'ЭС ЭМ СИ Пневматик ООО', 'Ц00003996', 'ЮЛ', '7801104438', '780101001', 'АО \"Эм-Ю-Эф-Джи Банк (Евразия)\"', '044525361', '40702810400000001241', '199004, Санкт-Петербург г, Средний В.О. пр-кт, дом № 36/40', '(812)3036601', 'sales@smcru.com', 60, 1.20),
(65, 'Академия проблем качества МОО', 'CNT000807', 'ЮЛ', '7706006712', '770601001', 'ПАО СБЕРБАНК', '044525225', '40703810738310100560', '119049, Москва г, Ленинский пр-кт, дом № 9 э/пом/каб/3/24/315', '+7(499)2363584;+7(499)2365540', 'info@100best.ru', 0, 1.20),
(66, 'КИПСТЕР ООО', 'CNT001140', 'ЮЛ', '2308273759', '230801001', 'ФИЛИАЛ \"РОСТОВСКИЙ\" АО \"АЛЬФА-БАНК\"', '046015207', '40702810626240001180', '350055, Краснодарский край, Краснодар г, Пригородный п, Кропоткина (ЗИП тер. СНТ) ул, дом № 50, помещение 48/1', '', '', 14, 1.20),
(67, 'Центр Пневматики ЭКО ООО', 'Ц00003940', 'ЮЛ', '2310127988', '231201001', 'КРАСНОДАРСКОЕ ОТДЕЛЕНИЕ N8619 ПАО СБЕРБАНК', '040349602', '40702810930000029559', '350059, Краснодарский край, Краснодар г, Уральская ул, дом № 75/1, корпус 1, 4 этаж, офис 410', '', '', 60, 1.20),
(68, 'Аспект ООО', 'ТДХ001697', 'ЮЛ', '2311228611', '231101001', 'АО БАНК \"НАЦИОНАЛЬНЫЙ СТАНДАРТ\"', '044525498', '40702810012400254331', '350072, Краснодарский край, Краснодар г, Тополиная ул, дом № 14, литер В, помещение 2', '', '', 20, 1.20),
(69, 'Ингредиент ООО', 'ТДХ000626', 'ЮЛ', '2312243235', '231201001', 'ФИЛИАЛ \"ЮЖНЫЙ\" ПАО \"БАНК УРАЛСИБ\"', '040349700', '40702810147420000254', '350080, Краснодарский край, Краснодар г, Уральская ул, дом № 144, офис 257', NULL, NULL, NULL, 1.20),
(70, 'Фильтрационные Технологии ООО', 'ТДХ002758', 'ЮЛ', '3321023140', '505001001', 'ПРИО-ВНЕШТОРГБАНК (ПАО)', '046126708', '4070281050096000001', '141100, Московская обл, Щелковский р-н, Щелково г, Заречная ул, дом № 153, корпус 1', '+7(496)5703737', '', 14, 1.20),
(71, 'Вектон-Центр ООО', 'ТДХ001471', 'ЮЛ', '3665065194', '366201001', 'ЦЕНТРАЛЬНО-ЧЕРНОЗЕМНЫЙ БАНК ПАО СБЕРБАНК', '042007681', '40702810713390116938', '394026, Воронежская обл, Воронеж г, Труда пр-кт, дом № 48, лит. З, З2, З3, пом. 1, этаж 2', '', '', 30, 1.20),
(72, 'Пластиндустрия ООО', 'ТДХ002761', 'ЮЛ', '5406613367', '540601001', 'СИБИРСКИЙ ФИЛИАЛ ПАО РОСБАНК', '040407388', '40702810674890001679', 'Новосибирская обл, Новосибирск г, Фрунзе ул, дом № 80, офис 904', '', '', 60, 1.20),
(73, 'ЭКОПРОМ-Н ООО', 'CNT001007', 'ЮЛ', '5408251313', '540401001', 'СИБИРСКИЙ ФИЛИАЛ ПАО РОСБАНК', '040407388', '40702810374890001681', '630108, Новосибирская обл, Новосибирск г, Станционная ул, дом № 30А, 4 эт. каб. 406', '', '', 0, 1.20),
(74, 'КБ Технология ООО', 'CNT000819', 'ЮЛ', '5507225226', '550501001', 'ФИЛИАЛ ПАО \"БАНК УРАЛСИБ\" В Г.НОВОСИБИРСК', '045004725', '40702810732450001990', '644121, Омская обл, Омск г, Калинина ул, дом № 14, корпус 1, оф. 41', '', '', 30, 1.20),
(75, 'ПЭБ ООО', 'CNT001246', 'ЮЛ', '6312086734', '631201001', 'ПОВОЛЖСКИЙ БАНК ПАО СБЕРБАНК', '043601607', '40702810154400006128', '443077, Самарская обл, Самара г, Победы ул, дом № 132А кабинет 202', '+7(846)2691526', '', 15, 1.20),
(76, 'ЭлПРО ООО', 'ТДХ001919', 'ЮЛ', '6321217937', '632101001', 'ПРИВОЛЖСКИЙ Ф-Л ПАО \"ПРОМСВЯЗЬБАНК\"', '042202803', '40702810603000122317', '445027, Самарская обл, Тольятти г, Приморский б-р, дом № 26-83', '', '', 10, 1.20),
(77, 'ЭкоВозСервис ООО', 'CNT001036', 'ЮЛ', '6321219050', '632101001', 'ПОВОЛЖСКИЙ БАНК ПАО СБЕРБАНК', '043601607', '40702810254400019141', '445028, Самарская обл, Тольятти г, Фрунзе ул, дом № 43А', '+7(8482)205918', '', 30, 1.00),
(78, 'КС ООО', 'CNT000970', 'ЮЛ', '6321344340', '632101001', '\"Хайс\" Филиал АО КБ \"Модульбанк\"', '045004864', '40702810520310001655', 'Самарская обл, Тольятти г, 40 лет Победы ул, дом № 50, оф. 302', '+7(927)8914410', 'info@163vorota.ru', 0, 1.20),
(79, 'Три Нити ООО', 'CNT001285', 'ЮЛ', '6321403845', '632101001', 'ПОВОЛЖСКИЙ БАНК ПАО СБЕРБАНК', '043601607', '40702810754400064450', 'Самарская обл, Тольятти г, Юбилейная ул, дом № 40. оф.1413', '+7(8482)634611', 'maestrelli@mail.ru', 10, 1.20),
(80, 'МАСТЕР ВОРОТ ООО', 'CNT001227', 'ЮЛ', '6321428617', '632101001', 'ПАО АКБ \"АВАНГАРД\"', '044525201', '40702810612300035520', 'Самарская обл, Тольятти г, Дзержинского ул, дом № 62', '', '', 16, 1.20),
(81, 'САНТА ООО', 'CNT001217', 'ЮЛ', '6324006162', '632401001', 'ПАО АКБ \"АВАНГАРД\"', '044525201', '40702810412300026302', '445007, Самарская обл, Тольятти г, Новозаводская ул, строение 2, оф. 223', '', '', 5, 1.00),
(82, 'ЭКСПРОМ-Т ООО', 'CNT001152', 'ЮЛ', '6324013000', '632401001', 'ФИЛИАЛ \"ЦЕНТРАЛЬНЫЙ\" БАНКА ВТБ (ПАО)', '044525411', '40702810211190000323', '445021, Самарская обл, Тольятти г, Жилина ул, дом № 58, кв. 36', '', '', 15, 1.20),
(83, 'Гидродинамика ООО', 'CNT001322', 'ЮЛ', '6324038816', '632401001', 'ПОВОЛЖСКИЙ БАНК ПАО СБЕРБАНК', '043601607', '40702810654400001461', '445045, Самарская обл, Тольятти г, Громовой ул, дом № 54А', '', '', 16, 1.00),
(84, 'Сити Электро ТД ООО', 'CNT000517', 'ЮЛ', '6950047336', '695001001', 'ТВЕРСКОЕ ОТДЕЛЕНИЕ N8607 ПАО СБЕРБАНК', '042809679', '40702810163000004343', '170001, Тверская обл, Тверь г, Калинина пр-кт, дом № 17, оф. 23', '+7(4822)655536', 'cityelectro@mail.ru', 15, 1.20),
(85, 'ФОРТУНА ООО', '000000000', 'ЮЛ', '7329007683', '732901001', 'ПОВОЛЖСКИЙ БАНК ПАО СБЕРБАНК', '043601607', '40702810654400002732', '433590, РФ, Ульяновская обл., Новомалыклинский район, п. Станция Якушка, ул. Советская, 12', '', '', 15, 1.00),
(86, 'Ингосстрах СПАО', 'CNT000932', 'ЮЛ', '7705042179', '770501001', 'ПАО СБЕРБАНК', '044525225', '40701810700020016042', '115035, Москва г, Пятницкая ул, дом № 12, строение 2', '', '', 0, 1.00),
(88, 'Промэнерго Автоматика ООО', 'H00000538', 'ЮЛ', '7721756614', '772101001', 'ПАО СБЕРБАНК', '044525225', '40702810738120005746', '109428,г.Москва,Рязанский проспект,д.8А,стр.46,офис 305', '', '', 20, 1.20),
(89, 'ТРАКТ ТД АО', 'CNT000644', 'ЮЛ', '7723627621', '772301001', 'ФИЛИАЛ \"ЦЕНТРАЛЬНЫЙ\" БАНКА ВТБ (ПАО)', '044525411', '40702810310050001127', '109429, Москва г, МКАД 14-й км, владение № 10', '', 'gayfulina@trakt.ru', 14, 1.20),
(90, 'Ростест-Москва ФБУ', 'ТДХ002243', 'ЮЛ', '7727061249', '772701001', 'ГУ БАНКА РОССИИ ПО ЦФО//УФК ПО Г. МОСКВЕ', '004525988', '03214643000000017300', '117418, Москва г, Нахимовский пр-кт, дом № 31', '', '', 0, 1.20),
(91, 'ОКАНТПРОМ ООО', 'ТДХ000339', 'ЮЛ', '7733855850', '773301001', 'АКБ \"РОСЕВРОБАНК\" (АО)', '044525836', '40702810700070330616', '125373, Москва г, Походный проезд, дом № 4, стр. 1, офис 10', '', '', 15, 1.20),
(92, 'ЭЛЕКТРОТЕХМОНТАЖ ТД ООО', 'ТДХ001892', 'ЮЛ', '7804526950', '780401001', 'ПАО \"БАНК \"САНКТ-ПЕТЕРБУРГ\"', '044030790', '40702810190330002620', '195220, Санкт-Петербург г, Гражданский пр-кт, дом № 15, корпус 1, лит. А. пом 2Н', '', 'dmitrieva_sa@etm.ru', 21, 1.20),
(93, 'Хабазит Лтд. ООО', 'ТДХ001805', 'ЮЛ', '7810058869', '780601001', 'ПЕТЕРБУРГСКИЙ ФИЛИАЛ АО ЮНИКРЕДИТ БАНКА', '044030858', '40702810000021201108', '195027, Санкт-Петербург г, Металлистов пр-кт, дом № 7, литер А', '', '', 60, 1.20),
(94, 'Магнит ГК ООО', 'CNT000983', 'ЮЛ', '9705124234', '770501001', 'ПАО \"ПРОМСВЯЗЬБАНК\"', '044525555', '40702810700000176334', '115054, Москва г, Монетчиковский 5-й пер, дом № 16 э.0, помещение II ком.1 оф.16', '', '', 0, 1.20),
(95, 'Таран Дмитрий Викторович ИП', 'CNT001128', 'ЮЛ', '390503730506', '', 'АО \"ТИНЬКОФФ БАНК\"', '044525974', '40802810400000006678', '236013, Калининградская обл, Калининград г, Карташева ул, дом № 51', '', '', 0, 1.00),
(96, 'Бизнес Рост ООО', 'CNT001175', 'ЮЛ', '0274937211', '027801001', 'АО \"ТИНЬКОФФ БАНК\"', '044525974', '40702810210000628948', '450078, Башкортостан Респ, Уфа г, Владивостокская ул, дом № 10', '', '', 7, 1.00),
(97, 'АКСИОМА ООО', 'H00000611', 'ЮЛ', '2312190946', '231201001', 'ТОЧКА ПАО БАНКА \"ФК ОТКРЫТИЕ\"', '044525999', '40702810302500091326', '350080, Краснодарский край, Краснодар г, Бородинская ул, дом № 150/11', '', '', 10, 1.20),
(98, 'ИТиСБ ООО', 'CNT001293', 'ЮЛ', '2312279979', '231201001', 'КРАСНОДАРСКОЕ ОТДЕЛЕНИЕ N8619 ПАО СБЕРБАНК', '040349602', '40702810030000032543', '350066, Краснодарский край, Краснодар г, 1-я Заречная ул, дом № 17, кв. 91', '', '', 10, 1.20),
(99, 'Тихорецкводавтоматика ООО', 'ТДХ001349', 'ЮЛ', '2354007631', '235401001', 'КРАСНОДАРСКОЕ ОТДЕЛЕНИЕ N8619 ПАО СБЕРБАНК', '040349602', '40702810030120100931', '352104, Краснодарский край, Тихорецкий р-н, Парковый п, Промзона тер, секция 4, контур 9', '', '', 15, 1.00),
(100, 'Эрга ООО', 'ТДХ002459', 'ЮЛ', '4029003636', '402901001', 'КАЛУЖСКОЕ ОТДЕЛЕНИЕ N8608 ПАО СБЕРБАНК', '042908612', '40702810722240104917', '248018, Калужская обл, Калуга г, Хрустальная ул, дом 22, строение 15', '+7(4842)544582,+7(4842)543008,+7(4842)794280', 'info@erga.ru,mikhaylova@erga.ru', 15, 1.20),
(101, 'Балтик Мастер МСК ООО', 'CNT001480', 'ЮЛ', '5047237653', '504701001', 'Филиал \"Корпоративный\" ПАО \"Совкомбанк\"', '044525360', '40702810212010489691', '141431, Московская область, г. Химки, мкр. Подрезково, ул. Колхозная, владение 2, строение 1, офис 203', '', '', 15, 1.20),
(102, 'Созвездие-М НПО ООО', 'CNT001492', 'ЮЛ', '6311097719', '631101001', 'ПОВОЛЖСКИЙ БАНК ПАО СБЕРБАНК', '043601607', '40702810854400048525', '443070, Самарская обл, Самара г, Аэродромная ул, дом № 45, оф. 11 (204)', '', '', 10, 1.00),
(103, 'ЭкоСфера АО', 'CNT001540', 'ЮЛ', '6323109334', '632301001', 'ПОВОЛЖСКИЙ БАНК ПАО СБЕРБАНК', '043601607', '40702810954400016499', '445007, Самарская обл, Тольятти г, Новозаводская ул, дом 2А, строение 301', '8(8482)204242', 'ecolog2.ekovoz@mail.ru', 30, 1.20),
(104, 'Самара-Дез ООО', 'CNT001490', 'ЮЛ', '6330081538', '633001001', 'ПОВОЛЖСКИЙ БАНК ПАО СБЕРБАНК', '043601607', '40702810254400035293', '443004, Самарская обл, Самара г, Стромиловское ш, дом № 5 офис 310', '+7(846)3004377', '', 25, 1.20),
(105, 'Альянс ПромЭнерго ООО', 'ТДХ002190', 'ЮЛ', '6950058930', '695201001', 'АО \"Банк ДОМ.РФ\"', '044525266', '40702810200210001518', '170041, Тверская обл, Тверь г, Красина ул, дом № 46, корпус 1, помещение 11', '', '', 14, 1.20),
(106, 'Стэп-Стил ООО', 'ТДХ001395', 'ЮЛ', '7602131250', '760201001', 'КАЛУЖСКОЕ ОТДЕЛЕНИЕ N8608 ПАО СБЕРБАНК', '042908612', '40702810477030008772', '150044, Ярославская обл, Ярославль г, Базовая ул, дом № 3, офис 3', '+7(980)7410780,+7(906)6369509', 'stepsteelprodaji@gmail.com', 15, 1.20),
(107, 'Национальная ассоциация природопользователей', 'ТДХ002002', 'ЮЛ', '7702418433', '770201001', 'ПАО РОСБАНК', '044525256', '40702810297880000542', '107045, Москва г, Колокольников пер, дом № 9, СТРОЕНИЕ 2, КОМНАТА А, ПОМ.II, КОМ.1, 2, ЭТАЖ 2', '', '', 60, 1.00),
(108, 'МСК ООО', 'CNT001509', 'ЮЛ', '7720448776', '770401001', 'АО \"АЛЬФА-БАНК\"', '044525593', '40702810701100023809', '119019, г Москва, пер. Сивцев Вражек, дом. 3 этаж подвал, помещение 1 , комната 27', '+7(929)6067062', 'mscompany.inform@gmail.com', 60, 1.20),
(109, 'Северный Альянс ООО', 'ТДХ002515', 'ЮЛ', '7814540093', '781401001', 'ФИЛИАЛ \"САНКТ-ПЕТЕРБУРГСКИЙ\" АО \"АЛЬФА-БАНК\"', '044030786', '40702810332280001972', '197227, Санкт-Петербург г, Комендантский пр-кт, дом № 11, лит.В, пом.28-Н, пом.В-2-22к', '', '', 60, 1.00),
(110, 'ФАМ ООО', 'Ц00001341', 'ЮЛ', '7816124645', '780101001', 'ПАО \"БАНК \"САНКТ-ПЕТЕРБУРГ\"', '044030790', '40702810390270002124', '199178, Санкт-Петербург г, Малый В.О. пр-кт, дом № 57, корпус 3 литер А, помещение 2Н', '', '', 15, 1.20),
(111, 'Бондаренко Анна Евгеньевна ИП', 'ТДХ000731', 'ЮЛ', '232306607545', '', 'КРАСНОДАРСКОЕ ОТДЕЛЕНИЕ N8619 ПАО СБЕРБАНК', '040349602', '40802810330000008889', '353301, Краснодарский край, Абинский р-н, Ахтырский пгт, Дачный пер, дом № 12', '', '', 10, 1.00),
(112, 'Петров Николай Владимирович ИП', 'CNT001232', 'ЮЛ', '611104187534', '', 'ПАО КБ \"ЦЕНТР-ИНВЕСТ\"', '046015762', '40802810502500000316', '347740, Ростовская обл, Зерноградский р-н, Зерноград г, Машиностроителей ул, дом № 15, кв. 55', '', '', 10, 1.20),
(113, 'Козин Максим Вячеславович ИП', 'CNT001433', 'ЮЛ', '644921688686', '', 'ПОВОЛЖСКИЙ БАНК ПАО СБЕРБАНК', '043601607', '40802810056000017285', '413117, Саратовская обл, Энгельс г, 2-я Дачная ул, дом № 18', '', '', 14, 1.00),
(114, 'Акимов Вадим Анатольевич', 'ТДХ002536', 'ЮЛ', '632106553420', '', 'ПОВОЛЖСКИЙ БАНК ПАО СБЕРБАНК', '043601607', '42307810454062924262', '445044, Самарская обл, Тольятти г, Космонавтов б-р, дом № 18, кв. 21', '+7(960)8427456', '', 10, 1.00),
(115, 'Император ОО ООО', 'ТДХ002188', 'ЮЛ', '7841473953', '784101001', 'ПАО \"БАНК \"САНКТ-ПЕТЕРБУРГ\"', '044030790', '40702810090330000829', '191011, Санкт-Петербург г, Садовая ул, дом № 8/7, лит. А', '', '', 15, 1.20),
(116, 'Разумные решения ООО', 'CNT001624', 'ЮЛ', '6311191944', '631101001', 'ФИЛИАЛ \"ЦЕНТРАЛЬНЫЙ\" БАНКА ВТБ (ПАО)', '044525411', '40702810518800000578', '443070, Самарская обл, Самара г, Верхне-Карьерная ул, дом 6, офис 1', '', 'promtec@bk.ru', 16, 1.20),
(117, 'ЮгИнтеграция ООО', 'ТДХ000510', 'ЮЛ', '2311137523', '231101001', 'ФИЛИАЛ ЮЖНЫЙ ПАО БАНКА \"ФК ОТКРЫТИЕ\"', '046015061', '40702810295250001485', '350901, Краснодарский край, Краснодар г, Вологодская ул, дом № 5. оф.10-А1', '', '', 60, 1.00),
(118, 'Экспресс Грузчики Кубань ООО', 'CNT001386', 'ЮЛ', '2311306901', '231101001', 'ТОЧКА ПАО БАНКА \"ФК ОТКРЫТИЕ\"', '044525999', '40702810009500010969', '350901, Краснодарский край, Краснодар г, им. 40-летия Победы ул, дом № 184, корпус 1, кв. 167', '+7(861)2060089', 'kr.erguzchiki.ru', 7, 1.20),
(119, 'ТОСКИН МИХАИЛ ЮРЬЕВИЧ', 'TOF0000316', 'ФЛ', 'TOF0000316', '', 'ПОВОЛЖСКИЙ БАНК ПАО СБЕРБАНК', '043601607', '40817810154402387413', '445021, Самарская обл, Тольятти г, Голосова ул, дом № 28, кв. 63', '+7 (927) 215-67-43', '', 5, 1.20),
(120, 'Росприроднадзор по Самарской и Ульяновской областям', 'ТДХ001894', 'ЮЛ', '6315800795', '631501001', 'ОТДЕЛЕНИЕ САМАРА БАНКА РОССИИ//УФК по Самарской области', '013601205', '03100643000000014200', '443010, Самарская обл, Самара г, Красноармейская ул, дом № 21. 505', '', '', 0, 1.00),
(121, 'Хотей ООО', 'ТДХ001263', 'ЮЛ', '7811483859', '781101001', 'СЕВЕРО-ЗАПАДНЫЙ БАНК ПАО СБЕРБАНК', '044030653', '40702810255070004100', '192148, Санкт-Петербург г, Ольги Берггольц ул, дом № 35', '', '', 10, 1.20),
(122, 'Средне-Поволжское управление Ростехнадзора', 'ТДХ001971', 'ЮЛ', '6316007846', '631201001', 'ОТДЕЛЕНИЕ САМАРА БАНКА РОССИИ//УФК по Самарской области', '013601205', '03100643000000014200', '443035, Самарская обл, Самара г, Нагорная ул, дом № 136а', '', '', 1, 1.20),
(123, 'СП Технология ООО', 'CNT001611', 'ЮЛ', '7734569298', '771501001', 'ФИЛИАЛ \"ЦЕНТРАЛЬНЫЙ\" БАНКА ВТБ (ПАО)', '044525411', '40702810728030000031', '127549, Москва г, Биберевская ул, дом 17Б, этаж .1, пом.I, каб. № 2', '(499)707-12-83', 'info@sp-t.ru', 15, 1.20),
(124, 'ПЭК ООО', 'ТДХ001465', 'ЮЛ', '6950052671', '695201001', 'ФИЛИАЛ ЦЕНТРАЛЬНЫЙ ПАО БАНКА \"ФК ОТКРЫТИЕ\"', '044525297', '40702810195020800254', '170039, Тверская обл, Тверь г, Паши Савельевой ул, дом № 62, оф. 20', '', '', 15, 1.20),
(125, 'Презент ООО', 'CNT001792', 'ЮЛ', '6320061405', '632001001', 'ФИЛИАЛ АО АКБ \"НОВИКОМБАНК\" В Г. ТОЛЬЯТТИ', '043678944', '40702810204000000465', '445056, Самарская обл, Тольятти г, Автостроителей ул, дом 41А, офис 305А', '(8482)21-39-39', 'office@present-tlt.ru', 5, 1.00),
(126, 'РыбПромКомплект ООО', 'CNT001785', 'ЮЛ', '7810448844', '780201001', 'СТ-ПЕТЕРБУРГСКИЙ Ф-Л ПАО \"ПРОМСВЯЗЬБАНК\"', '044030920', '40702810106000004356', '194358, Санкт-Петербург г, Парголово п, Михаила Дудина ул, дом 15, корпус 1, Литер В, помещение 3', '+7(812)627-68-10', '6276810@mail.ru', 5, 1.20),
(127, 'Индустриальный Парк Краснодар УК ООО', 'CNT001039', 'ЮЛ', '2311209369', '231101001', 'КРАСНОДАРСКОЕ ОТДЕЛЕНИЕ N8619 ПАО СБЕРБАНК', '040349602', '40702810830000012048', '350072, Краснодарский край, Краснодар г, Солнечная ул, дом № 15/4', '', '', 60, 1.20),
(128, 'НТЦ Евровент ООО', 'CNT001674', 'ЮЛ', '6324080600', '632401001', 'ФИЛИАЛ \"ЦЕНТРАЛЬНЫЙ\" БАНКА ВТБ (ПАО)', '044525411', '40702810211240005359', '445007, Самарская обл, Тольятти, Ларина ул, дом 139, строение 9, офис 203', '', '', 15, 1.20),
(129, 'Де-Пак ООО', 'Ц00004063', 'ЮЛ', '3662166370', '366201001', 'ЦЕНТРАЛЬНО-ЧЕРНОЗЕМНЫЙ БАНК ПАО СБЕРБАНК', '042007681', '40702810113000058245', '394088, Воронежская обл, Воронеж г, Победы б-р, дом № 50, оф.1', '', '', 60, 1.20),
(130, 'Хайв Экспо Интернешнл ООО', 'CNT001348', 'ЮЛ', '7708333955', '770801001', 'АО \"РАЙФФАЙЗЕНБАНК\"', '044525700', '40702810100000220938', '107140, Москва г, Верхняя Красносельская ул, дом № 3, строение 2, помещение 1', '+7 (495) 799 55 85', 'Irina.Varlamova@hyve.group', 1, 1.20),
(131, 'АКИМОВА НАТАЛЬЯ АЛЕКСАНДРОВНА', 'TOF0000351', 'ФЛ', 'TOF0000351', '', 'ПОВОЛЖСКИЙ БАНК ПАО СБЕРБАНК', '043601607', '40817810154068610757', '445044, Самарская обл, Тольятти г, Космонавтов б-р, дом № 18, кв. 21', '+7 (905) 306-04-78', '', 5, 1.20),
(132, 'Шаехова Галина Сергеевна ИП', 'CNT001888', 'ЮЛ', '632142220755', '', 'ПОВОЛЖСКИЙ БАНК ПАО СБЕРБАНК', '043601607', '40802810254400021615', '445039, Самарская обл, Тольятти г, Ворошилова ул, дом 31-12', '', '', 10, 1.00),
(133, 'Оберег ООО', 'ТДХ001333', 'ЮЛ', '6163102916', '616801001', 'ФИЛИАЛ \"ЦЕНТРАЛЬНЫЙ\" БАНКА ВТБ (ПАО)', '044525411', '40702810327050000412', '344041, Ростовская обл, Ростов-на-Дону г, Светлый путь сад, дом № уч.200,201,201 А', '+7 (863) 256-77-65', '', 15, 1.20),
(134, 'АКИМОВ ВАДИМ АНАТОЛЬЕВИЧ', 'TOF0000005', 'ФЛ', 'TOF0000005', '', 'ПОВОЛЖСКИЙ БАНК ПАО СБЕРБАНК', '', '40817810954405569946', '445044, Самарская обл, Тольятти г, Космонавтов б-р, дом № 18, кв. 21', '', '', 5, 1.00),
(135, 'ЗАЩИТА ООО', 'CNT001982', 'ЮЛ', '6382085205', '638201001', 'ПОВОЛЖСКИЙ БАНК ПАО СБЕРБАНК', '043601607', '40702810754400058071', '445004, Самарская обл, Тольятти г, Автозаводское ш, дом 37, комната 23', '', '', 14, 1.20),
(136, 'КЕХ еКоммерц ООО', 'ТДХ002760', 'ЮЛ', '7710668349', '997750001', 'АО \"РАЙФФАЙЗЕНБАНК\"', '044525700', '40702810900001433830', '125196, Москва г, Лесная ул, дом № 7, эт. 15, ком. 1', '', '', 5, 1.20),
(137, 'ППТК СПб ООО', 'ТДХ001778', 'ЮЛ', '7838060040', '783801001', 'ПАО \"БАНК \"САНКТ-ПЕТЕРБУРГ\"', '044030790', '40702810390270002027', '190000, Санкт-Петербург г, Галерная ул, дом № 32, лит. Б, пом. 1Н', '', '', 5, 1.20),
(138, 'Феррата ООО', 'H00000023', 'ЮЛ', '2312122946', '230901001', 'КРАСНОДАРСКОЕ ОТДЕЛЕНИЕ N8619 ПАО СБЕРБАНК', '040349602', '40702810630000008935', '350001, Краснодарский край, Краснодар г, им Шевченко ул, дом № 42, оф. 106', '+7 (861) 227-09-04, 233-47-67', '', 1, 1.00),
(139, 'Пищмашсервис ИТЦ ООО', 'CNT001997', 'ЮЛ', '7709463259', '771901001', 'ТКБ БАНК ПАО', '044525388', '4072810600000006834', '107023, Москва г, муниципальный округ Соколиная гора, Мажоров пер, дом 14, строение 5, этаж 1, комната 9, помещение 5117', '+7 (495)775-18-00', 'info@pmserv.com', 1, 1.20);

-- --------------------------------------------------------

--
-- Структура таблицы `payment`
--

CREATE TABLE `payment` (
  `id` int(11) NOT NULL COMMENT 'Идентификатор',
  `date` date DEFAULT NULL COMMENT 'Дата ЗО',
  `number` varchar(15) COLLATE utf8mb4_unicode_ci DEFAULT NULL COMMENT 'Номер ЗО',
  `sum` varchar(100) COLLATE utf8mb4_unicode_ci NOT NULL COMMENT 'Суммы оплачиваемых приходов',
  `receipt` varchar(100) COLLATE utf8mb4_unicode_ci NOT NULL COMMENT 'Номера оплачиваемых приходов',
  `vat` double(4,2) DEFAULT NULL COMMENT 'НДС (Без нДС - 1, 20% - 1,2)',
  `id_partner` int(11) NOT NULL COMMENT 'ID контрагента',
  `num_er` varchar(100) COLLATE utf8mb4_unicode_ci DEFAULT NULL COMMENT 'Номера ЕР',
  `sum_er` varchar(100) COLLATE utf8mb4_unicode_ci DEFAULT NULL COMMENT 'Суммы ЕР',
  `num_bo` varchar(255) COLLATE utf8mb4_unicode_ci DEFAULT NULL COMMENT 'Номера БО',
  `sum_bo` varchar(255) COLLATE utf8mb4_unicode_ci DEFAULT NULL COMMENT 'Суммы БО',
  `date_pay` date DEFAULT NULL
) ENGINE=InnoDB DEFAULT CHARSET=utf8mb4 COLLATE=utf8mb4_unicode_ci;

--
-- Дамп данных таблицы `payment`
--

INSERT INTO `payment` (`id`, `date`, `number`, `sum`, `receipt`, `vat`, `id_partner`, `num_er`, `sum_er`, `num_bo`, `sum_bo`, `date_pay`) VALUES
(1, '2022-01-17', 'TOF00000021', '1252.03', 'TOF00000038/2022', 1.20, 48, 'БАК', '1252.03', 'CUB0000306875/2022', '1252.03', '2022-01-19'),
(2, '2022-01-18', 'TOF00000025', '6000.00', 'TOF00000020/2022', 1.00, 16, '0010/102021ТЛТ', '6000.00', 'CUB0000306882/2022', '6000.00', '2022-01-21'),
(3, '2022-01-20', 'TOF00000030', '15600.00;79980.00', 'TOF00000029/2022;TOF00000058/2022', 1.00, 2, '0001/122020ТЛТ', '95580.00', 'CUB0000306570/2022;CUB0000307153/2022', '36000.00;59580.00', '2022-01-26'),
(4, '2022-01-13', 'TOF00000009', '17944.92', 'TOF00000030/2022', 1.20, 63, 'БАК', '17944.92', 'CUB0000010800/2021', '17944.92', '2022-01-17'),
(5, '2022-02-08', 'TOF00000050', '1000.00', 'TOF00000002/2022', 1.20, 3, '0005/022021ТЛТ', '1000.00', 'CUB0000308737/2022', '1000.00', '2022-02-10'),
(6, '2022-02-08', 'TOF00000051', '2580.00', 'TOF00000003/2022', 1.20, 3, '0005/022021ТЛТ', '2580.00', 'CUB0000308737/2022;CUB0000308736/2022', '368.14;2211.86', '2022-02-10'),
(7, '2022-02-08', 'TOF00000052', '3180.00', 'TOF00000004/2022', 1.20, 3, '0005/022021ТЛТ', '3180.00', 'CUB0000308736/2022', '3180.00', '2022-02-10'),
(8, '2022-01-20', 'TOF00000032', '4007.52', 'TOF00000036/2022', 1.20, 4, '0007/072021ТЛТ', '4007.52', 'CUB0000308737/2022', '4007.52', '2022-01-31'),
(9, '2022-01-20', 'TOF00000033', '2624.34', 'TOF00000037/2022', 1.20, 4, '0007/072021ТЛТ', '2624.34', 'CUB0000308737/2022', '2624.34', '2022-01-31'),
(10, '2022-01-17', 'TOF00000022', '190.04', 'TOF00000039/2022', 1.00, 114, 'БАК', '190.04', 'CUB0000306875/2022', '190.04', '2022-01-20'),
(11, '2022-01-28', 'TOF00000036', '2998', 'TOF00000075/2022', 1.20, 52, 'БАК', '2998', 'CUB0000306573/2022', '2998', '2022-02-01'),
(12, '2022-01-10', 'CNT00000155', '32247.60', 'TOF00000009/2022', 1.20, 88, '0009/042021ТЛТ', '32247.60', 'CUB0000306884/2022', '32247.60', '2022-01-31'),
(13, '2022-01-20', 'TOF00000029', '6500.00', 'TOF00000013/2022', 1.00, 83, '0006/072021ТЛТ', '6500.00', 'CUB0000306882/2022', '6500.00', '2022-01-26'),
(14, '2022-01-13', 'CNT00008165', '25480.58', 'TOF00000021/2022', 1.20, 17, '0010/042021ТЛТ', '25480.58', 'CUB0000306884/2022', '25480.58', '2022-01-26'),
(15, '2022-01-13', 'CNT00008164', '2640', 'TOF00000022/2022', 1.20, 17, '0010/042021ТЛТ', '2640', 'CUB0000306884/2022', '2640', '2022-01-27'),
(16, '2022-01-21', 'TOF00000035', '95527.65;182645', 'TOF00000023/2022;TOF00000024/2022', 1.00, 55, '0001/122021ТЛТ', '278172.65', 'CUB0000306879/2022;CUB0000306575/2022;CUB0000306859/2022', '183000.00;83333.33;11839.32', '2022-01-28'),
(17, '2022-01-19', 'TOF00000026', '41850', 'TOF00000043/2022', 1.00, 62, '0002/122021ТЛТ', '41850', 'CUB0000308361/2022', '41850', '2022-01-25'),
(18, '2022-02-01', 'TOF00000040', '13500.00', 'TOF00000077/2022', 1.00, 49, '0009/112021ТЛТ', '13500.00', 'CUB0000306855/2022', '13500.00', '2022-02-07'),
(19, '2022-02-01', 'TOF00000039', '100800.00', 'TOF00000078/2022', 1.20, 8, '0011/092021ТЛТ', '100800.00', 'CUB0000306855/2022', '100800.00', '2022-02-07'),
(22, '2022-02-01', 'TOF00000042', '6480.00;12600.00', 'TOF00000076/2022;TOF00000086/2022', 1.00, 83, '0006/072021ТЛТ', '19080.00', 'CUB0000306855/2022', '19080.00', '2022-02-09'),
(23, '2022-02-03', 'TOF00000045', '14299.49;4855.27', 'TOF00000068/2022;TOF00000069/2022', 1.20, 92, '0005/112021ТЛТ', '19154.76', 'CUB0000306845/2022;CUB0000306855/2022', '500.00;18654.76; ', '2022-02-15'),
(24, '2022-02-01', 'TOF00000041', '29998.14', 'TOF00000079/2022', 1.20, 30, '0006/032021ТЛТ', '29998.14', 'CUB0000308431/2022;CUB0000308432/2022', '15000;14998.14; ', '2022-02-10'),
(25, '2022-02-01', 'TOF00000043', '49500', 'TOF00000054/2022', 1.20, 13, '0003/052021ТЛТ', '49500', 'CUB0000306845/2022', '49500', '2022-02-16'),
(26, '2022-02-02', 'TOF00000044', '21360.00', 'TOF00000070/2022', 1.20, 56, 'БАК', '21360.00', 'CUB0000308733/2022', '21360', '2022-02-08'),
(27, '2022-02-09', 'CNT00008946', '119180.00', 'TOF00000140/2022', 1.20, 7, '0010/032021ТЛТ', '119180.00', 'CUB0000001961/2022', '119180.00', '2022-02-25'),
(28, '2022-02-09', 'TOF00000057', '127.28', 'TOF00000148/2022', 1.00, 114, 'БАК', '127.28', 'CUB0000306875/2022', '127.28', '2022-02-11'),
(29, '2022-02-03', 'CNT00008811', '320400.00', 'TOF00000124/2022', 1.20, 101, '0009/102021ТЛТ', '320400.00', 'CUB0000302497/2022', '320400.00', '2022-02-16'),
(30, '2022-02-14', 'TOF00000059', '94928.00;2659.16', 'TOF00000113/2022;TOF00000156/2022', 1.20, 15, '0009/122021ТЛТ;0008/092021ТЛТ', '94928.00;2659.16', 'CUB0000000729/2022;CUB0000306876/2022', '94928;2659.16', '2022-03-04'),
(31, '2022-02-08', 'CNT00008871', '29920.00', 'TOF00000125/2022', 1.20, 25, '0006/122021ТЛТ', '29920.00', 'CUB0000306884/2022;CUB0000001961/2022', '17738.00;12182.00', '2022-02-21'),
(32, '2022-02-14', 'TOF00000060', '4007.52', 'TOF00000143/2022', 1.20, 4, '0007/072021ТЛТ', '4007.52', 'CUB0000308736/2022;CUB0000308735/2022', '2289.42;1718.10', '2022-03-01'),
(33, '2022-02-14', 'TOF00000061', '2624.34\r\n', 'TOF00000144/2022', 1.20, 4, '0007/072021ТЛТ', '2624.34', 'CUB0000308735/2022;CUB0000308734/2022', '981.90;1642.44', '2022-03-01'),
(34, '2022-02-14', 'TOF00000062', '46954.00', 'TOF00000157/2022', 1.20, 71, '0004/052021ТЛТ', '46954.00', 'CUB0000306573/2022', '46954.00', '2022-03-14'),
(35, '2022-02-07', 'TOF00000049', '232500.00', 'TOF00000126/2022', 1.00, 33, '0011/112021ТЛТ', '232500.00', 'CUB0000306868/2022', '232500.00', '2022-02-17'),
(36, '2022-02-07', 'TOF00000048', '1907.20', 'TOF00000128/2022', 1.20, 79, '0005/052021ТЛТ', '1907.20', 'CUB0000306569/2022', '1907.20', '2022-02-10'),
(37, '2022-02-08', 'TOF00000053', '35100', 'TOF00000141/2022', 1.00, 62, '0002/122021ТЛТ', '35100', 'CUB0000308361/2022;CUB0000301485/2022', '24150;10950', '2022-02-11'),
(38, '2022-02-09', 'TOF00000054', '45708', 'TOF00000105/2022', 1.20, 58, '0005/032021ТЛТ', '45708', 'CUB0000306877/2022;CUB0000001945/2022', '25000;20708', '2022-02-11'),
(39, '2022-02-09', 'TOF00000056', '894.76', 'TOF00000149/2022', 1.20, 48, 'БАК', '894.76', 'CUB0000306875/2022', '894.76', '2022-02-11'),
(40, '2022-02-14', 'TTF00044610', '223200', 'TTF00001360/2022', 1.20, 115, 'БАК', '223200', 'CUB0000306874/2022', '223200', '2022-02-14'),
(41, '2022-02-03', 'TOF00000046', '5000', 'TOF00000115/2022', 1.20, 54, '0004/042021ТЛТ', '5000', 'CUB0000306881/2022', '5000', '2022-02-16'),
(42, '2022-02-17', 'TOF00000064', '113580.40', 'TOF00000107/2022', 1.20, 56, 'БАК', '113580.40', 'CUB0000308733/2022;CUB0000308732/2022', '140;113440.40', '2022-02-21'),
(43, '2022-02-17', 'TOF00000065', '3000', 'TOF00000175/2022', 1.20, 104, '0005/102021ТЛТ', '3000', 'CUB0000306571/2022', '3000', '2022-02-28'),
(44, '2022-02-11', 'CNT00009056', '28893.40', 'TOF00000047/2022', 1.20, 42, '0005/122021ТЛТ', '28893.40', 'CUB0000306884/2022', '28893.40', '2022-02-17'),
(45, '2022-02-17', 'TOF00000066', '35889.84', 'TOF00000158/2022', 1.20, 63, 'БАК', '35889.84', 'CUB0000307153/2022;CUB0000307155/2022', '11664;24225.84', '2022-02-21'),
(46, '2022-02-18', 'TOF00000067', '3000.00', 'TOF00000187/2022', 1.00, 117, 'БАК', '3000.00', 'CUB0000306568/2022', '3000.00', '2022-02-22'),
(47, '2022-02-09', 'TOF00000055', '107910;15000', 'TOF00000142/2022;TOF00000127/2022', 1.00, 55, '0001/122021ТЛТ', '122910.00', 'CUB0000306859/2022;CUB0000001965/2022', '24160.68;98749.32', '2022-02-21'),
(48, '2022-02-24', 'TOF00000072', '216000.00', 'TOF00000207/2022', 1.20, 8, '0011/092021ТЛТ', '216000.00', 'CUB0000306882/2022;CUB0000306855/2022;CUB0000306848/2022', '170000;41449.24;4550.76', '2022-03-09'),
(49, '2022-02-24', 'CNT00009358', '33486.00', 'TOF00000181/2022', 1.20, 25, '0006/122021ТЛТ', '33486.00', 'CUB0000001961/2022', '33486.00', '2022-03-01'),
(50, '2022-02-16', 'TOF00000063', '2998', 'TOF00000074/2022', 1.20, 52, 'БАК', '2998', 'CUB0000306573/2022', '2998', '2022-03-01'),
(51, '2022-02-22', 'TOF00000070', '24975', 'TOF00000150/2022', 1.00, 29, '0001/102021ТЛТ', '24975', 'CUB0000308362/2022', '24975', '2022-03-03'),
(52, '2022-02-24', 'CNT00009357', '41481.54;5274.35;1422.34;22841.90', 'TOF00000182/2022;TOF00000183/2022;TOF00000184/2022;TOF00000185/2022', 1.20, 92, '0005/112021ТЛТ', '71020.13', 'CUB0000302497/2022', '71020.13', '2022-03-09'),
(53, '2022-02-24', 'TOF00000073', '22400.00', 'TOF00000106/2022', 1.00, 85, '0004/062021ТЛТ', '22400.00', 'CUB0000306568/2022', '22400.00', '2022-02-28'),
(54, '2022-02-25', 'TOF00000074', '3000.00', 'TOF00000176/2022', 1.20, 104, '0005/102021ТЛТ', '3000.00', 'CUB0000306572/2022', '3000.00', '2022-03-09'),
(57, '2022-02-25', 'CNT00009392', '27478.00', 'TOF00000116/2022', 1.20, 42, '0005/122021ТЛТ', '27478.00', 'CUB0000001961/2022', '27478.00', '2022-03-03'),
(58, '2022-02-25', 'TOF00000075', '4000;18000', 'TOF00000212/2022;TOF00000213/2022', 1.20, 80, '0007/032021ТЛТ', '22000', 'CUB0000001959/2022', '22000', '2022-03-02'),
(59, '2022-02-22', 'TOF00000071', '39780.00', 'TOF00000051/2022', 1.20, 108, '0002/082021ТЛТ', '39780.00', 'CUB0000308363/2022', '39780.00', '2022-03-01'),
(61, '2022-02-28', 'TOF00000076', '9900.00', 'TOF00000227/2022', 1.20, 118, '0007/022022ТЛТ', '9900', 'CUB0000308363/2022', '9900', '2022-03-02'),
(62, '2022-03-01', 'TOF00000077', '19800.00', 'TOF00000236/2022', 1.20, 118, '0007/022022ТЛТ', '19800.00', 'CUB0000301484/2022', '19800.00', '2022-03-05'),
(63, '2022-03-01', 'TOF00000078', '187700', 'TOF00000235/2022', 1.20, 91, '0001/072021ТЛТ;0003/122021ТЛТ', '134326;53374', 'CUB0000001922/2022', '187700', '2022-03-03'),
(64, '2022-03-02', 'TOF00000079', '102800.00', 'TOF00000246/2022', 1.00, 33, '0011/112021ТЛТ', '102800', 'CUB0000306868/2022;CUB0000001929/2022', '7500;95300', '2022-03-03'),
(65, '2022-03-02', 'TOF00000080', '1000.00', 'TOF00000234/2022', 1.20, 56, 'БАК', '1000', 'CUB0000308362/2022', '1000', '2022-03-03'),
(66, '2022-03-03', 'TOF00000082', '21360.00', 'TOF00000218/2022', 1.20, 56, 'БАК', '21360', 'CUB0000308732/2022', '21360', '2022-03-05'),
(67, '2022-03-05', 'TOF00000083', '39877.50', 'TOF00000108/2022', 1.20, 56, 'БАК', '39877.50', 'CUB0000308732/2022', '39877.50', '2022-03-10'),
(68, '2022-03-05', 'TOF00000084', '121800.00', 'TOF00000245/2022', 1.00, 33, '0011/112021ТЛТ', '121800.00', 'CUB0000001929/2022', '121800.00', '2022-03-16'),
(69, '2022-03-05', 'TOF00000085', '6480.00', 'TOF00000237/2022', 1.00, 83, '0006/072021ТЛТ', '6480.00', 'CUB0000306848/2022;CUB0000001919/2022', '2807.70;3672.30', '2022-03-16'),
(70, '2022-03-05', 'TOF00000086', '2000.00', 'TOF00000226/2022', 1.20, 80, '0007/032021ТЛТ', '2000.00', 'CUB0000001965/2022', '2000.00', '2022-03-14'),
(71, '2022-03-09', 'TOF00000087', '50100.00', 'TOF00000257/2022', 1.00, 62, '0002/122021ТЛТ', '50100', 'CUB0000301485/2022;CUB0000304354/2022', '45050;5050', '2022-03-11'),
(72, '2022-03-09', 'TOF00000088', '49500.00', 'TOF00000217/2022', 1.20, 13, '0003/052021ТЛТ', '49500', 'CUB0000001915/2022', '49500', '2022-03-16'),
(73, '2022-03-09', 'TOF00000089', '5000.00', 'TOF00000222/2022', 1.20, 54, '0004/042021ТЛТ', '5000', 'CUB0000306863/2022', '5000', '2022-03-15'),
(74, '2022-03-09', 'TOF00000090', '25778.60', 'TOF00000238/2022', 1.20, 30, '0006/032021ТЛТ', '25778.60', 'CUB0000308432/2022;CUB0000302003/2022;CUB0000302004/2022', '1.86;15000;10776.74 ', '2022-03-15'),
(75, '2022-03-09', 'TOF00000091', '29908.20', 'TOF00000263/2022', 1.20, 63, 'БАК', '29908.20', 'CUB0000307155/2022', '29908.20', '2022-03-11'),
(76, '2022-03-09', 'TOF00000092', '934.80', 'TOF00000264/2022', 1.20, 48, 'БАК', '934.80', 'CUB0000001942/2022', '934.80', '2022-03-11'),
(77, '2022-03-09', 'CNT00009795', '12714.00', 'TOF00000228/2022', 1.20, 24, '0009/092021ТЛТ', '12714.00', 'CUB0000306887/2022', '12714.00', '2022-03-21'),
(78, '2022-03-10', 'TOF00000093', '40320.00', 'TOF00000254/2022', 1.20, 89, '0007/052021ТЛТ', '40320.00', 'CUB0000000730/2022', '40320.00', '2022-03-17'),
(79, '2022-03-10', 'TOF00000094', '134.56', 'TOF00000266/2022', 1.00, 114, 'БАК', '134.56', 'CUB0000001942/2022', '134.56', '2022-03-11'),
(80, '2022-03-10', 'TOF00000096', '5531.60', 'TOF00000270/2022', 1.20, 79, '0005/052021ТЛТ', '5531.60', 'CUB0000000728/2022', '5531.60', '2022-03-14'),
(81, '2022-03-10', 'TOF00000097', '16500.00', 'TOF00000268/2022', 1.20, 118, '0007/022022ТЛТ', '16500.00', 'CUB0000301484/2022', '16500.00', '2022-03-14'),
(82, '2022-03-01', 'CNT00009453', '2952.00', 'TOF00000168/2022', 1.20, 24, '0009/092021ТЛТ', '2952.00', 'CUB0000306887/2022', '2952.00', '2022-03-16'),
(83, '2022-03-10', 'TOF00000098', '19000.00', 'TOF00000247/2022', 1.00, 85, '0004/062021ТЛТ', '19000.00', 'CUB0000306568/2022', '19000.00', '2022-03-15'),
(84, '2022-03-10', 'TTF00046210', '201600.00', 'TTF00002806/2022', 1.20, 115, 'БАК', '201600.00', 'CUB0000001939/2022', '201600.00', '2022-03-15'),
(85, '2022-03-11', 'TOF00000099', '9500.00', 'TOF00000258/2022', 1.00, 16, '0010/102021ТЛТ', '9500.00', 'CUB0000302497/2022;CUB0000001919/2022', '7149.89;2350.11', '2022-03-25'),
(86, '2022-03-11', 'TOF00000100', '126720.00', 'TOF00000267/2022', 1.20, 1, '0014/112021ТЛТ', '126720.00', 'CUB0000001915/2022;CUB0000001922/2022', '100500.00;26220.00', '2022-03-25'),
(87, '2022-03-14', 'TOF00000102', '31680.00', 'TOF00000276/2022', 1.20, 116, '0002/022022ТЛТ', '31680.00', 'CUB0000000729/2022;CUB0000304643/2022', '5072.00;26608.00', '2022-03-28'),
(88, '2022-03-11', 'TOF00000101', '3300.00', 'TOF00000281/2022', 1.20, 118, '0007/022022ТЛТ', '3300.00', 'CUB0000301484/2022', '3300.00', '2022-03-15'),
(89, '2022-03-15', 'TOF00000103', '169588.80;113059.20;15000.00', 'TOF00000289/2022;TOF00000290/2022;TOF00000291/2022', 1.20, 45, '0001/032021ТЛТ', '297648.00', 'CUB0000000727/2022;CUB0000001927/2022;CUB0000001948/2022;CUB0000001959/2022;CUB0000001965/2022;CUB0000304640/2022;CUB0000304642/2022', '40000.00;7000.00;5000.00;78000.00;47500.81;50000.00;70147.19', '2022-03-28'),
(90, '2022-03-16', 'TOF00000104', '4007.52', 'TOF00000284/2022', 1.20, 4, '0007/072021ТЛТ', '4007.52', 'CUB0000302195/2022', '4007.52', '2022-03-31'),
(91, '2022-03-16', 'TOF00000105', '2624.34;0.51', 'TOF00000282/2022;TOF00000283/2022', 1.20, 4, '0007/072021ТЛТ', '2624.85', 'CUB0000302195/2022;CUB0000302196/2022', '192.48;2432.37', '2022-03-31'),
(92, '2022-03-16', 'TOF00000106', '51808.00;2176.00;60928.74', 'TOF00000241/2022;TOF00000242/2022;TOF00000243/2022', 1.20, 15, '0008/092021ТЛТ;0009/122021ТЛТ', '112736.74;2176.00', 'CUB0000304643/2022;CUB0000306876/2022;CUB0000000730/2022;CUB0000302005/2022', '2176.00;29340.84;61680.00;21715.90', '2022-03-31'),
(93, '2022-03-02', 'TOF00000081', '3899.05', 'TOF00000003 АО/2022', 1.20, 119, 'БАК', '3899.05', 'CUB0000001961/2022', '3899.05', '2022-03-04'),
(94, '2022-01-31', 'TOF00000038', '1918.72', 'TOF00000001 АО/2022', 1.20, 119, 'БАК', '1918.72', 'CUB0000308736/2022', '1918.72', '2022-02-01'),
(95, '2022-03-17', 'TOF00000107', '1324.10', 'TOF00000005 АО/2022', 1.20, 119, 'БАК', '1324.10', 'CUB0000302197/2022', '1324.10', '2022-03-21'),
(96, '2022-03-10', 'TOF00000095', '260.10', 'TOF00000004 АО/2022', 1.20, 119, 'БАК', '260.10', 'CUB0000302197/2022', '260.10', '2022-03-11'),
(97, '2022-03-18', 'TOF00000108', '105635.00', 'TOF00000301/2022', 1.00, 55, '0001/122021ТЛТ', '105635.00', 'CUB0000001954/2022', '105635.00', '2022-03-23'),
(98, '2022-03-21', 'TOF00000109', '1149.16', 'TOF00000006 АО/2022', 1.20, 119, 'БАК', '1149.16', 'CUB0000302197/2022', '1149.16', '2022-03-23'),
(99, '2022-03-21', 'TOF00000110', '7000.00;7000.00', 'TOF00000312/2022;TOF00000311/2022', 1.20, 53, '0008/072021ТЛТ', '14000.00', 'CUB0000001954/2022', '14000.00', '2022-03-24'),
(100, '2022-03-21', 'TOF00000111', '120000.00', 'TOF00000313/2022', 1.00, 33, '0011/112021ТЛТ', '120000.00', 'CUB0000001929/2022;CUB0000304630/2022', '22900.00;97100.00', '2022-04-01'),
(101, '2022-03-21', 'TOF00000112', '1000.00', 'TOF00000007/2022', 1.20, 3, '0005/022021ТЛТ', '1000.00', 'CUB0000302197/2022', '1000.00', '2022-03-29'),
(102, '2022-03-21', 'TOF00000113', '2580.00', 'TOF00000008/2022', 1.20, 3, '0005/022021ТЛТ', '2580.00', 'CUB0000302197/2022', '2580.00', '2022-03-28'),
(103, '2022-03-21', 'TOF00000114', '3180.00', 'TOF00000009/2022', 1.20, 3, '0005/022021ТЛТ', '3180.00', 'CUB0000302197/2022', '3180.00', '2022-03-28'),
(104, '2022-03-15', 'CNT00009987', '37044.00;20752.88;3998.74', 'TOF00000278/2022;TOF00000279/2022;TOF00000280/2022', 1.20, 17, '0010/042021ТЛТ', '61795.62', 'CUB0000001964/2022', '61795.62', '2022-03-23'),
(105, '2021-12-17', 'CNT00007640', '42890.00;170265.83', 'CNT00000335/2021;CNT00000336/2021', 1.00, 55, '0001/122021ТЛТ', '213155.83', 'CUB0000284623/2021', '213155.83', '2021-12-24'),
(106, '2021-12-20', 'CNT00007712', '92839.65', 'CNT00000337/2021', 1.00, 55, '0001/122021ТЛТ', '92839.65', 'CUB0000282632/2021;CUB0000282756/2021;CUB0000282768/2021;CUB0000284623/2021', '25000.00;41666.67;18333.33;7839.65', '2021-12-27'),
(107, '2021-05-02', 'CNT00001525', '5228.00;13412.00', 'TOF00000606/2021;TOF00000607/2021', 1.20, 7, '0010/032021ТЛТ', '18640.00', 'CUB0000029481/2021;CUB0000029483/2021', '5228.00;13412.00', '2021-05-12'),
(108, '2021-05-07', 'CNT00001679', '27906.00;9951.00;11382.00', 'TOF00000641/2021;TOF00000658/2021;TOF00000659/2021', 1.20, 7, '0010/032021ТЛТ', '49239.00', 'CUB0000033186/2021', '49239.00', '2021-05-25'),
(109, '2021-09-01', 'CNT00003934', '16512.00', 'TOF00001190/2021', 1.20, 7, '0010/032021ТЛТ', '16512.00', 'CUB0000019231/2021', '16512.00', '2021-09-07'),
(110, '2021-09-21', 'CNT00004816', '18060.00;39697.00;48638.00', 'CNT00000021/2021;CNT00000022/2021;CNT00000042/2021', 1.20, 7, '0010/032021ТЛТ', '106395.00', 'CUB0000019233/2021', '106395.00', '2021-09-30'),
(111, '2021-10-04', 'CNT00005274', '19646.00', 'CNT00000038/2021', 1.20, 7, '0010/032021ТЛТ', '19646.00', 'CUB0000062428/2021;CUB0000063833/2021', '14964.00;4682.00 ', '2021-10-11'),
(112, '2021-10-12', 'CNT00005390', '61124.00;31380.00;22092.00', 'TOF00001290/2021;TOF00001291/2021;TOF00001292/2021', 1.20, 7, '0010/032021ТЛТ', '114596.00', 'CUB0000063833/2021', '114596.00', '2021-10-25'),
(113, '2021-10-23', 'CNT00004884', '35572.00;46384.00', 'CNT00000121/2021;CNT00000150/2021', 1.20, 7, '0010/032021ТЛТ', '81956.00', 'CUB0000063833/2021', '81956.00', '2021-11-08'),
(114, '2021-11-02', 'CNT00005986', '42913.78;19584.00;25606.00', 'CNT00000173/2021;CNT00000174/2021;CNT00000176/2021', 1.20, 7, '0010/032021ТЛТ', '88103.78', 'CUB0000261596/2021', '88103.78', '2021-11-19'),
(115, '2021-11-15', 'CNT00006472', '70339.10', 'TOF00001327/2021', 1.20, 7, '0010/032021ТЛТ', '70339.10', 'CUB0000261621/2021;CUB0000261596/2021', '46893.00;23446.10', '2021-12-03'),
(116, '2021-11-30', 'CNT00006640', '56112.00', 'CNT00000223/2021', 1.20, 7, '0010/032021ТЛТ', '56112.00', 'CUB0000282723/2021', '56112.00', '2021-12-06'),
(117, '2021-12-06', 'CNT00007234', '28320.00', 'CNT00000280/2021', 1.20, 1, '0014/112021ТЛТ', '28320.00', 'CUB0000282760/2021;CUB0000284701/2021', '26825.00;1495.00', '2021-12-09'),
(118, '2021-12-28', 'TOF00000923', '85080.00', 'TOF00001365/2021', 1.20, 1, '0014/112021ТЛТ', '85080.00', 'CUB0000284604/2021', '85080.00', '2022-01-11'),
(119, '2021-08-17', 'TOF00000811', '17000.00', 'TOF00000030/2021', 1.20, 65, '0001/082021ТЛТ', '17000.00', 'CUB0000059807/2021', '17000.00', '2021-08-18'),
(120, '2022-01-09', 'TTF00000065', '79900.00', 'TOF00001353/2021', 1.20, 97, '0019/112021ТЛТ', '79900.00', 'CUB0000062346/2021', '79900.00', '2022-01-18'),
(121, '2022-01-12', 'TTF00043181', '58700.00', 'TOF00001387/2021', 1.20, 97, '0004/122021ТЛТ', '58700.00', 'CUB0000021354/2021;CUB0000062346/2021', '31200.00;27500.00', '2022-01-18'),
(122, '2021-12-08', 'CNT00007330', '34238.08', 'CNT00000322/2021', 1.20, 17, '0003/112021ТЛТ', '34238.08', 'CUB0000003022/2021;CUB0000281579/2021', '34000.00;238.08', '2021-12-22'),
(123, '2021-06-03', 'CNT00002035', '9770.00;41466.35;46082.00', 'TOF00000723/2021;TOF00000732/2021;TOF00000733/2021', 1.20, 17, '0010/042021ТЛТ', '97318.35', 'CUB0000033190/2021;CUB0000033186/2021;CUB0000029483/2021;CUB0000033189/2021', '17920.00;30761.00;48056.52;580.83', '2021-06-10'),
(124, '2021-07-06', 'CNT00003004', '7300.80', 'TOF00000945/2021', 1.20, 17, '0010/042021ТЛТ', '7300.80', 'CUB0000034950/2021', '7300.80', '2021-07-19'),
(125, '2021-10-01', 'CNT00005239', '41866.90', 'CNT00000044/2021', 1.20, 17, '0010/042021ТЛТ', '41866.90', 'CUB0000063830/2021', '41866.90', '2021-10-11'),
(126, '2021-10-07', 'CNT00005317', '34325.76', 'TOF00001295/2021', 1.20, 17, '0010/042021ТЛТ', '34325.76', 'CUB0000063832/2021', '34325.76', '2021-10-28'),
(127, '2021-11-01', 'CNT00005987', '94756.32', 'CNT00000188/2021', 1.20, 17, '0010/042021ТЛТ', '94756.32', 'CUB0000261596/2021', '94756.32', '2021-11-12'),
(128, '2021-12-02', 'CNT00006911', '67720.00', 'CNT00000259/2021', 1.20, 17, '0010/042021ТЛТ', '67720.00', 'CUB0000282761/2021', '67720.00', '2021-12-06'),
(129, '2021-05-18', 'TOF00000657', '29186.00', 'TOF00000648/2021', 1.20, 18, '0012/042021ТЛТ', '29186.00', 'CUB0000033176/2021', '29186.00', '2021-05-20'),
(130, '2021-10-06', 'CNT00005273', '172800.00;172800.00;128400.00', 'CNT00000102/2021;CNT00000103/2021;CNT00000104/2021', 1.20, 8, '0011/092021ТЛТ', '474000.00', 'CUB0000063871/2021;CUB0000063868/2021;CUB0000063834/2021;CUB0000063824/2021;CUB0000063789/2021;CUB0000063799/2021;CUB0000261552/2021', '442.20;90000.00;70000.00;140000.00;50000.00;73944.86;49612.94', '2021-10-20'),
(131, '2021-11-01', 'CNT00006085', '110400.00', 'CNT00000169/2021', 1.20, 8, '0011/092021ТЛТ', '110400.00', 'CUB0000261552/2021', '110400.00', '2021-11-08'),
(132, '2021-07-07', 'CNT00003040', '240000.00', 'TOF00000969/2021', 1.20, 68, '0001/062021ТЛТ', '240000.00', 'CUB0000034961/2021', '240000.00', '2021-07-20'),
(133, '2021-12-07', 'CNT00006550', '14400.00', 'CNT00000273/2021', 1.20, 68, '0001/062021ТЛТ', '14400.00', 'CUB0000282754/2021', '14400.00', '2021-12-14'),
(134, '2022-01-10', 'CNT00008166', '713000.00', 'TOF00001354/2021', 1.20, 19, '0010/112021ТЛТ', '713000.00', 'CUB0000282871/2021', '713000.00', '2022-01-18'),
(135, '2022-01-11', 'CNT00008219', '125494.00', 'TOF00001375/2021', 1.20, 20, '0002/112021ТЛТ', '125494.00', 'CUB0000019239/2021;CUB0000284612/2021;CUB0000284615/2021', '76823.00;39133.00;9538.00', '2022-01-18'),
(136, '2021-11-29', 'CNT00006988', '25000.00', 'CNT00000271/2021', 1.00, 96, '0013/112021ТЛТ', '25000.00', 'CUB0000261624/2021;CUB0000013034/2021;CUB0000261513/2021;CUB0000012325/2021;CUB0000012333/2021', '11666.67;5000.00;718.33;6666.66;948.34', '2021-12-03'),
(137, '2021-11-18', 'TTF00040971', '162500.00', 'CNT00000230/2021', 1.00, 111, '0006/112021ТЛТ', '162500.00', 'CUB0000256744/2021', '162500.00', '2021-11-29'),
(138, '2021-07-05', 'TOF00000746', '49500.00', 'TOF00000797/2021', 1.20, 13, '0003/052021ТЛТ', '49500.00', 'CUB0000033215/2021', '49500.00', '2021-07-15'),
(139, '2021-07-07', 'TOF00000752', '42765.00', 'TOF00000965/2021', 1.20, 13, '0003/052021ТЛТ', '42765.00', 'CUB0000033215/2021', '42765.00', '2021-07-16'),
(140, '2021-08-02', 'TOF00000779', '27900.00', 'TOF00001070/2021', 1.20, 13, '0003/052021ТЛТ', '27900.00', 'CUB0000059463/2021', '27900.00', '2021-08-06'),
(141, '2021-08-04', 'TOF00000789', '6500.00', 'TOF00001069/2021', 1.20, 13, '0003/052021ТЛТ', '6500.00', 'CUB0000059463/2021', '6500.00', '2021-08-12'),
(142, '2021-08-06', 'TOF00000796', '49500.00', 'TOF00001010/2021', 1.20, 13, '0003/052021ТЛТ', '49500.00', 'CUB0000018828/2021', '49500.00', '2021-08-16'),
(143, '2021-08-20', 'TOF00000819', '8100.00', 'TOF00001145/2021', 1.20, 13, '0003/052021ТЛТ', '8100.00', 'CUB0000018843/2021', '8100.00', '2021-08-24'),
(144, '2021-09-06', 'TOF00000850', '49500.00', 'TOF00001144/2021', 1.20, 13, '0003/052021ТЛТ', '49500.00', 'CUB0000018843/2021;CUB0000062334/2021', '41900.00;7600.00', '2021-09-16'),
(145, '2021-10-01', 'CNT00004882', '9400.00', 'CNT00000024/2021', 1.20, 13, '0006/082021ТЛТ', '9400.00', 'CUB0000062337/2021', '9400.00', '2021-10-01'),
(146, '2021-10-01', 'CNT00004881', '15340.00', 'CNT00000005/2021', 1.20, 13, '0006/082021ТЛТ', '15340.00', 'CUB0000062337/2021', '15340.00', '2021-10-04'),
(147, '2021-10-15', 'TOF00000884', '49500.00', 'CNT00000015/2021', 1.20, 13, '0003/052021ТЛТ', '49500.00', 'CUB0000018847/2021', '49500.00', '2021-10-18'),
(148, '2021-11-10', 'TOF00000902', '49500.00', 'TOF00001287/2021', 1.20, 13, '0003/052021ТЛТ', '49500.00', 'CUB0000018850/2021', '49500.00', '2021-11-16'),
(149, '2021-11-19', 'CNT00006638', '8800.00', 'TOF00001323/2021', 1.20, 13, '0006/082021ТЛТ', '8800.00', 'CUB0000282738/2021', '8800.00', '2021-11-26'),
(150, '2021-12-09', 'CNT00007356', '171303.00;49500.00', 'CNT00000281/2021;TOF00001324/2021', 1.20, 13, '0003/052021ТЛТ;0006/082021ТЛТ', '49500.00;171303.00', 'CUB0000282738/2021;CUB0000018887/2021', '171303.00;49500.00', '2021-12-16'),
(151, '2021-12-02', 'CNT00007119', '57000.00', 'CNT00000292/2021', 1.20, 13, '0007/112021ТЛТ', '57000.00', 'CUB0000063277/2021', '57000.00', '2021-12-20'),
(152, '2022-01-12', 'TOF00000007', '20200.00', 'TOF00001396/2021', 1.20, 13, '0006/082021ТЛТ', '20200.00', 'CUB0000282738/2021', '20200.00', '2022-01-14'),
(153, '2022-01-13', 'TOF00000010', '221072.00', 'TOF00001391/2021', 1.20, 13, '0006/082021ТЛТ', '221072.00', 'CUB0000282726/2021;CUB0000282738/2021;CUB0000284610/2021;CUB0000284592/2021;CUB0000284590/2021', '43230.02;24148.40;90000.00;43200.00;20493.58', '2022-01-17'),
(154, '2022-01-17', 'TOF00000016', '49500.00', 'TOF00001376/2021', 1.20, 13, '0003/052021ТЛТ', '49500.00', 'CUB0000018889/2021;CUB0000284605/2021', '45143.24;4356.76', '2022-01-18'),
(155, '2021-07-02', 'TOF00000745', '32000.00', 'TOF00000740/2021', 1.00, 21, '0002/042021ТЛТ', '32000.00', 'CUB0000010053/2021', '32000.00', '2021-07-16'),
(156, '2021-07-28', 'TOF00000776', '7000.00', 'TOF00000871/2021', 1.00, 21, '0002/042021ТЛТ', '7000.00', 'CUB0000010061/2021', '7000.00', '2021-08-02'),
(157, '2021-08-06', 'TOF00000795', '32000.00', 'TOF00000870/2021', 1.00, 21, '0002/042021ТЛТ', '32000.00', 'CUB0000010061/2021;CUB0000010094/2021', '25000.00;7000.00', '2021-08-18'),
(158, '2021-09-13', 'TOF00000861', '8000.00', 'TOF00001078/2021', 1.00, 21, '0002/042021ТЛТ', '8000.00', 'CUB0000010094/2021', '8000.00', '2021-09-21'),
(159, '2021-10-01', 'CNT00004841', '36000.00', 'TOF00001138/2021', 1.00, 21, '0002/042021ТЛТ', '36000.00', 'CUB0000010094/2021;CUB0000010100/2021', '17000.00;19000.00', '2021-10-01'),
(160, '2021-10-01', 'CNT00004941', '36000.00', 'TOF00001225/2021', 1.00, 21, '0002/042021ТЛТ', '36000.00', 'CUB0000010100/2021;CUB0000062549/2021;CUB0000010112/2021', '13000.00;4000.00;19000.00', '2021-10-13'),
(161, '2021-10-25', 'CNT00005644', '28000.00', 'TOF00001226/2021', 1.00, 21, '0002/042021ТЛТ', '28000.00', 'CUB0000062439/2021;CUB0000010112/2021;CUB0000062436/2021', '10000.00;17000.00;1000.00', '2021-10-25'),
(162, '2021-11-24', 'CNT00006789', '36000.00', 'CNT00000073/2021', 1.00, 21, '0002/042021ТЛТ', '36000.00', 'CUB0000010120/2021;CUB0000017623/2021', '32000.00;4000.00', '2021-12-01'),
(163, '2021-12-10', 'CNT00007414', '36000.00', 'CNT00000182/2021', 1.00, 21, '0002/042021ТЛТ', '36000.00', 'CUB0000261861/2021;CUB0000261870/2021;CUB0000017623/2021;CUB0000279493/2021;CUB0000010137/2021', '773.00;4120.00;1833.33;1833.33;27440.34', '2021-12-20'),
(164, '2022-01-17', 'TOF00000018', '36000.00', 'CNT00000270/2021', 1.00, 21, '0002/042021ТЛТ', '36000.00', 'CUB0000010129/2021;CUB0000010137/2021;CUB0000010144/2021', '4000.00;4559.66;27440.34', '2022-01-19'),
(165, '2021-03-23', 'TOF00000115', '24400.00', 'TOF00000248/2022', 1.00, 29, '0001/102021ТЛТ', '24400.00', 'CUB0000301486/2022', '24400.00', '2022-03-31'),
(166, '2022-03-24', 'TOF00000116', '36000.00;36000.00', 'TOF00000208/2022;TOF00000211/2022', 1.00, 21, '0002/042021ТЛТ', '72000.00', 'CUB0000001924/2022;CUB0000304611/2022', '36000.00;36000.00', '2022-04-04'),
(167, '2022-03-24', 'TOF00000117', '169200.00', 'TOF00000300/2022', 1.20, 8, '0011/092021ТЛТ', '169200.00', 'CUB0000001919/2022;CUB0000001922/2022;CUB0000304625/2022;CUB0000304621/2022', '693.11;6080.00;76597.60;85829.29', '2022-04-04'),
(168, '2021-05-27', 'TOF00000683', '226500.00', 'TOF00000656/2021', 1.20, 24, '0006/042021ТЛТ', '226500.00', 'CUB0000003062/2021', '226500.00', '2021-06-03'),
(169, '2021-08-18', 'TOF00000815', '181796.00', 'TOF00001079/2021', 1.20, 24, '0003/072021ТЛТ', '181796.00', 'CUB0000060036/2021', '181796.00', '2021-08-27'),
(170, '2021-11-18', 'CNT00006636', '53902.00', 'CNT00000181/2021', 1.20, 24, '0009/092021ТЛТ', '53902.00', 'CUB0000282759/2021', '53902.00', '2021-11-29'),
(171, '2021-11-24', 'CNT00006790', '8051.00', 'CNT00000203/2021', 1.20, 24, '0009/092021ТЛТ', '8051.00', 'CUB0000282759/2021', '8051.00', '2021-12-01'),
(172, '2021-12-17', 'CNT00007642', '22542.00', 'CNT00000264/2021', 1.20, 24, '0009/092021ТЛТ', '22542.00', 'CUB0000282767/2021', '22542.00', '2021-12-22'),
(173, '2021-12-29', 'TOF00000924', '11754.00', 'CNT00000334/2021', 1.20, 24, '0009/092021ТЛТ', '11754.00', 'CUB0000284582/2021', '11754.00', '2022-01-10'),
(174, '2021-01-11', 'TOF00000004', '28068.00', 'CNT00000392/2021', 1.20, 24, '0009/092021ТЛТ', '28068.00', 'CUB0000284582/2021', '28068.00', '2022-01-14'),
(175, '2021-08-10', 'TOF00000800', '11625.00', 'TOF00001032/2021', 1.20, 15, '0002/062021ТЛТ', '11625.00', 'CUB0000043224/2021', '11625.00', '2021-08-16'),
(176, '2021-12-23', 'TOF00000914', '81000.00;614000.00', 'CNT00000301/2021;CNT00000345/2021', 1.20, 15, '0008/112021ТЛТ;0012/112021ТЛТ', '81000.00;614000.00', 'CUB0000282868/2021;CUB0000282870/2021', '81000.00;614000.00', '2022-01-10'),
(177, '2021-10-19', 'CNT00005642', '148050.58;5206.74;3805.90', 'CNT00000041/2021;CNT00000039/2021;CNT00000040/2021', 1.20, 15, '0003/022021ТЛТ;0007/122020ТЛТ;0008/092021ТЛТ', '3805.90;148050.58;5206.74', 'CUB0000063352/2021;CUB0000063870/2021;CUB0000063353/2021', '148050.58;5206.74;3805.90', '2021-10-25'),
(178, '2021-11-02', 'CNT00006125', '36300.60;50892.00', 'TOF00001285/2021;TOF00001286/2021', 1.20, 15, '0007/122020ТЛТ;0008/092021ТЛТ', '36300.60;50892.00', 'CUB0000063352/2021;CUB0000278657/2021;CUB0000063870/2021;CUB0000278659/2021', '5048.32;31252.28;21208.88;29683.12', '2021-11-09'),
(179, '2021-11-09', 'TOF00000898', '4196.64;5237.40;51900.00', 'CNT00000122/2021;CNT00000145/2021;CNT00000146/2021', 1.20, 15, '0003/022021ТЛТ;0007/122020ТЛТ;0008/092021ТЛТ', '51900.00;5237.40;4196.64', 'CUB0000278659/2021;CUB0000278657/2021;CUB0000278658/2021', '4196.64;5237.40;51900.00', '2021-11-15'),
(180, '2021-11-19', 'CNT00006639', '54408.00;2603.37;7810.11', 'CNT00000185/2021;CNT00000186/2021;CNT00000199/2021', 1.20, 15, '0007/122020ТЛТ;0008/092021ТЛТ', '54408.00;10413.48', 'CUB0000278657/2021;CUB0000282765/2021;CUB0000278659/2021', '5510.32;48897.68;10413.48', '2021-11-29'),
(181, '2021-12-13', 'CNT00007455', '630.00;13295.80;10069.98;121975.60;153701.90', 'CNT00000245/2021;CNT00000246/2021;CNT00000247/2021;CNT00000248/2021;CNT00000249/2021', 1.20, 15, '0003/022021ТЛТ;0007/122020ТЛТ;0008/092021ТЛТ', '122605.60;153701.90;23365.78', 'CUB0000278659/2021;CUB0000282759/2021;CUB0000282767/2021;CUB0000282765/2021;CUB0000284583/2021', '23365.78;18047.00;104558.60;102664.86;51037.04', '2021-12-20'),
(182, '2021-12-20', 'CNT00007710', '1035.00;66500.00', 'CNT00000267/2021;CNT00000274/2021', 1.20, 15, '0007/122020ТЛТ;0008/092021ТЛТ', '1035.00;66500.00', 'CUB0000278663/2021;CUB0000278659/2021;CUB0000282766/2021', '1035.00;36340.98;30159.02', '2021-12-27'),
(183, '2021-12-23', 'TOF00000916', '6356.00;1225.00;73824.00;3376.17', 'CNT00000300/2021;CNT00000310/2021;CNT00000311/2021;CNT00000346/2021', 1.20, 15, '0011/122020ТЛТ;0007/122020ТЛТ;0008/092021ТЛТ', '6356.00;1912.75;76512.42', 'CUB0000284623/2021;CUB0000282766/2021;CUB0000284597/2021;CUB0000284583/2021', '6356.00;67840.98;8671.44;1912.75', '2022-01-10'),
(184, '2021-12-27', 'TOF00000919', '1056.40;33725.00;2483.00;647.00', 'CNT00000315/2021;CNT00000317/2021;CNT00000318/2021;CNT00000319/2021', 1.20, 15, '0003/022021ТЛТ;0007/122020ТЛТ;0008/092021ТЛТ', '2483.00;1703.40;33725.00', 'CUB0000284583/2021;CUB0000284597/2021;CUB0000284584/2021;CUB0000282767/2021', '1703.40;13328.56;20396.44;2483.00', '2022-01-10'),
(185, '2022-01-14', 'TOF00000015', '11525.00;990.00', 'CNT00000390/2021;CNT00000391/2021', 1.20, 15, '0007/122020ТЛТ;0008/092021ТЛТ', '990.00;11525.00', 'CUB0000284584/2021;CUB0000284583/2021', '11525.00;990.00', '2022-01-17'),
(186, '2021-08-23', 'TOF00000821', '4007.52', 'TOF00001179/2021', 1.20, 4, '0007/072021ТЛТ', '4007.52', 'CUB0000012283/2021;CUB0000012285/2021', '769.92;3237.60', '2021-08-31'),
(187, '2021-08-23', 'TOF00000822', '2629.50', 'TOF00001180/2021', 1.20, 4, '0007/072021ТЛТ', '2629.50', 'CUB0000012194/2021;CUB0000012197/2021', '288.18;2341.32', '2021-08-31'),
(188, '2021-09-16', 'TOF00000871', '4007.52', 'TOF00001268/2021', 1.20, 4, '0007/072021ТЛТ', '4007.52', 'CUB0000012291/2021', '4007.52', '2021-09-30'),
(189, '2021-09-16', 'TOF00000872', '2624.34', 'TOF00001269/2021', 1.20, 4, '0007/072021ТЛТ', '2624.34', 'CUB0000012202/2021', '2624.34', '2021-09-30'),
(190, '2021-10-19', 'CNT00005640', '4007.52', 'CNT00000127/2021', 1.20, 4, '0007/072021ТЛТ', '4007.52', 'CUB0000012294/2021', '4007.52', '2021-11-01'),
(191, '2021-10-19', 'CNT00005641', '2624.34', 'CNT00000126/2021', 1.20, 4, '0007/072021ТЛТ', '2624.34', 'CUB0000012211/2021', '2624.34', '2021-11-01'),
(192, '2021-11-23', 'CNT00006745', '4007.52', 'TOF00001331/2021', 1.20, 4, '0007/072021ТЛТ', '4007.52', 'CUB0000012296/2021', '4007.52', '2021-11-30'),
(193, '2021-11-23', 'CNT00006746', '2624.34', 'TOF00001330/2021', 1.20, 4, '0007/072021ТЛТ', '2624.34', 'CUB0000012218/2021', '2624.34', '2021-11-30'),
(194, '2021-12-20', 'CNT00007715', '4007.52', 'CNT00000352/2021', 1.20, 4, '0007/072021ТЛТ', '4007.52', 'CUB0000012297/2021', '4007.52', '2021-12-29'),
(195, '2021-12-20', 'CNT00007716', '0.90;2624.34', 'TOF00001405/2021;CNT00000351/2021', 1.20, 4, '0007/072021ТЛТ', '2625.24', 'CUB0000012233/2021', '2625.24', '2021-12-29'),
(196, '2021-10-13', 'TOF00000877', '27480.00', 'CNT00000055/2021', 1.00, 83, '0006/072021ТЛТ', '27480.00', 'CUB0000279488/2021', '27480.00', '2021-10-19'),
(197, '2021-10-15', 'TOF00000887', '6480.00', 'CNT00000057/2021', 1.00, 83, '0006/072021ТЛТ', '6480.00', 'CUB0000279488/2021', '6480.00', '2021-10-19'),
(198, '2021-11-03', 'TOF00000895', '6480.00', 'CNT00000171/2021', 1.00, 83, '0006/072021ТЛТ', '6480.00', 'CUB0000019169/2021;CUB0000279488/2021', '6200.00;280.00', '2021-11-11'),
(199, '2021-12-17', 'CNT00007412', '6480.00', 'CNT00000297/2021', 1.00, 83, '0006/072021ТЛТ', '6480.00', 'CUB0000019173/2021', '6480.00', '2021-12-17'),
(200, '2021-12-22', 'TOF00000911', '3600.00', 'CNT00000361/2021', 1.00, 83, '0006/072021ТЛТ', '3600.00', 'CUB0000019173/2021;CUB0000019175/2021', '120.00;3480.00', '2021-12-29'),
(201, '2022-01-10', 'TOF00000001', '900.00;6480.00', 'TOF00001370/2021;TOF00001371/2021', 1.00, 83, '0006/072021ТЛТ', '7380.00', 'CUB0000019175/2021;CUB0000284604/2021;CUB0000018889/2021', '3120.00;1112.70;3147.30', '2022-01-12'),
(202, '2022-01-12', 'TOF00000008', '900.00', 'TOF00001388/2021', 1.00, 83, '0006/072021ТЛТ', '900.00', 'CUB0000018889/2021', '900.00', '2022-01-14'),
(203, '2021-06-24', 'TOF00000721', '3960.00', 'TOF00000020/2021', 1.00, 86, '0008/052021ТЛТ', '3960.00', 'CUB0000033714/2021', '3960.00', '2021-06-28'),
(204, '2021-12-06', 'CNT00007229', '24225.00', 'TOF00001335/2021', 1.00, 29, '0001/102021ТЛТ', '24225.00', 'CUB0000282631/2021', '24225.00', '2021-12-15'),
(205, '2022-01-11', 'TOF00000005', '25200.00', 'CNT00000343/2021', 1.00, 29, '0001/102021ТЛТ', '25200.00', 'CUB0000284677/2021', '25200.00', '2022-01-14'),
(206, '2021-12-13', 'TTF00042050', '178800.00', 'CNT00000338/2021', 1.20, 98, '0018/112021ТЛТ', '178800.00', 'CUB0000021354/2021', '178800.00', '2021-12-20'),
(207, '2021-06-01', 'TOF00000689', '14176.27', 'TOF00000721/2021', 1.20, 30, '0006/032021ТЛТ', '14176.27', 'CUB0000029274/2021;CUB0000029272/2021', '12000.00;2176.27', '2021-06-04'),
(208, '2021-06-22', 'TOF00000718', '27562.30', 'TOF00000844/2021', 1.20, 30, '0006/032021ТЛТ', '27562.30', 'CUB0000033420/2021;CUB0000033418/2021;CUB0000035249/2021', '12000.00;10100.00;5462.30', '2021-06-25'),
(209, '2021-07-02', 'TOF00000738', '17498.84', 'TOF00000912/2021', 1.20, 30, '0006/032021ТЛТ', '17498.84', 'CUB0000035249/2021', '17498.84', '2021-07-14'),
(210, '2021-08-02', 'TOF00000778', '22928.78', 'TOF00001045/2021', 1.20, 30, '0006/032021ТЛТ', '22928.78', 'CUB0000035249/2021;CUB0000059532/2021;CUB0000059533/2021;CUB0000059534/2021;CUB0000062284/2021', '76.86;10000.00;7073.60;4800.00;978.32', '2021-08-05'),
(211, '2021-09-03', 'TOF00000845', '21948.03', 'TOF00001215/2021', 1.20, 30, '0006/032021ТЛТ', '21948.03', 'CUB0000062284/2021;CUB0000062285/2021', '11021.68;10926.35', '2021-09-13'),
(212, '2021-10-13', 'TOF00000878', '21860.20', 'CNT00000071/2021', 1.20, 30, '0006/032021ТЛТ', '21860.20', 'CUB0000062285/2021;CUB0000063866/2021', '21269.65;590.55', '2021-10-15'),
(213, '2021-11-10', 'TOF00000905', '21942.70', 'TOF00001310/2021', 1.20, 30, '0006/032021ТЛТ', '21942.70', 'CUB0000279352/2021;CUB0000279353/2021;CUB0000282895/2021', '10000.00;7073.60;4869.10', '2021-11-18'),
(214, '2021-12-07', 'CNT00007287', '13832.40', 'CNT00000287/2021', 1.20, 30, '0006/032021ТЛТ', '13832.40', 'CUB0000282895/2021;CUB0000282894/2021;CUB0000284577/2021', '2204.50;10000.00;1627.90', '2021-12-15'),
(215, '2021-12-20', 'CNT00007713', '17922.10', 'CNT00000357/2021', 1.20, 30, '0006/032021ТЛТ', '17922.10', 'CUB0000284577/2021;CUB0000284578/2021', '8372.10;9550.00', '2021-12-28'),
(216, '2022-01-10', 'CNT00008079', '308153.81', 'CNT00000360/2021', 1.20, 31, '0020/112021ТЛТ', '308153.81', 'CUB0000284540/2021', '308153.81', '2022-01-11'),
(217, '2021-11-23', 'CNT00006748', '139800.00', 'CNT00000228/2021', 1.00, 113, '0003/092021ТЛТ', '139800.00', 'CUB0000282763/2021', '139800.00', '2021-12-03'),
(218, '2021-12-10', 'CNT00007413', '197800.00', 'CNT00000296/2021', 1.00, 33, '0011/112021ТЛТ', '197800.00', 'CUB0000261471/2021;CUB0000019207/2021', '34546.23;163253.77', '2021-12-17'),
(219, '2022-01-13', 'TOF00000014', '243300.00', 'TOF00001384/2021', 1.00, 33, '0011/112021ТЛТ', '243300.00', 'CUB0000019209/2021', '243300.00', '2022-01-17'),
(220, '2021-09-02', 'TOF00000843', '11000.00', 'TOF00001186/2021', 1.20, 80, '0007/032021ТЛТ', '11000.00', 'CUB0000012320/2021;CUB0000012361/2021', '1400.00;9600.00', '2021-09-08'),
(221, '2021-11-10', 'TOF00000901', '21000.00;37580.00;57300.00', 'CNT00000191/2021;CNT00000192/2021;CNT00000193/2021', 1.20, 80, '0007/032021ТЛТ', '115880.00', 'CUB0000261870/2021', '115880.00', '2021-11-12'),
(222, '2022-03-29', 'TOF00000118', '155360.00', 'TOF00000330/2022', 1.20, 13, '0006/082021ТЛТ', '155360.00', 'CUB0000304632/2022', '155360.00', '2022-03-31'),
(223, '2022-03-29', 'TOF00000121', '22100.00', 'TOF00000097/2022', 1.20, 40, '0005/012021ТЛТ', '22100.00', 'CUB0000001915/2022', '22100.00', '2022-04-04'),
(224, '2022-03-29', 'TOF00000119', '21060.00', 'TOF00000244/2022', 1.20, 108, '0002/082021ТЛТ', '21060.00', 'CUB0000301484/2022', '21060.00', '2022-04-01'),
(225, '2022-03-29', 'TOF00000122', '2998.00;2998.00', 'TOF00000350/2022;TOF00000351/2022', 1.20, 52, 'БАК', '5996.00', 'CUB0000001958/2022', '5996.00', '2022-03-31'),
(226, '2022-03-21', 'CNT00010139', '46600.80;54801.60;105000.00', 'TOF00000292/2022;TOF00000293/2022;TOF00000294/2022', 1.20, 10, '0005/082021ТЛТ', '206402.40', 'CUB0000304625/2022', '206402.40', '2022-04-04'),
(227, '2022-03-30', 'TOF00000123', '1946.70', 'TOF00000007 АО/2022', 1.20, 119, 'БАК', '1946.70', 'CUB0000302196/2022;CUB0000302197/2022;CUB0000306181/2022', '267.63;106.64;1572.43', '2022-03-31'),
(228, '2022-03-30', 'TOF00000124', '2000.00', 'TOF00000356/2022', 1.00, 83, '0006/072021ТЛТ', '2000.00', 'CUB0000001915/2022', '2000.00', '2022-04-01'),
(229, '2022-03-30', 'TOF00000125', '30000.00', 'TOF00000340/2022', 1.00, 43, '0007/082021ТЛТ', '30000.00', 'CUB0000001946/2022;CUB0000304628/2022', '15000.00;15000.00', '2022-04-01'),
(230, '2022-03-22', 'CNT00010194', '56714.00', 'TOF00000316/2022', 1.20, 7, '0010/032021ТЛТ', '56714.00', 'CUB0000001963/2022', '56714.00', '2022-04-08'),
(231, '2022-03-30', 'CNT00010421', '94032.00', 'TOF00000359/2022', 1.20, 100, '0007/122021ТЛТ', '94032.00', 'CUB0000304621/2022', '94032.00', '2022-04-12'),
(232, '2022-03-30', 'CNT00010419', '62951.00', 'TOF00000342/2022', 1.20, 7, '0010/032021ТЛТ', '62951.00', 'CUB0000001963/2022;CUB0000001964/2022;CUB0000304633/2022', '3286.00;13150.00;46515.00', '2022-04-18'),
(233, '2022-01-18', 'CNT00008331', '28828.00', 'TOF00000249/2022', 1.20, 64, '0001/042021ТЛТ', '28828.00', 'CUB0000001961/2022;CUB0000001964/2022', '23774.95;5053.85', '2022-04-29'),
(235, '2022-04-01', 'TOF00000128', '59400.00', 'TOF00000328/2022', 1.20, 8, '0011/092021ТЛТ', '59400.00', 'CUB0000001915/2022;CUB0000304621/2022', '4792.00;54608.00', '2022-04-08'),
(236, '2022-04-01', 'TOF00000129', '109625.00', 'TOF00000314/2022', 1.00, 55, '0001/122021ТЛТ', '109625.00', 'CUB0000001954/2022', '109625.00', '2022-04-06'),
(237, '2022-04-04', 'TOF00000130', '0.33', 'TOF00000001 ЗП/2022', 1.00, 120, 'БАК', '0.33', 'CUB0000307181/2022', '0.33', '2022-04-06'),
(238, '2022-04-04', 'TOF00000131', '233.69', 'TOF00000002 ЗП/2022', 1.00, 120, 'БАК', '233.69', 'CUB0000307181/2022', '233.69', '2022-04-06'),
(239, '2022-04-04', 'TOF00000132', '61.99', 'TOF00000003 ЗП/2022', 1.00, 120, 'БАК', '61.99', 'CUB0000307181/2022', '61.99', '2022-04-06'),
(240, '2022-04-04', 'TOF00000133', '18000.00', 'TOF00000366/2022', 1.00, 49, '0009/112021ТЛТ', '18000.00', 'CUB0000304621/2022', '18000.00', '2022-04-11'),
(241, '2022-04-04', 'TOF00000134', '18720.00', 'TOF00000339/2022', 1.20, 1, '0014/112021ТЛТ', '18720.00', 'CUB0000304621/2022', '18720.00', '2022-04-11'),
(242, '2022-04-05', 'TOF00000136', '21360.00', 'TOF00000349/2022', 1.20, 56, 'БАК', '21360.00', 'CUB0000302193/2022', '21360.00', '2022-04-07'),
(243, '2022-04-05', 'TOF00000137', '6480.00', 'TOF00000344/2022', 1.00, 83, '0006/072021ТЛТ', '6480.00', 'CUB0000304605/2022', '6480.00', '2022-04-11'),
(244, '2022-04-05', 'TOF00000138', '130600.00', 'TOF00000362/2022', 1.00, 33, '0011/112021ТЛТ', '130600.00', 'CUB0000304630/2022', '130600.00', '2022-04-14'),
(245, '2022-04-05', 'TOF00000139', '5000.00', 'TOF00000376/2022', 1.20, 54, '0004/042021ТЛТ', '5000.00', 'CUB0000304612/2022', '5000.00', '2022-04-15'),
(246, '2022-04-05', 'TOF00000140', '7000.00', 'TOF00000310/2022', 1.20, 53, '0008/072021ТЛТ', '7000.00', 'CUB0000304616/2022', '7000.00', '2022-04-15'),
(247, '2022-04-05', 'TOF00000135', '6329.20', 'TOF00000375/2022', 1.20, 79, '0005/052021ТЛТ', '6329.20', 'CUB0000000728/2022', '6329.20', '2022-04-11'),
(248, '2022-04-05', 'TOF00000141', '20790.00', 'TOF00000277/2022', 1.00, 12, '0008/032021ТЛТ;0005/022022ТЛТ', '6699.00;14091.00', 'CUB0000001957/2022', '20790.00', '2022-04-11'),
(249, '2022-04-05', 'TOF00000142', '20600.00', 'TOF00000378/2022', 1.00, 85, '0004/062021ТЛТ', '20600.00', 'CUB0000306049/2022', '20600.00', '2022-04-15'),
(250, '2022-04-04', 'TOF00000120', '159748.20', 'TOF00000269/2022', 1.20, 5, '0008/042021ТЛТ', '159748.20', 'CUB0000301484/2022;CUB0000304355/2022;CUB0000328060/2022', '9340.00;100000.00;50408.20', '2022-04-07'),
(251, '2022-04-05', 'TOF00000143', '1346.74', 'TOF00000008 АО/2022', 1.20, 119, 'БАК', '1346.74', 'CUB0000306181/2022', '1346.74', '2022-04-07'),
(252, '2022-04-01', 'TOF00000126', '65680.00', 'TOF00000333/2022', 1.00, 55, '0001/122021ТЛТ', '65680.00', 'CUB0000001954/2022;CUB0000304642/2022;CUB0000304572/2022', '18073.33;8210.67;39576.00', '2022-04-11'),
(253, '2022-04-01', 'TOF00000127', '46955.10', 'TOF00000332/2022', 1.20, 30, '0006/032021ТЛТ', '46955.10', 'CUB0000302004/2022;CUB0000304623/2022;CUB0000304624/2022;CUB0000328785/2022;CUB0000328786/2022', '4223.26;13000.00;12000.00;10000.00;7731.84', '2022-04-08'),
(254, '2022-04-05', 'CNT00010678', '8320.00;18847.40;14950.00', 'TOF00000343/2022;TOF00000360/2022;TOF00000361/2022', 1.20, 17, '0010/042021ТЛТ', '42117.40', 'CUB0000304610/2022', '42117.40', '2022-04-11'),
(255, '2022-04-04', 'CNT00010582', '12937.50;23385.00', 'TOF00000358/2022;TOF00000380/2022', 1.20, 18, '0012/042021ТЛТ', '36322.50', 'CUB0000304621/2022', '36322.50', '2022-04-14'),
(256, '2022-04-06', 'TOF00000144', '30518.00;17340.00', 'TOF00000391/2022;TOF00000392/2022', 1.20, 58, '0005/032021ТЛТ', '47858.00', 'CUB0000304627/2022', '47858.00', '2022-04-15'),
(257, '2022-04-07', 'TOF00000145', '6252.75;11850.00', 'TOF00000296/2022;TOF00000315/2022', 1.20, 15, '0008/092021ТЛТ;0004/022022ТЛТ', '6252.75;11850.00', 'CUB0000302005/2022;CUB0000001943/2022;CUB0000304572/2022;CUB0000328073/2022', '3284.10;2968.65;2508.80;9341.20', '2022-04-18'),
(258, '2022-04-07', 'TOF00000146', '19141.25', 'TOF00000399/2022', 1.20, 63, 'БАК', '19141.25', 'CUB0000307158/2022', '19141.25', '2022-04-11'),
(259, '2022-04-07', 'TOF00000147', '207165.00', 'TOF00000374/2022', 1.20, 56, 'БАК', '207165.00', 'CUB0000302193/2022;CUB0000302194/2022;CUB0000306168/2022', '140.00;179303.00;27722.00', '2022-04-11'),
(260, '2022-04-05', 'CNT00010679', '25642.51', 'TOF00000373/2022', 1.20, 92, '0005/112021ТЛТ', '25642.51', 'CUB0000304621/2022', '25642.51', '2022-04-21'),
(261, '2022-04-07', 'CNT00010740', '95180.00;116760.00', 'TOF00000404/2022;TOF00000405/2022', 1.00, 99, '0003/102021ТЛТ', '211940.00', 'CUB0000302427/2022', '211940.00', '2022-04-15'),
(262, '2022-04-08', 'TOF00000148', '49500.00', 'TOF00000329/2022', 1.20, 13, '0003/052021ТЛТ', '49500.00', 'CUB0000304605/2022;CUB0000302427/2022', '144.00;49356.00', '2022-04-18'),
(263, '2022-04-08', 'TOF00000149', '35692.00;5219.10;128440.46', 'TOF00000323/2022;TOF00000324/2022;TOF00000325/2022', 1.20, 15, '0008/092021ТЛТ;0004/022022ТЛТ;0001/032022ТЛТ', '5219.10;35692.00;128440.46', 'CUB0000328073/2022;CUB0000001943/2022;CUB0000306076/2022', '35692.00;5219.10;128440.46', '2022-04-22'),
(264, '2022-04-08', 'CNT00010844', '1794.81', 'TOF00000406/2022', 1.20, 92, '0005/112021ТЛТ', '1794.81', 'CUB0000302427/2022', '1794.81', '2022-04-27'),
(265, '2022-04-07', 'CNT00010739', '28462.50', 'TOF00000393/2022', 1.20, 18, '0012/042021ТЛТ', '28462.50', 'CUB0000304621/2022;CUB0000302427/2022', '25245.70;3216.80', '2022-04-20'),
(266, '2022-04-11', 'TOF00000150', '2998.00', 'TOF00000352/2022', 1.20, 52, 'БАК', '2998.00', 'CUB0000329536/2022', '2998.00', '2022-04-29'),
(267, '2022-04-11', 'TOF00000151', '21000.00', 'TOF00000400/2022', 1.00, 2, '0001/012022ТЛТ', '21000.00', 'CUB0000307158/2022', '21000.00', '2022-04-29'),
(268, '2022-04-11', 'TOF00000152', '4007.52', 'TOF00000401/2022', 1.20, 4, '0007/072021ТЛТ', '4007.52', 'CUB0000306172/2022', '4007.52', '2022-04-29'),
(269, '2022-04-11', 'TOF00000153', '2662.54', 'TOF00000402/2022', 1.20, 4, '0007/072021ТЛТ', '2662.54', 'CUB0000306172/2022;CUB0000306177/2022', '192.48;2470.06', '2022-04-29'),
(270, '2022-04-12', 'TOF00000155', '10689.43;42648.55;17226.07;60066.31;43650.11', 'TOF00000421/2022;TOF00000422/2022;TOF00000423/2022;TOF00000424/2022;TOF00000425/2022', 1.20, 22, 'БАК/ТК ГК от 08.12.2021', '174280.47', 'CUB0000329536/2022', '174280.47', '2022-04-15'),
(271, '2022-04-12', 'TOF00000156', '10838.12;10689.43;40780.33;34051.79', 'TOF00000426/2022;TOF00000428/2022;TOF00000429/2022;TOF00000430/2022', 1.20, 22, 'БАК/ТК ГК от 08.12.2021', '96359.67', 'CUB0000329536/2022', '96359.67', '2022-04-18'),
(272, '2022-04-11', 'TTF00047596', '223200.00', 'TTF00004551/2022', 1.20, 115, 'БАК', '223200.00', 'CUB0000304615/2022', '223200.00', '2022-04-14'),
(273, '2022-04-11', 'TOF00000154', '69730.00;80670.00;39660.15;54600.00', 'TOF00000385/2022;TOF00000386/2022;TOF00000387/2022;TOF00000409/2022', 1.20, 15, '0008/092021ТЛТ;0009/122021ТЛТ;0001/032022ТЛТ', '109390.15;80760.00;54600.00', 'CUB0000306069/2022;CUB0000328252/2022;CUB0000304643/2022;CUB0000306062/2022;CUB0000328251/2022;CUB0000306076/2022;CUB0000328253/2022', '46500.00;62890.15;11216.00;36000.00;33454.00;7959.54;46640.46', '2022-05-04'),
(274, '2022-04-13', 'TOF00000158', '103620.00', 'TOF00000435/2022', 1.20, 1, '0014/112021ТЛТ', '103620.00', 'CUB0000328030/2022', '103620.00', '2022-04-22'),
(275, '2022-04-13', 'CNT00010930', '7774.80;7001.57', 'TOF00000438/2022;TOF00000439/2022', 1.20, 92, '0005/112021ТЛТ', '14776.37', 'CUB0000302427/2022', '14776.37', '2022-04-25'),
(276, '2022-04-12', 'TOF00000157', '83550.00', 'TOF00000420/2022', 1.00, 62, '0002/122021ТЛТ', '83550.00', 'CUB0000304354/2022;CUB0000328059/2022', '60950.00;22600.00', '2022-04-14'),
(277, '2022-04-14', 'TOF00000159', '5400.00', 'TOF00000403/2022', 1.20, 13, '0006/082021ТЛТ', '5400.00', 'CUB0000304632/2022;CUB0000304629/2022', '4640.00;760.00', '2022-04-25'),
(278, '2022-04-14', 'TOF00000160', '8250.00', 'TOF00000437/2022', 1.00, 49, '0009/112021ТЛТ', '8250.00', 'CUB0000328030/2022', '8250.00', '2022-04-27'),
(279, '2021-09-08', 'TOF00000853', '174326.00', 'TOF00001240/2021', 1.20, 91, '0001/072021ТЛТ', '174326.00', 'CUB0000062409/2021;CUB0000062334/2021;CUB0000063871/2021', '151961.00;2807.20;19557.80', '2021-10-01'),
(280, '2021-11-29', 'CNT00006987', '37800.00', 'CNT00000275/2021', 1.20, 112, '0008/102021ТЛТ', '37800.00', 'CUB0000019235/2021', '37800.00', '2021-12-02'),
(281, '2021-12-14', 'CNT00007505', '34080.00', 'CNT00000312/2021', 1.20, 112, '0008/102021ТЛТ', '34080.00', 'CUB0000019239/2021', '34080.00', '2021-12-20'),
(282, '2021-08-01', 'TTF00037688', '5070.38', 'TTF00006532/2021', 1.20, 72, '0003/122020ТЛТ', '5070.38', 'CUB0000256114/2021', '5070.38', '2021-08-31'),
(283, '2022-02-03', 'TOF00000047', '25600.00;280000.00', 'CNT00000383/2021;TOF00001346/2021', 1.00, 9, '0004/082021ТЛТ;0015/112021ТЛТ', '280000.00;25600.00', 'CUB0000257957/2021;CUB0000061217/2021', '25600.00;280000.00', '2022-02-22'),
(284, '2021-10-27', 'CNT00005892', '48000.00', 'CNT00000119/2021', 1.00, 43, '0004/022021ТЛТ', '48000.00', 'CUB0000261513/2021', '48000.00', '2021-11-01'),
(285, '2021-12-16', 'CNT00007638', '5800.00', 'CNT00000279/2021', 1.00, 43, '0007/082021ТЛТ', '5800.00', 'CUB0000284614/2021', '5800.00', '2021-12-20'),
(286, '2021-10-12', 'TOF00000876', '353256.00', 'CNT00000056/2021', 1.20, 75, '0006/052021ТЛТ', '353256.00', 'CUB0000062436/2021', '353256.00', '2021-10-14'),
(287, '2021-08-27', 'TOF00000832', '6840.00', 'TOF00000033 ЗП/2021', 1.20, 90, '0002/072021ТЛТ', '6840.00', 'CUB0000062409/2021', '6840.00', '2021-09-01'),
(288, '2022-04-15', 'TOF00000161', '9360.00', 'TOF00000448/2022', 1.20, 1, '0014/112021ТЛТ', '9360.00', 'CUB0000328030/2022', '9360.00', '2022-04-29');
INSERT INTO `payment` (`id`, `date`, `number`, `sum`, `receipt`, `vat`, `id_partner`, `num_er`, `sum_er`, `num_bo`, `sum_bo`, `date_pay`) VALUES
(289, '2022-04-15', 'TOF00000162', '34572.00', 'TOF00000447/2022', 1.20, 1, '0014/112021ТЛТ', '34572.00', 'CUB0000328030/2022;CUB0000302427/2022', '17120.00;17452.00', '2022-05-04'),
(290, '2022-04-15', 'TOF00000163', '109680.54', 'TOF00000444/2022', 1.20, 22, 'БАК/ТК ГК от 08.12.2021', '109680.54', 'CUB0000329536/2022', '109680.54', '2022-04-19'),
(291, '2022-04-15', 'TOF00000164', '24200.00', 'TOF00000345/2022', 1.00, 21, '0002/042021ТЛТ', '24200.00', 'CUB0000328073/2022', '24200.00', '2022-05-11'),
(292, '2022-04-15', 'TOF00000165', '5235.00;7617.09', 'TOF00000434/2022;TOF00000465/2022', 1.20, 15, '0009/122021ТЛТ;0001/032022ТЛТ', '5891.09;6961.00', 'CUB0000328253/2022;CUB0000328251/2022', '6961.00;5891.09', '2022-05-13'),
(293, '2021-12-01', 'CNT00007065', '13500.00', 'CNT00000140/2021', 1.00, 49, '0009/112021ТЛТ', '13500.00', 'CUB0000282754/2021;CUB0000282760/2021', '4666.67;8833.33', '2021-12-08'),
(294, '2022-01-17', 'TOF00000017', '2845.00', 'CNT00000238/2021', 1.00, 50, '0011/102021ТЛТ', '2845.00', 'CUB0000284584/2021', '2845.00', '2022-01-18'),
(295, '2021-06-29', 'TOF00000731', '4992.00', 'TOF00000024 ЗП/2021', 1.20, 51, '0003/062021ТЛТ', '4992.00', 'CUB0000033139/2021', '4992.00', '2021-06-30'),
(296, '2022-04-18', 'TOF00000166', '505.80', 'TOF00000010 АО/2022', 1.20, 119, 'БАК', '505.80', 'CUB0000306181/2022', '505.80', '2022-04-20'),
(297, '2022-04-19', 'TOF00000167', '121800.00', 'TOF00000460/2022', 1.00, 33, '0011/112021ТЛТ', '121800.00', 'CUB0000304630/2022;CUB0000328067/2022', '12300.00;109500.00', '2022-05-04'),
(298, '2022-04-19', 'TOF00000168', '1428.64', 'TOF00000010 ЗП/2022', 1.20, 48, 'БАК', '1428.64', 'CUB0000304620/2022', '1428.64', '2022-04-21'),
(299, '2021-06-11', 'TOF00000707', '4983.34', 'TOF00000826/2021', 1.00, 81, '0001/052021ТЛТ', '4983.34', 'CUB0000033221/2021', '4983.34', '2021-06-17'),
(300, '2022-01-20', 'TOF00000034', '1355.00', 'CNT00000290/2021', 1.00, 109, '0002/092021ТЛТ', '1355.00', 'CUB0000010800/2021', '1355.00', '2022-01-31'),
(301, '2021-08-06', 'TOF00000797', '7000.00', 'TOF00001039/2021', 1.20, 53, '0008/072021ТЛТ', '7000.00', 'CUB0000017619/2021', '7000.00', '2021-08-16'),
(302, '2021-09-06', 'TOF00000848', '7000.00', 'TOF00001198/2021', 1.20, 53, '0008/072021ТЛТ', '7000.00', 'CUB0000017621/2021', '7000.00', '2021-09-15'),
(303, '2021-10-13', 'TOF00000881', '7000.00', 'CNT00000004/2021', 1.20, 53, '0008/072021ТЛТ', '7000.00', 'CUB0000017622/2021', '7000.00', '2021-10-15'),
(304, '2021-12-09', 'CNT00007358', '7000.00', 'CNT00000329/2021', 1.20, 53, '0008/072021ТЛТ', '7000.00', 'CUB0000279493/2021', '7000.00', '2021-12-16'),
(305, '2021-12-23', 'TOF00000915', '7000.00', 'TOF00001348/2021', 1.20, 53, '0008/072021ТЛТ', '7000.00', 'CUB0000017624/2021', '7000.00', '2021-12-28'),
(306, '2021-01-13', 'TOF00000012', '7000.00', 'CNT00000371/2021', 1.20, 53, '0008/072021ТЛТ', '7000.00', 'CUB0000017625/2021', '7000.00', '2021-01-17'),
(307, '2021-06-15', 'TOF00000708', '131140.00', 'TOF00000801/2021', 1.00, 55, '0011/042021ТЛТ', '131140.00', 'CUB0000030159/2021', '131140.00', '2021-06-22'),
(308, '2021-06-24', 'TOF00000725', '189770.00', 'TOF00000841/2021', 1.00, 55, '0011/042021ТЛТ', '189770.00', 'CUB0000030159/2021;CUB0000029637/2021', '162860.00;26910.00', '2021-07-01'),
(309, '2021-07-01', 'TOF00000736', '117100.00', 'TOF00000893/2021', 1.00, 55, '0011/042021ТЛТ', '117100.00', 'CUB0000029637/2021', '117100.00', '2021-07-12'),
(310, '2021-07-02', 'TOF00000744', '89340.00', 'TOF00000907/2021', 1.00, 55, '0011/042021ТЛТ', '89340.00', 'CUB0000029637/2021', '89340.00', '2021-07-15'),
(311, '2021-07-09', 'TOF00000754', '17850.00;78675.00', 'TOF00000973/2021;TOF00000975/2021', 1.00, 55, '0011/042021ТЛТ', '96525.00', 'CUB0000029637/2021;CUB0000029638/2021', '60650.00;35875.00', '2021-07-23'),
(312, '2021-07-13', 'TOF00000761', '140400.00;155000.00', 'TOF00000997/2021;TOF00001004/2021', 1.00, 55, '0011/042021ТЛТ', '295400.00', 'CUB0000029638/2021;CUB0000029639/2021', '258125.00;37275.00', '2021-07-30'),
(313, '2021-12-10', 'CNT00007415', '28314.00', 'CNT00000330/2021', 1.20, 58, '0017/112021ТЛТ', '28314.00', 'CUB0000284016/2021', '28314.00', '2021-12-20'),
(314, '2021-12-17', 'CNT00007737', '51770.00', 'CNT00000344/2021', 1.00, 99, '0003/102021ТЛТ', '51770.00', 'CUB0000284701/2021', '51770.00', '2021-12-23'),
(315, '2021-10-11', 'TOF00000874', '77990.40;148767.60;8705.40', 'CNT00000035/2021;CNT00000036/2021;CNT00000037/2021', 1.20, 89, '0007/052021ТЛТ', '235463.40', 'CUB0000063356/2021;CUB0000063870/2021', '229875.00;5588.40', '2021-10-13'),
(316, '2021-08-27', 'TOF00000834', '2621.60', 'TOF00001208/2021', 1.20, 79, '0005/052021ТЛТ', '2621.60', 'CUB0000019161/2021', '2621.60', '2021-08-31'),
(317, '2021-09-10', 'TOF00000859', '15424.80', 'TOF00001262/2021', 1.20, 79, '0005/052021ТЛТ', '15424.80', 'CUB0000019161/2021;CUB0000063790/2021', '4818.40;10606.40', '2021-09-15'),
(318, '2021-10-15', 'TOF00000892', '14318.80', 'CNT00000113/2021', 1.20, 79, '0005/052021ТЛТ', '14318.80', 'CUB0000063790/2021', '14318.80', '2021-10-19'),
(319, '2021-11-12', 'TOF00000909', '8560.40', 'TOF00001336/2021', 1.20, 79, '0005/052021ТЛТ', '8560.40', 'CUB0000063790/2021', '8560.40', '2021-11-16'),
(320, '2021-12-07', 'CNT00007283', '7624.80', 'CNT00000295/2021', 1.20, 79, '0005/052021ТЛТ', '7624.80', 'CUB0000012331/2021', '7624.80', '2021-12-09'),
(321, '2022-01-20', 'TOF00000028', '8956.68', 'TOF00001392/2021', 1.20, 79, '0005/052021ТЛТ', '8956.68', 'CUB0000284594/2021', '8956.68', '2022-01-25'),
(322, '2022-01-10', 'CNT00008081', '161700.00;5750.00', 'TOF00001337/2021;TOF00001343/2021', 1.20, 110, '0004/112021ТЛТ', '167450.00', 'CUB0000284615/2021', '167450.00', '2022-01-18'),
(323, '2021-09-01', 'TOF00000840', '33444.00', 'TOF00001209/2021', 1.20, 70, '0005/072021ТЛТ', '33444.00', 'CUB0000062409/2021', '33444.00', '2021-09-09'),
(324, '2021-05-28', 'TOF00000686', '44880.00', 'TOF00000749/2021', 1.20, 5, '0008/042021ТЛТ', '44880.00', 'CUB0000029235/2021', '44880.00', '2021-06-01'),
(325, '2021-08-01', 'TOF00000762', '17952.00', 'TOF00001008/2021', 1.20, 5, '0008/042021ТЛТ', '17952.00', 'CUB0000034442/2021', '17952.00', '2021-08-05'),
(326, '2021-08-24', 'TOF00000827', '23743.15', 'TOF00001183/2021', 1.20, 5, '0008/042021ТЛТ', '23743.15', 'CUB0000034442/2021', '23743.15', '2021-08-31'),
(327, '2021-10-14', 'TOF00000882', '27400.00', 'CNT00000074/2021', 1.00, 85, '0004/062021ТЛТ', '27400.00', 'CUB0000261850/2021', '27400.00', '2021-10-18'),
(328, '2021-11-09', 'TOF00000900', '36200.00', 'CNT00000201/2021', 1.00, 85, '0004/062021ТЛТ', '36200.00', 'CUB0000261850/2021;CUB0000282772/2021', '22600.00;13600.00', '2021-11-17'),
(329, '2021-12-08', 'CNT00007325', '18400.00', 'CNT00000289/2021', 1.00, 85, '0004/062021ТЛТ', '18400.00', 'CUB0000282772/2021;CUB0000013040/2021', '16400.00;2000.00', '2021-12-15'),
(330, '2022-01-13', 'TOF00000011', '25000.00', 'TOF00001397/2021', 1.00, 85, '0004/062021ТЛТ', '25000.00', 'CUB0000284581/2021', '25000.00', '2022-01-17'),
(331, '2021-10-01', 'CNT00003804', '93162.14', 'TOF00001143/2021', 1.20, 93, '0005/062021ТЛТ', '93162.14', 'CUB0000019233/2021', '93162.14', '2021-10-13'),
(332, '2022-01-17', 'TOF00000019', '14000.00', 'TOF00001374/2021', 1.20, 103, '0004/102021ТЛТ', '14000.00', 'CUB0000281579/2021', '14000.00', '2022-01-26'),
(333, '2021-12-24', 'TOF00000917', '60060.19', 'TOF00001352/2021', 1.20, 82, '0009/072021ТЛТ', '60060.19', 'CUB0000060993/2021', '60060.19', '2021-12-29'),
(334, '2022-01-24', 'CNT00008644', '14824.90', 'TOF00001342/2021', 1.20, 92, '0005/112021ТЛТ', '14824.90', 'CUB0000284605/2021', '14824.90', '2022-01-31'),
(335, '2021-10-01', 'CNT00004814', '48600.00', 'CNT00000013/2021', 1.20, 10, '0005/082021ТЛТ', '48600.00', 'CUB0000063799/2021', '48600.00', '2021-10-06'),
(336, '2021-08-01', 'CNT00003258', '69720.00;42480.41;48364.27', 'TOF00001005/2021;TOF00001006/2021;TOF00001007/2021', 1.20, 76, '0007/062021ТЛТ', '160564.68', 'CUB0000034960/2021', '160564.68', '2021-08-09'),
(337, '2022-04-19', 'TOF00000169', '1300.00', '2022-04-20-1 ПОШЛИНА/2022', 1.20, 122, 'БАК', '1300.00', 'CUB0000328269/2022', '1300.00', '2022-04-21'),
(338, '2022-04-19', 'TOF00000170', '1300.00', '2022-04-20-2 ПОШЛИНА/2022', 1.20, 122, 'БАК', '1300.00', 'CUB0000328269/2022', '1300.00', '2022-04-21'),
(339, '2022-04-20', 'TOF00000171', '204.98', 'TOF00000472/2022', 1.00, 114, 'БАК', '204.98', 'CUB0000304620/2022', '204.98', '2022-04-22'),
(340, '2022-04-20', 'CNT00011114', '40085.50', 'TOF00000467/2022', 1.20, 18, '0012/042021ТЛТ', '40085.50', 'CUB0000302427/2022', '40085.50', '2022-04-27'),
(341, '2022-04-12', 'CNT00010892', '130510.00;15228.00;18360.00;6134.00;41406.50', 'TOF00000407/2022;TOF00000408/2022;TOF00000410/2022;TOF00000411/2022;TOF00000412/2022', 1.20, 20, '0002/112021ТЛТ', '211638.50', 'CUB0000304610/2022;CUB0000304633/2022;CUB0000328070/2022', '137882.00;3486.00;70270.50', '2022-04-25'),
(342, '2022-04-21', 'TOF00000172', '1000.00', 'TOF00000013 ЗП/2022', 1.20, 3, '0002/032022ТЛТ', '1000.00', 'CUB0000306177/2022;CUB0000306181/2022', '229.94;770.06', '2022-04-26'),
(343, '2022-04-21', 'TOF00000173', '2580.00', 'TOF00000014 ЗП/2022', 1.20, 3, '0002/032022ТЛТ', '2580.00', 'CUB0000306181/2022', '2580.00', '2022-04-26'),
(344, '2022-04-21', 'TOF00000174', '3180.00', 'TOF00000015 ЗП/2022', 1.20, 3, '0002/032022ТЛТ', '3180.00', 'CUB0000306181/2022;CUB0000328774/2022', '2824.97;355.03', '2022-04-26'),
(345, '2022-04-21', 'TOF00000175', '4108.87', 'TOF00000427/2022', 1.20, 22, 'БАК/ТК ГК от 08.12.2021', '4108.87', 'CUB0000329536/2022', '4108.87', '2022-04-26'),
(346, '2022-04-22', 'TOF00000176', '252.90', 'TOF00000011 АО/2022', 1.20, 119, 'БАК', '252.90', 'CUB0000328774/2022', '252.90', '2022-04-26'),
(347, '2022-04-21', 'CNT00011157', '8281.15', 'TOF00000431/2022', 1.20, 92, '0005/112021ТЛТ', '8281.15', 'CUB0000302427/2022', '8281.15', '2022-05-04'),
(348, '2022-04-15', 'CNT00011002', '56670.00;14820.00', 'TOF00000011 ЗП/2022;TOF00000012 ЗП/2022', 1.20, 121, '0006/042022ТЛТ', '71490.00', 'CUB0000328050/2022', '71490.00', '2022-04-25'),
(349, '2022-04-25', 'TOF00000178', '28150.00', 'TOF00000341/2022', 1.00, 29, '0001/102021ТЛТ', '28150.00', 'CUB0000304356/2022', '28150.00', '2022-04-29'),
(350, '2022-04-25', 'TOF00000179', '6435.00', 'TOF00000484/2022', 1.20, 108, '0002/082021ТЛТ', '6435.00', 'CUB0000328060/2022', '6435.00', '2022-04-29'),
(351, '2022-05-01', 'TOF00000177', '13210.20;6625.20', 'TOF00000480/2022;TOF00000481/2022', 1.20, 89, '0007/052021ТЛТ', '19835.40', 'CUB0000328252/2022', '19835.40', '2022-05-05'),
(352, '2022-05-04', 'CNT00011465', '362000.00', 'TOF00000511/2022', 1.20, 106, '0016/112021ТЛТ', '362000.00', 'CUB0000328050/2022;CUB0000302427/2022;CUB0000328030/2022', '277160.00;28308.00;56532.00', '2022-05-11'),
(353, '2022-05-04', 'CNT00011535', '48000.00', 'TOF00000506/2022', 1.20, 123, '0002/012022ТЛТ', '48000.00', 'CUB0000328064/2022', '48000.00', '2022-05-11'),
(354, '2022-05-12', 'TOF00000182', '1149.16', 'TOF00000012 АО/2022', 1.20, 119, 'БАК', '1149.16', 'CUB0000328774/2022', '1149.16', '2022-05-13'),
(355, '2022-05-12', 'TOF00000183', '236.86', 'TOF00000535/2022', 1.00, 114, 'БАК', '236.86', 'CUB0000328047/2022', '236.86', '2022-05-13'),
(356, '2022-05-12', 'TOF00000184', '10800.00;49500.00', 'TOF00000499/2022;TOF00000500/2022', 1.20, 13, '0003/052021ТЛТ', '60300.00', 'CUB0000328064/2022;CUB0000302427/2022;CUB0000328030/2022;CUB0000328050/2022;CUB0000328021/2022', '2000.00;1.37;10868.00;1350.00;46080.63', '2022-05-16'),
(357, '2022-05-06', 'TOF00000180', '124248.60', 'TOF00000445/2022', 1.20, 5, '0008/042021ТЛТ', '124248.60', 'CUB0000328060/2022;CUB0000331747/2022', '63156.80;61091.80', '2022-05-12'),
(358, '2022-05-06', 'TOF00000181', '125668.58', 'TOF00000446/2022', 1.20, 5, '0008/042021ТЛТ', '125668.58', 'CUB0000331747/2022', '125668.58', '2022-05-12'),
(359, '2022-05-12', 'TOF00000186', '10160.80', 'TOF00000507/2022', 1.20, 79, '0005/052021ТЛТ', '10160.80', 'CUB0000328250/2022', '10160.80', '2022-05-16'),
(360, '2022-05-12', 'TOF00000185', '252.90', 'TOF00000013 АО/2022', 1.20, 119, 'БАК', '252.90', 'CUB0000328774/2022', '252.90', '2022-05-16'),
(361, '2022-05-12', 'TOF00000187', '21360.00', 'TOF00000501/2022', 1.20, 56, 'БАК', '21360.00', 'CUB0000306165/2022', '21360.00', '2022-05-16'),
(362, '2022-05-12', 'TOF00000188', '52147.50', 'TOF00000522/2022', 1.20, 56, 'БАК', '52147.50', 'CUB0000306165/2022;CUB0000306168/2022', '140.00;52007.50', '2022-05-16'),
(363, '2022-05-06', 'CNT00011694', '53460.00;6906.00', 'TOF00000508/2022;TOF00000509/2022', 1.20, 17, '0010/042021ТЛТ', '60366.00', 'CUB0000328070/2022', '60366.00', '2022-05-16'),
(364, '2022-05-13', 'TOF00000189', '28711.68', 'TOF00000545/2022', 1.20, 63, 'БАК', '28711.68', 'CUB0000307162/2022', '28711.68', '2022-05-17'),
(365, '2022-05-13', 'TOF00000190', '13140.00', 'TOF00000482/2022', 1.20, 15, '0008/092021ТЛТ', '13140.00', 'CUB0000328252/2022', '13140.00', '2022-05-16'),
(366, '2022-05-13', 'TOF00000191', '120000.00', 'TOF00000512/2022', 1.00, 33, '0011/112021ТЛТ', '120000.00', 'CUB0000328067/2022', '120000.00', '2022-05-17'),
(367, '2022-05-13', 'TOF00000192', '1610.40', 'TOF00000016 ЗП/2022', 1.20, 48, 'БАК', '1610.40', 'CUB0000328047/2022', '1610.40', '2022-05-17'),
(368, '2022-05-13', 'TOF00000193', '7000.00', 'TOF00000459/2022', 1.20, 53, '0008/072021ТЛТ', '7000.00', 'CUB0000328040/2022', '7000.00', '2022-05-17'),
(369, '2022-05-13', 'TOF00000194', '5000.00', 'TOF00000531/2022', 1.20, 54, '0002/042022ТЛТ', '5000.00', 'CUB0000328034/2022', '5000.00', '2022-05-17'),
(370, '2022-05-13', 'TOF00000195', '22620.00', 'TOF00000513/2022', 1.00, 85, '0004/062021ТЛТ', '22620.00', 'CUB0000328249/2022', '22620.00', '2022-05-17'),
(371, '2022-05-13', 'TOF00000196', '6480.00;32700.00', 'TOF00000548/2022;TOF00000532/2022', 1.00, 83, '0006/072021ТЛТ', '39180.00', 'CUB0000328021/2022;CUB0000328028/2022;CUB0000331804/2022;CUB0000331808/2022', '3266.14;6600.00;6600.00;22713.86', '2022-05-18'),
(372, '2022-05-13', 'TOF00000197', '65772.36', 'TOF00000552/2022', 1.20, 22, 'БАК/ТК ГК от 08.12.2021', '65772.36', 'CUB0000329536/2022', '65772.36', '2022-05-18'),
(373, '2022-05-13', 'TOF00000198', '52800.00', 'TOF00000563/2022', 1.00, 62, '0002/122021ТЛТ', '52800.00', 'CUB0000328059/2022;CUB0000331746/2022', '43400.00;9400.00', '2022-05-17'),
(374, '2022-05-05', 'CNT00011536', '57188.52', 'TOF00000017 ЗП/2022', 1.20, 26, 'БАК', '57188.52', 'CUB0000331841/2022', '57188.52', '2022-05-18'),
(375, '2022-05-16', 'TOF00000199', '5100.00', 'TOF00000570/2022', 1.00, 83, '0006/072021ТЛТ', '5100.00', 'CUB0000331808/2022', '5100.00', '2022-05-27'),
(376, '2022-05-17', 'TOF00000200', '5000.00', 'TOF00000554/2022', 1.00, 16, '0010/102021ТЛТ', '5000.00', 'CUB0000331808/2022', '5000.00', '2022-05-25'),
(377, '2022-05-17', 'TOF00000201', '21226.08;5994.00;10114.23', 'TOF00000491/2022;TOF00000494/2022;TOF00000495/2022', 1.20, 15, '0008/092021ТЛТ;0009/122021ТЛТ;0001/032022ТЛТ', '21226.08;10114.23;5994.00', 'CUB0000328252/2022;CUB0000328253/2022;CUB0000328251/2022', '21226.08;5994.00;10114.23', '2022-05-27'),
(378, '2022-05-17', 'TOF00000202', '19168.03;69265.82;34685.73;60277.27;22560.90', 'TOF00000556/2022;TOF00000557/2022;TOF00000595/2022;TOF00000596/2022;TOF00000597/2022', 1.20, 22, 'БАК/ТК ГК от 08.12.2021', '205957.75', 'CUB0000329536/2022;CUB0000331846/2022', '9621.91;196335.84', '2022-05-30'),
(379, '2022-05-18', 'TOF00000203', '36000.00', 'TOF00000575/2022', 1.20, 116, '0002/022022ТЛТ', '36000.00', 'CUB0000328251/2022', '36000.00', '2022-05-23'),
(380, '2022-05-17', 'TTF00048990', '233280.00', 'TTF00006057/2022', 1.20, 115, 'БАК', '233280.00', 'CUB0000328039/2022', '233280.00', '2022-05-19'),
(381, '2022-05-20', 'TOF00000204', '85680.00', 'TOF00000576/2022', 1.20, 1, '0014/112021ТЛТ', '85680.00', 'CUB0000331808/2022', '85680.00', '2022-05-30'),
(382, '2022-05-20', 'TOF00000205', '49500.00', 'TOF00000578/2022', 1.20, 13, '0003/052021ТЛТ', '49500.00', 'CUB0000331808/2022', '49500.00', '2022-05-30'),
(383, '2022-05-19', 'CNT00011943', '21000.00', 'TOF00000580/2022', 1.20, 124, '0001/022022ТЛТ', '21000.00', 'CUB0000331802/2022', '21000.00', '2022-06-01'),
(384, '2022-05-20', 'CNT00012013', '6576.50', 'TOF00000018 ЗП/2022', 1.20, 26, 'БАК', '6576.50', 'CUB0000328070/2022', '6576.50', '2022-05-25'),
(385, '2022-05-12', 'CNT00011732', '49920.00', 'TOF00000558/2022', 1.20, 25, '0006/122021ТЛТ', '49920.00', 'CUB0000328070/2022', '49920.00', '2022-05-31'),
(386, '2022-05-23', 'TOF00000207', '2998.00', 'TOF00000503/2022', 1.20, 52, 'БАК', '2998.00', 'CUB0000331846/2022', '2998.00', '2022-05-30'),
(387, '2022-05-24', 'TOF00000208', '36000.00', 'TOF00000433/2022', 1.00, 21, '0002/042021ТЛТ', '36000.00', 'CUB0000328776/2022', '36000.00', '2022-05-31'),
(388, '2022-05-24', 'TOF00000209', '112800.00', 'TOF00000594/2022', 1.00, 33, '0011/112021ТЛТ', '112800.00', 'CUB0000331821/2022', '112800.00', '2022-05-31'),
(389, '2022-05-24', 'TOF00000210', '14000.00;179880.00', 'TOF00000546/2022;TOF00000547/2022', 1.00, 2, '0001/012022ТЛТ', '193880.00', 'CUB0000307162/2022;CUB0000331851/2022', '45373.60;148506.40', '2022-05-31'),
(390, '2022-05-24', 'TOF00000211', '4007.52', 'TOF00000564/2022', 1.20, 4, '0007/072021ТЛТ', '4007.52', 'CUB0000328771/2022', '4007.52', '2022-05-31'),
(391, '2022-05-24', 'TOF00000212', '2686.27;1.20', 'TOF00000565/2022;TOF00000566/2022', 1.20, 4, '0007/072021ТЛТ', '2687.47', 'CUB0000328771/2022;CUB0000328772/2022', '192.48;2494.99', '2022-05-31'),
(392, '2022-05-24', 'TOF00000213', '170580.00;286743.60', 'TOF00000590/2022;TOF00000591/2022', 1.20, 89, '0007/052021ТЛТ', '457323.60', 'CUB0000328252/2022;CUB0000328268/2022;CUB0000328788/2022;CUB0000331761/2022', '43708.37;25000.00;42000.00;346615.23', '2022-06-03'),
(393, '2022-05-23', 'TOF00000206', '6248.00', 'TOF00000019 ЗП/2022', 1.00, 125, '0008/022022ТЛТ', '6248.00', 'CUB0000328057/2022;CUB0000331748/2022', '6000.00;248.00', '2022-05-26'),
(394, '2022-05-25', 'TOF00000216', '2000.00', 'TOF00000020 ЗП/2022', 1.20, 3, '0002/032022ТЛТ', '2000.00', 'CUB0000328772/2022;CUB0000328774/2022', '205.01;1794.99', '2022-05-27'),
(395, '2022-05-25', 'TOF00000217', '5160.00', 'TOF00000021 ЗП/2022', 1.20, 3, '0002/032022ТЛТ', '5160.00', 'CUB0000328774/2022', '5160.00', '2022-05-27'),
(396, '2022-05-25', 'TOF00000218', '6360.00', 'TOF00000022 ЗП/2022', 1.20, 3, '0002/032022ТЛТ', '6360.00', 'CUB0000328774/2022;CUB0000328775/2022', '635.02;5724.98', '2022-05-27'),
(397, '2022-05-25', 'TOF00000214', '23925.00', 'TOF00000502/2022', 1.00, 29, '0001/102021ТЛТ', '23925.00', 'CUB0000328057/2022', '23925.00', '2022-05-31'),
(398, '2022-06-01', 'TOF00000219', '5117.00;67680.00;144514.10', 'TOF00000534/2022;TOF00000540/2022;TOF00000541/2022', 1.20, 15, '0008/092021ТЛТ;0004/022022ТЛТ;0001/032022ТЛТ', '67680.00;5117.00;144514.10', 'CUB0000328073/2022;CUB0000331761/2022;CUB0000331760/2022', '5117.00;67680.00;144514.10', '2022-06-06'),
(399, '2022-05-26', 'TOF00000220', '59350.00', 'TOF00000583/2022', 1.20, 13, '0003/052021ТЛТ', '59350.00', 'CUB0000331808/2022;CUB0000331844/2022', '1143.37;58206.63', '2022-06-02'),
(400, '2022-06-01', 'TOF00000221', '46249.20', 'TOF00000620/2022', 1.20, 70, '0005/072021ТЛТ', '46249.20', 'CUB0000331844/2022', '46249.20', '2022-06-06'),
(401, '2022-05-25', 'CNT00012141', '328345.00', 'CNT00000403 ЗП/2022', 1.20, 126, '0002/052022ТЛТ', '328345.00', 'CUB0000284850/2021', '328345.00', '2022-05-30'),
(402, '2022-05-30', 'TOF00000222', '34560.29', 'TOF00000615/2022', 1.20, 22, 'БАК/ТК ГК от 08.12.2021', '34560.29', 'CUB0000331846/2022', '34560.29', '2022-06-14'),
(403, '2022-06-01', 'TOF00000223', '76320.00', 'TOF00000631/2022', 1.20, 1, '0014/112021ТЛТ', '76320.00', 'CUB0000331844/2022;CUB0000331834/2022', '15544.17;60775.83', '2022-06-10'),
(404, '2022-05-26', 'CNT00012186', '4300.00', 'TOF00000582/2022', 1.20, 18, '0012/042021ТЛТ', '4300.00', 'CUB0000331808/2022', '4300.00', '2022-06-02'),
(405, '2022-06-01', 'TOF00000224', '9280.00', 'TOF00000637/2022', 1.00, 83, '0006/072021ТЛТ', '9280.00', 'CUB0000331834/2022', '9280.00', '2022-06-14'),
(406, '2022-06-01', 'TOF00000226', '7414.80', 'TOF00000584/2022', 1.20, 15, '0001/032022ТЛТ', '7414.80', 'CUB0000331760/2022', '7414.80', '2022-06-20'),
(407, '2022-06-01', 'TOF00000227', '21360.00', 'TOF00000628/2022', 1.20, 56, 'БАК', '21360.00', 'CUB0000328768/2022', '21360.00', '2022-06-10'),
(408, '2022-06-02', 'TOF00000228', '5830.00', 'TOF00000587/2022', 1.00, 12, '0005/022022ТЛТ', '5830.00', 'CUB0000328100/2022', '5830.00', '2022-06-17'),
(409, '2022-06-02', 'CNT00012374', '72480.00', 'TOF00000644/2022', 1.20, 110, '0004/112021ТЛТ', '72480.00', 'CUB0000331837/2022;CUB0000331841/2022', '31000.00;41480.00', '2022-06-20'),
(410, '2022-06-02', 'TOF00000229', '5000.00', 'TOF00000605/2022', 1.20, 54, '0002/042022ТЛТ', '5000.00', 'CUB0000331811/2022', '5000.00', '2022-06-15'),
(411, '2022-05-31', 'CNT00012373', '34580.00;132230.00', 'TOF00000629/2022;TOF00000630/2022', 1.20, 121, '0006/042022ТЛТ', '166810.00', 'CUB0000331834/2022;CUB0000333550/2022;CUB0000333684/2022', '107888.00;33922.00;25000.00', '2022-06-06'),
(412, '2022-06-03', 'TOF00000230', '7000.00', 'TOF00000617/2022', 1.20, 53, '0008/072021ТЛТ', '7000.00', 'CUB0000331815/2022', '7000.00', '2022-06-16'),
(414, '2022-06-01', 'CNT00012110', '128329.74', 'TOF00000598/2022', 1.20, 26, 'БАК', '128329.74', 'CUB0000331841/2022', '128329.74', '2022-06-07'),
(415, '2022-06-02', 'CNT00012375', '41613.62', 'TOF00000616/2022', 1.20, 42, '0005/122021ТЛТ', '41613.62', 'CUB0000328070/2022', '41613.62', '2022-06-27'),
(416, '2022-06-02', 'TOF00000215', '144483.37', 'TOF00000562/2022', 1.20, 5, '0009/042022ТЛТ', '144483.37', 'CUB0000331747/2022;CUB0000333539/2022', '140239.62;4243.75', '2022-06-07'),
(418, '2022-06-07', 'TOF00000231', '172519.70', 'TOF00000643/2022', 1.20, 56, 'БАК', '172519.70', 'CUB0000328768/2022;CUB0000328769/2022;CUB0000331795/2022', '140.00;130000.00;42379.70', '2022-06-10'),
(419, '2022-06-07', 'TOF00000232', '12966.99;83626.00', 'TOF00000560/2022;TOF00000561/2022', 1.20, 15, '0009/122021ТЛТ;0004/022022ТЛТ', '12966.99;83626.00', 'CUB0000333546/2022;CUB0000328073/2022;CUB0000331802/2022;CUB0000333518/2022', '12966.99;33155.33;29000.00;21470.67', '2022-06-14'),
(420, '2022-06-01', 'TOF00000225', '130400.00', 'TOF00000636/2022', 1.00, 33, '0011/112021ТЛТ', '130400.00', 'CUB0000331821/2022;CUB0000333541/2022', '127200.00;3200.00', '2022-06-16'),
(421, '2022-06-08', 'TOF00000234', '12085.12;81915.53;1709.40', 'TOF00000612/2022;TOF00000613/2022;TOF00000614/2022', 1.20, 15, '0008/092021ТЛТ;0009/122021ТЛТ', '83624.93;12085.12', 'CUB0000333546/2022;CUB0000331761/2022', '12085.12;83624.93', '2022-06-27'),
(422, '2022-06-08', 'TOF00000233', '2921.44;2638.70', 'TTF00006242/2022;TTF00006243/2022', 1.20, 127, 'БАК', '5560.14', 'CUB0000304629/2022;CUB0000328065/2022;CUB0000331799/2022', '2240.00;3000.00;320.14', '2022-07-11'),
(423, '2022-06-09', 'TOF00000235', '474.40', 'TOF00000023 ЗП/2022', 1.20, 48, 'БАК', '474.40', 'CUB0000328047/2022;CUB0000331817/2022', '322.08;152.32', '2022-06-14'),
(424, '2022-06-06', 'CNT00012419', '15318.26', 'TOF00000653/2022', 1.20, 26, 'БАК', '15318.26', 'CUB0000333545/2022', '15318.26', '2022-06-17'),
(425, '2022-06-09', 'TOF00000238', '67.28', 'TOF00000687/2022', 1.00, 114, 'БАК', '67.28', 'CUB0000331817/2022', '67.28', '2022-06-14'),
(426, '2022-06-09', 'TOF00000237', '28800.00', 'TOF00000677/2022', 1.00, 62, '0002/122021ТЛТ', '28800.00', 'CUB0000331746/2022', '28800.00', '2022-06-14'),
(427, '2022-06-09', 'TOF00000239', '502.20', 'TOF00000014 АО/2022', 1.20, 119, 'БАК', '502.20', 'CUB0000331798/2022', '502.20', '2022-06-14'),
(428, '2022-07-01', 'TOF00000236', '2301.39;190980.00;3324.72', 'TOF00000654/2022;TOF00000655/2022;TOF00000656/2022', 1.20, 15, '0008/092021ТЛТ;0009/122021ТЛТ;0001/032022ТЛТ', '3324.72;190980.00;2301.39', 'CUB0000331760/2022;CUB0000333547/2022;CUB0000331753/2022;CUB0000333546/2022;CUB0000331761/2022', '471.10;1830.29;48000.00;142980.00;3324.72', '2022-07-04'),
(429, '2022-06-10', 'TOF00000240', '62981.77', 'TOF00000496/2022', 1.00, 50, '0005/042022ТЛТ', '62981.77', 'CUB0000331847/2022', '62981.77', '2022-06-21'),
(430, '2022-06-10', 'TOF00000241', '46500.00', 'TOF00000673/2022', 1.20, 13, '0006/082021ТЛТ', '46500.00', 'CUB0000333552/2022', '46500.00', '2022-06-20'),
(431, '2022-06-10', 'TOF00000242', '8553.74', 'TOF00000689/2022', 1.20, 63, 'БАК', '8553.74', 'CUB0000307165/2022', '8553.74', '2022-06-15'),
(432, '2022-06-10', 'TOF00000243', '35000.00', 'TOF00000688/2022', 1.00, 2, '0001/012022ТЛТ', '35000.00', 'CUB0000307165/2022', '35000.00', '2022-07-01'),
(433, '2022-06-07', 'CNT00012489', '2842.68', 'TOF00000664/2022', 1.20, 92, '0005/112021ТЛТ', '2842.68', 'CUB0000331834/2022', '2842.68', '2022-06-27'),
(435, '2022-06-10', 'TTF00050200', '241056.00', 'TTF00007822/2022', 1.20, 115, 'БАК', '241056.00', 'CUB0000331814/2022;CUB0000333532/2022', '223200.00;17856.00', '2022-06-15'),
(436, '2022-06-10', 'TOF00000244', '33150.00', 'TOF00000641/2022', 1.00, 85, '0004/062021ТЛТ', '33150.00', 'CUB0000331758/2022', '33150.00', '2022-06-16'),
(437, '2022-06-14', 'TOF00000245', '2390.46', 'TOF00000015 АО/2022', 1.20, 119, 'БАК', '2390.46', 'CUB0000331798/2022', '2390.46', '2022-06-16'),
(438, '2022-06-14', 'TOF00000246', '49163.57', 'TOF00000698/2022', 1.20, 22, 'БАК/ТК ГК от 08.12.2021', '49163.57', 'CUB0000331846/2022', '49163.57', '2022-06-30'),
(439, '2022-06-15', 'TOF00000248', '44040.00', 'TOF00000700/2022', 1.20, 1, '0014/112021ТЛТ', '44040.00', 'CUB0000331834/2022;CUB0000333550/2022;CUB0000333522/2022', '5357.49;16078.00;22604.51', '2022-06-29'),
(440, '2022-06-10', 'CNT00012647', '80500.00;5720.00;62658.00', 'TOF00000665/2022;TOF00000666/2022;TOF00000667/2022', 1.20, 7, '0001/042022ТЛТ', '148878.00', 'CUB0000333522/2022', '148878.00', '2022-06-21'),
(441, '2022-06-16', 'TOF00000249', '108554.50', 'TOF00000710/2022', 1.20, 128, '0003/022022ТЛТ', '108554.50', 'CUB0000333522/2022;CUB0000333557/2022', '8517.49;100037.01', '2022-06-21'),
(442, '2022-06-17', 'TOF00000251', '75925.60', 'TOF00000712/2022', 1.20, 30, '0004/052022ТЛТ', '75925.60', 'CUB0000331751/2022;CUB0000331752/2022;CUB0000333892/2022;CUB0000333893/2022', '12000.00;26000.00;12000.00;25925.60', '2022-07-01'),
(443, '2022-06-17', 'TOF00000252', '15100.00', 'TOF00000713/2022', 1.00, 83, '0006/072021ТЛТ', '15100.00', 'CUB0000333557/2022', '15100.00', '2022-06-21'),
(444, '2022-06-17', 'TOF00000247', '4992.00', 'TOF00000025 ЗП/2022', 1.20, 51, '0005/052022ТЛТ', '4992.00', 'CUB0000331846/2022', '4992.00', '2022-06-21'),
(445, '2022-06-17', 'TOF00000253', '4007.52', 'TOF00000707/2022', 1.20, 4, '0007/072021ТЛТ', '4007.52', 'CUB0000331796/2022', '4007.52', '2022-06-30'),
(446, '2022-06-17', 'TOF00000254', '2636.72', 'TOF00000706/2022', 1.20, 4, '0007/072021ТЛТ', '2636.72', 'CUB0000331796/2022;CUB0000331797/2022', '192.48;2444.24', '2022-06-30'),
(447, '2022-06-20', 'TOF00000255', '0.33', 'TOF00000004 НЛГ/2022', 1.00, 120, 'БАК', '0.33', 'CUB0000327677/2022', '0.33', '2022-07-04'),
(448, '2022-06-20', 'TOF00000256', '233.69', 'TOF00000005 НЛГ/2022', 1.00, 120, 'БАК', '233.69', 'CUB0000327677/2022', '233.69', '2022-07-04'),
(449, '2022-06-20', 'TOF00000257', '61.99', 'TOF00000006 НЛГ/2022', 1.00, 120, 'БАК', '61.99', 'CUB0000327677/2022', '61.99', '2022-07-04'),
(450, '2022-06-20', 'TOF00000258', '14000.00', 'TOF00000704/2022', 1.20, 103, '0004/102021ТЛТ', '14000.00', 'CUB0000332065/2022', '14000.00', '2022-07-07'),
(451, '2022-07-01', 'TOF00000259', '4494.00', 'TOF00000670/2022', 1.20, 15, '0004/022022ТЛТ', '4494.00', 'CUB0000333518/2022', '4494.00', '2022-07-11'),
(452, '2022-07-01', 'TOF00000260', '36000.00;8000.00', 'TOF00000607/2022;TOF00000608/2022', 1.00, 21, '0008/042022ТЛТ', '44000.00', 'CUB0000328032/2022;CUB0000333523/2022', '39600.00;4400.00', '2022-07-15'),
(453, '2022-06-21', 'CNT00012851', '20918.40;31862.53', 'TOF00000699/2022;TOF00000717/2022', 1.20, 92, '0005/112021ТЛТ', '52780.93', 'CUB0000356255/2022', '52780.93', '2022-07-07'),
(454, '2022-06-23', 'TOF00000261', '120000.00', 'TOF00000742/2022', 1.00, 33, '0011/112021ТЛТ', '120000.00', 'CUB0000333541/2022', '120000.00', '2022-07-01'),
(455, '2022-06-16', 'CNT00012707', '170036.78', 'TOF00000709/2022', 1.20, 17, '0007/052022ТЛТ', '170036.78', 'CUB0000331837/2022;CUB0000331841/2022;CUB0000333545/2022', '69000.00;13000.00;88036.78', '2022-06-30'),
(456, '2022-06-27', 'TOF00000262', '24000.00', 'TOF00000553/2022', 1.00, 29, '0001/102021ТЛТ', '24000.00', 'CUB0000331748/2022', '24000.00', '2022-07-01'),
(457, '2022-07-04', 'TOF00000263', '1566.08', 'TOF00000016 АО/2022', 1.20, 119, 'БАК', '1566.08', 'CUB0000333562/2022', '1566.08', '2022-07-06'),
(458, '2022-07-04', 'TOF00000264', '1008.00', 'TOF00000017 АО/2022', 1.20, 131, 'БАК', '1008.00', 'CUB0000333562/2022', '1008.00', '2022-07-06'),
(459, '2022-07-05', 'TOF00000267', '1682.80;3063.20', 'TOF00000767/2022;TOF00000771/2022', 1.20, 79, '0005/052021ТЛТ', '4746.00', 'CUB0000333544/2022', '4746.00', '2022-07-11'),
(460, '2022-07-05', 'TOF00000268', '21360.00', 'TOF00000745/2022', 1.20, 56, 'БАК', '21360.00', 'CUB0000331793/2022', '21360.00', '2022-07-11'),
(461, '2022-07-05', 'TOF00000269', '46789.60', 'TOF00000776/2022', 1.20, 56, 'БАК', '46789.60', 'CUB0000331793/2022;CUB0000331795/2022', '140.00;46649.60', '2022-07-11'),
(462, '2022-07-05', 'TOF00000270', '3379.47', 'TOF00000027 ЗП/2022', 1.20, 48, 'БАК', '3379.47', 'CUB0000333540/2022', '3379.47', '2022-07-07'),
(463, '2022-07-05', 'TOF00000266', '32400.00', 'TOF00000026 ЗП/2022', 1.20, 130, '0009/052022ТЛТ', '32400.00', 'CUB0000333680/2022', '32400.00', '2022-07-07'),
(464, '2022-07-01', 'CNT00013228', '26619.00', 'TOF00000675/2022', 1.20, 24, '0009/092021ТЛТ', '26619.00', 'CUB0000334011/2022', '26619.00', '2022-07-07'),
(465, '2022-06-24', 'CNT00012939', '37000.00;118051.20', 'TOF00000747/2022;TOF00000748/2022', 1.20, 10, '0005/082021ТЛТ', '155051.20', 'CUB0000333542/2022;CUB0000333557/2022', '100000.00;55051.20', '2022-07-15'),
(466, '2022-07-04', 'CNT00013224', '33700.00', 'TOF00000786/2022', 1.20, 40, '0005/062022ТЛТ', '33700.00', 'CUB0000333557/2022;CUB0000356255/2022', '6791.79;26908.21', '2022-07-14'),
(467, '2022-07-05', 'CNT00013257', '25832.00', 'TOF00000768/2022', 1.20, 24, '0009/092021ТЛТ', '25832.00', 'CUB0000334011/2022;CUB0000356268/2022', '23381.00;2451.00', '2022-07-26'),
(468, '2022-07-05', 'TOF00000265', '13090.00', 'TOF00000732/2022', 1.00, 12, '0005/022022ТЛТ', '13090.00', 'CUB0000333679/2022', '13090.00', '2022-07-08'),
(469, '2022-07-06', 'TOF00000271', '30990.95', 'TOF00000760/2022', 1.20, 22, 'БАК/ТК ГК от 08.12.2021', '30990.95', 'CUB0000333680/2022', '30990.95', '2022-07-08'),
(470, '2022-07-06', 'TOF00000272', '8350.00', 'TOF00000763/2022', 1.00, 83, '0006/072021ТЛТ', '8350.00', 'CUB0000333521/2022;CUB0000333519/2022', '6600.00;1750.00', '2022-07-14'),
(471, '2022-07-06', 'TOF00000273', '6480.00', 'TOF00000766/2022', 1.00, 83, '0006/072021ТЛТ;0007/042022ТЛТ', '3338.00;3142.00', 'CUB0000333519/2022', '6480.00', '2022-07-15'),
(472, '2022-07-06', 'TOF00000275', '7000.00', 'TOF00000718/2022', 1.20, 53, '0008/072021ТЛТ', '7000.00', 'CUB0000333535/2022', '7000.00', '2022-07-15'),
(473, '2022-07-06', 'TOF00000276', '5000.00', 'TOF00000708/2022', 1.20, 54, '0002/042022ТЛТ', '5000.00', 'CUB0000333524/2022', '5000.00', '2022-07-15'),
(474, '2022-07-07', 'TOF00000277', '49500.00', 'TOF00000744/2022', 1.20, 13, '0010/052022ТЛТ', '49500.00', 'CUB0000333519/2022;CUB0000356253/2022', '40124.00;9376.00', '2022-07-18'),
(475, '2022-07-07', 'TOF00000278', '5830.00', 'TOF00000719/2022', 1.00, 12, '0005/022022ТЛТ', '5830.00', 'CUB0000333679/2022', '5830.00', '2022-07-18'),
(476, '2022-07-07', 'TOF00000279', '121800.00', 'TOF00000788/2022', 1.00, 33, '0011/112021ТЛТ', '121800.00', 'CUB0000333541/2022;CUB0000356265/2022', '116800.00;5000.00', '2022-07-18'),
(477, '2022-07-07', 'TOF00000280', '11089.98;7468.69;27779.85;228000.00;49072.80', 'TOF00000725/2022;TOF00000726/2022;TOF00000728/2022;TOF00000730/2022;TOF00000731/2022', 1.20, 15, '0008/092021ТЛТ;0004/022022ТЛТ;0001/032022ТЛТ', '288162.78;26400.00;8848.54', 'CUB0000331761/2022;CUB0000333548/2022;CUB0000333547/2022;CUB0000333518/2022', '68755.12;219407.66;8848.54;26400.00', '2022-07-18'),
(478, '2022-07-07', 'TOF00000281', '174227.00', 'TOF00000778/2022', 1.20, 45, '0006/062022ТЛТ', '174227.00', 'CUB0000333518/2022', '174227.00', '2022-07-19'),
(479, '2022-07-08', 'TOF00000282', '2000.00', 'TOF00000795/2022', 1.00, 83, '0007/042022ТЛТ', '2000.00', 'CUB0000356529/2022', '2000.00', '2022-07-20'),
(480, '2022-07-08', 'TOF00000283', '63807.43', 'TOF00000761/2022', 1.20, 22, 'БАК/ТК ГК от 08.12.2021', '63807.43', 'CUB0000333680/2022', '63807.43', '2022-07-21'),
(481, '2022-07-06', 'TOF00000274', '28730.00', 'TOF00000775/2022', 1.00, 85, '0004/062021ТЛТ', '28730.00', 'CUB0000333543/2022', '28730.00', '2022-07-15'),
(482, '2022-07-08', 'CNT00013377', '3005.00', 'TOF00000791/2022', 1.20, 44, '0001/062022ТЛТ', '3005.00', 'CUB0000356274/2022', '3005.00', '2022-07-18'),
(483, '2022-07-08', 'TOF00000284', '37500.00', 'TOF00000811/2022', 1.20, 70, '0005/072021ТЛТ;0008/052022ТЛТ', '18058.80;19441.20', 'CUB0000356255/2022', '37500.00', '2022-07-22'),
(484, '2022-07-08', 'CNT00013374', '26720.00;33202.80;8174.25;19837.50;15540.00', 'TOF00000799/2022;TOF00000800/2022;TOF00000801/2022;TOF00000802/2022;TOF00000804/2022', 1.20, 17, '0007/052022ТЛТ', '103474.55', 'CUB0000333545/2022;CUB0000333551/2022;CUB0000333553/2022', '46644.96;40000.00;16829.59', '2022-07-29'),
(485, '2022-07-12', 'TOF00000285', '14475.56', 'TOF00000816/2022', 1.20, 63, 'БАК', '14475.56', 'CUB0000307166/2022', '14475.56', '2022-07-14'),
(486, '2022-07-12', 'TOF00000286', '283470.00', 'TOF00000749/2022', 1.20, 15, '0004/062022ТЛТ', '283470.00', 'CUB0000333407/2022', '283470.00', '2022-07-25'),
(487, '2022-07-12', 'TOF00000287', '491.80', 'TOF00000826/2022', 1.00, 114, 'БАК', '491.80', 'CUB0000333540/2022', '491.80', '2022-07-14'),
(488, '2022-07-12', 'TOF00000288', '4330.00;22280.00;8740.00', 'TOF00000750/2022;TOF00000751/2022;TOF00000752/2022', 1.20, 15, '0001/032022ТЛТ', '35350.00', 'CUB0000333547/2022;CUB0000333894/2022', '19321.17;16028.83', '2022-07-25'),
(489, '2022-07-12', 'TOF00000289', '36000.00', 'TOF00000827/2022', 1.00, 102, '0006/102021ТЛТ', '36000.00', 'CUB0000333679/2022', '36000.00', '2022-07-22'),
(490, '2022-07-09', 'TTF00051373', '233280.00', 'TTF00009259/2022', 1.20, 115, 'БАК', '233280.00', 'CUB0000333532/2022', '233280.00', '2022-07-14'),
(491, '2022-07-12', 'TOF00000290', '2100.00', 'TOF00000829/2022', 1.00, 83, '0007/042022ТЛТ', '2100.00', 'CUB0000356529/2022', '2100.00', '2022-07-25'),
(492, '2022-07-13', 'TOF00000291', '2921.42', 'TTF00007961/2022', 1.20, 127, 'БАК', '2921.42', 'CUB0000333533/2022', '2921.42', '2022-08-01'),
(493, '2022-07-13', 'TOF00000292', '28000.00', 'TOF00000817/2022', 1.00, 2, '0001/012022ТЛТ', '28000.00', 'CUB0000307166/2022', '28000.00', '2022-08-01'),
(494, '2022-07-13', 'TOF00000293', '6437.00;11342.56', 'TOF00000777/2022;TOF00000783/2022', 1.20, 15, '0004/022022ТЛТ', '17779.56', 'CUB0000333518/2022;CUB0000356250/2022', '3408.33;14371.23', '2022-08-01'),
(495, '2022-08-01', 'TOF00000294', '15229.00', 'TOF00000815/2022', 1.20, 15, '0001/032022ТЛТ', '15229.00', 'CUB0000356272/2022', '15229.00', '2022-08-08'),
(496, '2022-07-13', 'TOF00000295', '2000.00', 'TOF00000028 ЗП/2022', 1.20, 3, '0002/032022ТЛТ', '2000.00', 'CUB0000333562/2022', '2000.00', '2022-07-15'),
(497, '2022-07-13', 'TOF00000296', '2712.00', 'TOF00000029 ЗП/2022', 1.20, 3, '0002/032022ТЛТ', '2712.00', 'CUB0000333562/2022', '2712.00', '2022-07-15'),
(498, '2022-07-13', 'TOF00000297', '6360.00', 'TOF00000030 ЗП/2022', 1.20, 3, '0002/032022ТЛТ', '6360.00', 'CUB0000333562/2022;CUB0000333560/2022', '2313.92;4046.08', '2022-07-15'),
(499, '2022-07-13', 'CNT00013493', '22715.00', 'TOF00000798/2022', 1.20, 24, '0009/092021ТЛТ', '22715.00', 'CUB0000333894/2022;CUB0000356268/2022', '6514.00;16201.00', '2022-08-05'),
(500, '2022-07-13', 'CNT00013494', '11996.00', 'TOF00000831/2022', 1.20, 24, '0009/092021ТЛТ', '11996.00', 'CUB0000356272/2022;CUB0000356268/2022', '648.00;11348.00', '2022-08-11'),
(501, '2022-07-14', 'CNT00013531', '129900.00', 'TOF00000845/2022', 1.00, 99, '0003/102021ТЛТ', '129900.00', 'CUB0000356255/2022;CUB0000356274/2022', '85675.00;44225.00', '2022-07-29'),
(502, '2022-07-14', 'TOF00000298', '1300.00', '2022-07-14-1 ПОШЛИНА/2022', 1.20, 122, 'БАК', '1300.00', 'CUB0000356273/2022', '1300.00', '2022-07-18'),
(503, '2022-07-14', 'TOF00000299', '1300.00', '2022-07-14-2 ПОШЛИНА/2022', 1.20, 122, 'БАК', '1300.00', 'CUB0000356273/2022', '1300.00', '2022-07-18'),
(504, '2022-07-14', 'TTF00051673', '28800.00;69400.00', 'TOF00000833/2022;TOF00000834/2022', 1.20, 97, '0010/062022ТЛТ', '98200.00', 'CUB0000356244/2022', '98200.00', '2022-07-22'),
(505, '2022-07-15', 'TOF00000301', '11910.00;14740.00;10640.00;5294.00;12126.00', 'TOF00000838/2022;TOF00000839/2022;TOF00000840/2022;TOF00000841/2022;TOF00000849/2022', 1.20, 15, '0009/122021ТЛТ;0004/022022ТЛТ;0001/032022ТЛТ', '5294.00;38776.00;10640.00', 'CUB0000356250/2022;CUB0000356272/2022;CUB0000333546/2022', '38776.00;10640.00;5294.00', '2022-08-15'),
(506, '2022-07-15', 'TOF00000300', '18000.00', 'TOF00000846/2022', 1.00, 49, '0009/112021ТЛТ', '18000.00', 'CUB0000356324/2022', '18000.00', '2022-07-25'),
(507, '2022-07-18', 'TOF00000302', '17340.00', 'TOF00000031 ЗП/2022', 1.20, 65, '0009/062022ТЛТ', '17340.00', 'CUB0000333680/2022', '17340.00', '2022-07-20'),
(508, '2022-07-19', 'TOF00000303', '30550.00', 'TOF00000856/2022', 1.00, 62, '0002/122021ТЛТ', '30550.00', 'CUB0000331746/2022;CUB0000333536/2022', '28550.00;2000.00', '2022-07-22'),
(509, '2022-07-19', 'CNT00013642', '130000.00', 'TOF00000852/2022', 1.20, 123, '0002/012022ТЛТ', '130000.00', 'CUB0000333556/2022', '130000.00', '2022-08-01'),
(510, '2022-07-20', 'TOF00000304', '260.40', 'TOF00000018 АО/2022', 1.20, 131, 'БАК', '260.40', 'CUB0000356349/2022', '260.40', '2022-07-22'),
(511, '2022-07-20', 'TOF00000305', '4007.52', 'TOF00000862/2022', 1.20, 4, '0007/072021ТЛТ', '4007.52', 'CUB0000333560/2022;CUB0000333561/2022;CUB0000333563/2022', '153.92;2700.00;1153.60', '2022-07-29'),
(512, '2022-07-20', 'TOF00000306', '2643.96;1.04', 'TOF00000860/2022;TOF00000861/2022', 1.20, 4, '0007/072021ТЛТ', '2645.00', 'CUB0000333563/2022;CUB0000356348/2022', '2526.40;118.60', '2022-07-29'),
(513, '2022-07-20', 'TOF00000307', '3960.00', 'TOF00000032 ЗП/2022', 1.00, 86, 'БАК', '3960.00', 'CUB0000356258/2022', '3960.00', '2022-07-22'),
(514, '2022-08-01', 'TOF00000308', '36965.20', 'TOF00000884/2022', 1.20, 30, '0004/052022ТЛТ', '36965.20', 'CUB0000333893/2022;CUB0000356501/2022;CUB0000356502/2022', '74.40;25000.00;11890.80', '2022-08-05'),
(515, '2022-08-01', 'TOF00000309', '36000.00', 'TOF00000850/2022', 1.20, 116, '0002/022022ТЛТ', '36000.00', 'CUB0000333546/2022;CUB0000356271/2022', '17683.89;18316.11', '2022-08-05'),
(516, '2022-07-25', 'TOF00000310', '275000.00', 'TOF00000851/2022', 1.20, 116, '0007/072022ТЛТ', '275000.00', 'CUB0000333429/2022', '275000.00', '2022-08-05'),
(517, '2022-08-01', 'TOF00000311', '23400.00', 'TOF00000887/2022', 1.00, 85, '0004/062021ТЛТ', '23400.00', 'CUB0000356316/2022', '23400.00', '2022-08-08'),
(518, '2022-07-25', 'TOF00000312', '50179.50;9984.70', 'TOF00000882/2022;TOF00000883/2022', 1.20, 17, '0007/052022ТЛТ', '60164.20', 'CUB0000333553/2022;CUB0000356266/2022', '33170.41;26993.79', '2022-08-08'),
(519, '2022-07-26', 'TOF00000313', '16160.00;15627.20', 'TOF00000905/2022;TOF00000906/2022', 1.00, 132, '0002/062022ТЛТ', '31787.20', 'CUB0000333682/2022', '31787.20', '2022-07-28'),
(520, '2022-07-26', 'TOF00000314', '16720.00;16720.00', 'TOF00000907/2022;TOF00000908/2022', 1.00, 132, '0002/062022ТЛТ', '33440.00', 'CUB0000333682/2022', '33440.00', '2022-08-02'),
(522, '2022-07-28', 'TOF00000317', '800.07', 'TOF00000020 АО/2022', 1.20, 119, 'БАК', '800.07', 'CUB0000356349/2022', '800.07', '2022-08-01'),
(523, '2022-07-28', 'TOF00000315', '3904.96', 'TOF00000916/2022', 1.20, 5, '0009/042022ТЛТ', '3904.96', 'CUB0000333539/2022', '3904.96', '2022-08-01'),
(524, '2022-07-28', 'TOF00000316', '25675.00', 'TOF00000676/2022', 1.00, 29, '0001/102021ТЛТ', '25675.00', 'CUB0000333533/2022', '25675.00', '2022-08-02'),
(526, '2022-07-29', 'TOF00000318', '121800.00', 'TOF00000928/2022', 1.00, 33, '0011/112021ТЛТ', '121800.00', 'CUB0000356265/2022', '121800.00', '2022-08-01'),
(527, '2022-08-01', 'TOF00000319', '21360.00', 'TOF00000909/2022', 1.20, 56, 'БАК', '21360.00', 'CUB0000333558/2022', '21360.00', '2022-08-10'),
(528, '2022-08-01', 'TOF00000321', '10500.00;7500.00;12000.00', 'TOF00000941/2022;TOF00000942/2022;TOF00000943/2022', 1.00, 59, '0002/072022ТЛТ', '30000.00', 'CUB0000356273/2022', '30000.00', '2022-08-17'),
(529, '2022-08-02', 'TOF00000322', '15000.00;6000.00', 'TOF00000944/2022;TOF00000954/2022', 1.00, 59, '0002/072022ТЛТ', '21000.00', 'CUB0000356273/2022', '21000.00', '2022-08-17'),
(530, '2022-08-02', 'TOF00000324', '6480.00', 'TOF00000949/2022', 1.00, 83, '0007/042022ТЛТ', '6480.00', 'CUB0000356529/2022;CUB0000356324/2022;CUB0000356253/2022', '2500.00;2000.00;1980.00', '2022-08-15'),
(531, '2022-08-02', 'TOF00000325', '5000.00', 'TOF00000869/2022', 1.20, 54, '0002/042022ТЛТ', '5000.00', 'CUB0000356250/2022', '5000.00', '2022-08-15'),
(532, '2022-08-02', 'TOF00000326', '36000.00', 'TOF00000898/2022', 1.20, 13, '0010/052022ТЛТ', '36000.00', 'CUB0000356253/2022', '36000.00', '2022-08-16'),
(533, '2022-08-01', 'TOF00000320', '7000.00', 'TOF00000842/2022', 1.20, 53, '0001/082022ТЛТ', '7000.00', 'CUB0000356262/2022', '7000.00', '2022-08-17'),
(534, '2022-08-03', 'TOF00000328', '41595.30', 'TOF00000952/2022', 1.20, 56, 'БАК', '41595.30', 'CUB0000333558/2022;CUB0000356346/2022', '140.00;41455.30', '2022-08-10'),
(535, '2022-08-03', 'TOF00000330', '141400.00', 'TOF00000864/2022', 1.20, 13, '0006/082021ТЛТ', '141400.00', 'CUB0000359103/2022', '141400.00', '2022-08-05'),
(536, '2022-08-02', 'TOF00000323', '126800.00', 'TOF00000948/2022', 1.00, 33, '0011/112021ТЛТ', '126800.00', 'CUB0000356265/2022;CUB0000359094/2022', '113200.00;13600.00', '2022-08-15'),
(537, '2022-08-03', 'TOF00000329', '6248.00', 'TOF00000033 ЗП/2022', 1.00, 125, '0008/022022ТЛТ', '6248.00', 'CUB0000333533/2022', '6248.00', '2022-08-08'),
(538, '2022-08-03', 'TOF00000331', '209650.00', 'TOF00000873/2022', 1.20, 15, '0005/072022ТЛТ', '209650.00', 'CUB0000333412/2022', '209650.00', '2022-08-22'),
(539, '2022-08-04', 'TOF00000332', '5676.43', 'TOF00000019 АО/2022', 1.00, 134, 'БАК', '5676.43', 'CUB0000359894/2022', '5676.43', '2022-08-08'),
(540, '2022-08-04', 'TOF00000333', '5380.00;106362.00;1838.00;3654.00', 'TOF00000863/2022;TOF00000874/2022;TOF00000885/2022;TOF00000886/2022', 1.20, 15, '0009/122021ТЛТ;0004/022022ТЛТ;0001/032022ТЛТ', '5380.00;5492.00;106362.00', 'CUB0000356271/2022;CUB0000356319/2022;CUB0000356250/2022', '5380.00;106362.00;5492.00', '2022-08-22'),
(541, '2022-08-05', 'TOF00000334', '701.60', 'TOF00000034 ЗП/2022', 1.20, 48, 'БАК', '701.60', 'CUB0000356264/2022', '701.60', '2022-08-09'),
(542, '2022-08-02', 'TOF00000327', '13530.00', 'TOF00000897/2022', 1.00, 12, '0005/022022ТЛТ', '13530.00', 'CUB0000333679/2022;CUB0000359136/2022', '3625.00;9905.00', '2022-08-18'),
(543, '2022-08-08', 'TOF00000335', '17107.49', 'TOF00000964/2022', 1.20, 63, 'БАК', '17107.49', 'CUB0000307168/2022', '17107.49', '2022-08-11'),
(544, '2022-08-01', 'CNT00013413', '364500.00', 'TOF00000923/2022', 1.20, 133, '0003/042022ТЛТ', '364500.00', 'CUB0000307167/2022;CUB0000333559/2022;CUB0000356318/2022;CUB0000356270/2022;CUB0000356267/2022;CUB0000359078/2022', '83160.00;130000.00;20000.00;30000.00;80000.00;21340.00', '2022-08-17'),
(545, '2022-08-08', 'CNT00014230', '74552.00;900.00', 'TOF00000945/2022;TOF00000956/2022', 1.20, 7, '0001/042022ТЛТ', '75452.00', 'CUB0000359078/2022', '75452.00', '2022-08-15'),
(546, '2022-08-08', 'CNT00014264', '147726.00;187584.00', 'TOF00000914/2022;TOF00000915/2022', 1.20, 100, '0007/122021ТЛТ', '335310.00', 'CUB0000333554/2022;CUB0000333556/2022;CUB0000356274/2022;CUB0000356269/2022', '80000.00;38000.00;129675.00;87635.00', '2022-08-12'),
(547, '2022-08-10', 'TOF00000337', '16224.00;16752.00;16112.00', 'TOF00000979/2022;TOF00000981/2022;TOF00000980/2022', 1.00, 132, '0002/062022ТЛТ', '49088.00', 'CUB0000356323/2022', '49088.00', '2022-08-12'),
(548, '2022-08-10', 'TTF00052660', '241056.00', 'TTF00010966/2022', 1.20, 115, 'БАК', '241056.00', 'CUB0000356261/2022', '241056.00', '2022-08-12'),
(549, '2022-08-08', 'CNT00014308', '64200.00', 'TOF00000918/2022', 1.20, 25, '0006/122021ТЛТ', '64200.00', 'CUB0000356266/2022', '64200.00', '2022-08-12'),
(550, '2022-08-10', 'CNT00014340', '57775.11', 'TOF00000917/2022', 1.20, 92, '0005/112021ТЛТ', '57775.11', 'CUB0000356269/2022', '57775.11', '2022-08-15'),
(551, '2022-08-10', 'CNT00014341', '164172.50', 'CNT00000403 ЗП2/2022', 1.20, 126, '0002/052022ТЛТ', '164172.50', 'CUB0000284850/2021', '164172.50', NULL),
(552, '2022-08-11', 'TOF00000338', '2400.00', 'TOF00000955/2022', 1.00, 59, '0002/072022ТЛТ', '2400.00', 'CUB0000356273/2022', '2400.00', '2022-08-22'),
(553, '2022-08-11', 'TOF00000339', '53557.52', 'TOF00000924/2022', 1.20, 22, 'БАК/ТК ГК от 08.12.2021', '53557.52', 'CUB0000333680/2022;CUB0000356322/2022', '5461.62;48095.90', '2022-08-25'),
(554, '2022-08-11', 'TOF00000341', '94680.00', 'TOF00000758/2022', 1.00, 9, '0004/042022ТЛТ', '94680.00', 'CUB0000356250/2022', '94680.00', '2022-08-26'),
(555, '2022-08-11', 'TOF00000340', '24150.00', 'TOF00000988/2022', 1.00, 62, '0002/122021ТЛТ', '24150.00', 'CUB0000356277/2022', '24150.00', '2022-08-15'),
(556, '2022-08-10', 'TTF00052607', '50144.00', 'TTF00011504/2022', 1.00, 107, '0004/092021ТЛТ', '50144.00', 'CUB0000256471/2021', '50144.00', '2022-08-16'),
(557, '2022-08-09', 'TOF00000336', '9100.00', 'TOF00000951/2022', 1.00, 85, '0004/062021ТЛТ', '9100.00', 'CUB0000356316/2022', '9100.00', '2022-08-19'),
(558, '2022-08-16', 'CNT00014475', '27600.00', 'TOF00000759/2022', 1.20, 129, '0007/062022ТЛТ', '27600.00', 'CUB0000333559/2022', '27600.00', '2022-08-26'),
(559, '2022-08-18', 'TOF00000343', '10000.00', 'TOF00000035 ЗП/2022', 1.20, 136, 'БАК', '10000.00', 'CUB0000356281/2022', '10000.00', '2022-08-22'),
(560, '2022-08-15', 'CNT00014547', '18450.00;19699.84;562.45;79715.34', 'TOF00000946/2022;TOF00000947/2022;TOF00001023/2022;TOF00001024/2022', 1.20, 17, '0007/052022ТЛТ', '118427.63', 'CUB0000359095/2022;CUB0000359096/2022', '80000.00;38427.63', '2022-08-22'),
(561, '2022-08-15', 'CNT00014548', '6856.97', 'TOF00000036 ЗП/2022', 1.20, 137, 'БАК', '6856.97', 'CUB0000359096/2022', '6856.97', '2022-08-22'),
(562, '2022-08-17', 'CNT00014542', '126400.00', 'TOF00000972/2022', 1.20, 7, '0001/042022ТЛТ', '126400.00', 'CUB0000359100/2022', '126400.00', '2022-08-29'),
(563, '2022-08-19', 'TOF00000344', '227280.00', 'TOF00000999/2022', 1.20, 1, '0014/112021ТЛТ', '227280.00', 'CUB0000356253/2022;CUB0000356269/2022;CUB0000359078/2022;CUB0000359108/2022;CUB0000359100/2022', '2248.00;14589.89;83208.00;120000.00;7234.11', '2022-08-23'),
(564, '2022-08-19', 'TOF00000345', '4007.52', 'TOF00001028/2022', 1.20, 4, '0012/072022ТЛТ', '4007.52', 'CUB0000356347/2022', '4007.52', '2022-08-26'),
(565, '2022-08-19', 'TOF00000346', '2631.56', 'TOF00001027/2022', 1.20, 4, '0012/072022ТЛТ', '2631.56', 'CUB0000356347/2022;CUB0000356348/2022', '192.48;2439.08', '2022-08-26'),
(566, '2022-08-22', 'TOF00000348', '80000.00', 'TOF00000037 ЗП/2022', 1.00, 138, '0011/062022ТЛТ', '80000.00', 'CUB0000359142/2022', '80000.00', '2022-08-24'),
(567, '2022-08-22', 'TOF00000347', '5120.00;4340.00', 'TOF00000931/2022;TOF00000935/2022', 1.20, 15, '0004/022022ТЛТ;0001/032022ТЛТ', '5120.00;4340.00', 'CUB0000356250/2022;CUB0000333894/2022;CUB0000356319/2022', '5120.00;2457.17;1882.83', '2022-08-29'),
(568, '2022-08-19', 'CNT00014606', '157800.00', 'TOF00000987/2022', 1.20, 116, '0003/062022ТЛТ', '157800.00', 'CUB0000356275/2022', '157800.00', '2022-08-26'),
(569, '2022-08-22', 'TOF00000349', '2827.18', 'TTF00009442/2022', 1.20, 127, 'БАК', '2827.18', 'CUB0000333533/2022', '2827.18', '2022-08-29'),
(570, '2022-08-22', 'TOF00000350', '2998.00;2998.00;2998.00', 'TOF00001040/2022;TOF00001041/2022;TOF00001042/2022', 1.20, 52, 'БАК', '8994.00', 'CUB0000356322/2022', '8994.00', '2022-08-31'),
(571, '2022-08-23', 'TOF00000351', '272250.00', 'TOF00000038 ЗП/2022', 1.20, 139, '0009/072022ТЛТ', '272250.00', 'CUB0000333427/2022', '272250.00', '2022-09-02'),
(572, '2022-08-23', 'TOF00000352', '16608.00;16336.00;16656.00;16832.00', 'TOF00001044/2022;TOF00001045/2022;TOF00001046/2022;TOF00001043/2022', 1.00, 132, '0002/062022ТЛТ', '66432.00', 'CUB0000356323/2022', '66432.00', '2022-08-26'),
(573, '2022-08-23', 'CNT00014706', '74304.00', 'TOF00001037/2022', 1.20, 7, '0001/042022ТЛТ', '74304.00', 'CUB0000356267/2022', '74304.00', '2022-09-01'),
(574, '2022-08-23', 'CNT00014737', '46398.00', 'TOF00001047/2022', 1.20, 24, '0009/092021ТЛТ', '46398.00', 'CUB0000356272/2022;CUB0000356319/2022;CUB0000356275/2022', '33483.00;11755.17;1159.83', '2022-09-22'),
(575, '2022-08-17', 'CNT00014509', '9000.00;44100.00', 'TOF00001029/2022;TOF00001039/2022', 1.20, 40, '0005/062022ТЛТ', '53100.00', 'CUB0000356267/2022', '53100.00', '2022-09-01'),
(576, '2022-08-17', 'CNT00014513', '2607.98', 'TOF00001014/2022', 1.20, 31, '0007/102021ТЛТ', '2607.98', 'CUB0000359100/2022', '2607.98', '2022-08-31'),
(577, '2022-08-25', 'TOF00000342', '117148.68', 'TOF00000989/2022', 1.20, 5, '0009/042022ТЛТ', '117148.68', 'CUB0000359054/2022;CUB0000356279/2022', '70000.00;47148.68', '2022-08-31'),
(578, '2022-08-25', 'TOF00000353', '42000.00', 'TOF00000965/2022', 1.00, 2, '0001/012022ТЛТ', '42000.00', 'CUB0000307168/2022', '42000.00', '2022-08-31'),
(579, '2022-08-25', 'TOF00000354', '21000.00', 'TOF00000950/2022', 1.00, 83, '0007/042022ТЛТ', '21000.00', 'CUB0000356267/2022;CUB0000359100/2022', '9283.92;11716.08', '2022-08-31'),
(580, '2022-08-25', 'TOF00000355', '36000.00', 'TOF00000832/2022', 1.00, 21, '0008/042022ТЛТ', '36000.00', 'CUB0000333523/2022;CUB0000356257/2022', '31600.00;4400.00', '2022-09-01');
INSERT INTO `payment` (`id`, `date`, `number`, `sum`, `receipt`, `vat`, `id_partner`, `num_er`, `sum_er`, `num_bo`, `sum_bo`, `date_pay`) VALUES
(581, '2022-08-25', 'TOF00000356', '81840.00;118198.44', 'TOF00000961/2022;TOF00000962/2022', 1.20, 15, '0008/092021ТЛТ;0009/122021ТЛТ', '81840.00;118198.44', 'CUB0000356499/2022;CUB0000359118/2022', '81840.00;118198.44', '2022-09-02'),
(582, '2022-09-01', 'TOF00000358', '20900.00', 'TOF00000922/2022', 1.00, 21, '0008/042022ТЛТ', '20900.00', 'CUB0000356257/2022', '20900.00', '2022-09-05'),
(583, '2022-09-01', 'TOF00000359', '63465.88', 'TOF00000986/2022', 1.20, 22, 'БАК/ТК ГК от 08.12.2021', '63465.88', 'CUB0000356322/2022', '63465.88', '2022-09-07'),
(584, '2022-09-01', 'TOF00000362', '5000.00', 'TOF00001054/2022', 1.20, 54, '0002/042022ТЛТ', '5000.00', 'CUB0000359087/2022', '5000.00', '2022-09-15'),
(585, '2022-08-01', 'TOF00000357', '22800.00;124996.00', 'TOF00000796/2022;TOF00000797/2022', 1.00, 9, '0004/042022ТЛТ', '147796.00', 'CUB0000356250/2022;CUB0000359073/2022', '36692.31;111103.69', '2022-09-05'),
(586, '2022-08-26', 'TOF00000363', '25675.00', 'TOF00000857/2022', 1.00, 29, '0001/102021ТЛТ', '25675.00', 'CUB0000359056/2022', '25675.00', '2022-08-31'),
(587, '2022-08-25', 'TOF00000360', '6248.00', 'TOF00000039 ЗП/2022', 1.00, 125, '0008/022022ТЛТ', '6248.00', 'CUB0000356281/2022', '6248.00', '2022-08-30'),
(588, '2022-08-25', 'TOF00000361', '21242.00', 'TOF00000040 ЗП/2022', 1.00, 125, '0008/022022ТЛТ', '21242.00', 'CUB0000356281/2022', '21242.00', '2022-08-30'),
(589, '2022-08-30', 'TOF00000365', '260.40', 'TOF00000021 АО/2022', 1.20, 131, 'БАК', '260.40', 'CUB0000356348/2022;CUB0000356349/2022', '142.32;118.08', '2022-09-01'),
(590, '2022-08-31', 'TOF00000366', '121800.00', 'TOF00001067/2022', 1.00, 33, '0011/112021ТЛТ', '121800.00', 'CUB0000359094/2022', '121800.00', '2022-09-02'),
(591, '2022-09-01', 'TOF00000367', '21360.00', 'TOF00001062/2022', 1.20, 56, 'БАК', '21360.00', 'CUB0000356345/2022', '21360.00', '2022-09-09'),
(592, '2022-09-01', 'TOF00000364', '3501.22', 'TOF00000870/2022', 1.00, 50, '0005/042022ТЛТ', '3501.22', 'CUB0000356326/2022', '3501.22', '2022-09-12'),
(593, '2022-09-02', 'TOF00000368', '12200.00', 'TOF00001075/2022', 1.20, 58, '0004/082022ТЛТ', '12200.00', 'CUB0000332740/2022', '12200.00', '2022-09-14'),
(594, '2022-09-02', 'TOF00000369', '36000.00', 'TOF00000921/2022', 1.00, 21, '0008/042022ТЛТ', '36000.00', 'CUB0000356257/2022;CUB0000359080/2022', '18700.00;17300.00', '2022-09-12'),
(595, '2022-09-02', 'TOF00000370', '6080.00;73000.00', 'TOF00000991/2022;TOF00001003/2022', 1.20, 15, '0004/022022ТЛТ;0001/032022ТЛТ', '6080.00;73000.00', 'CUB0000359073/2022;CUB0000356275/2022;CUB0000359114/2022', '6080.00;1040.17;71959.83', '2022-09-15'),
(596, '2022-09-05', 'TOF00000371', '116918.20', 'TOF00001078/2022', 1.20, 56, 'БАК', '116918.20', 'CUB0000356345/2022;CUB0000359105/2022', '140.00;116778.20', '2022-09-09'),
(597, '2022-09-02', 'TTF00053609', '241056.00', 'TTF00012553/2022', 1.20, 115, 'БАК', '241056.00', 'CUB0000359090/2022', '241056.00', '2022-09-20'),
(598, '2022-09-05', 'TOF00000372', '26880.00', 'TOF00001079/2022', 1.20, 1, '0014/112021ТЛТ', '26880.00', 'CUB0000359074/2022', '26880.00', '2022-09-14'),
(599, '2022-09-06', 'TOF00000373', '17107.49', 'TOF00001098/2022', 1.20, 63, 'БАК', '17107.49', 'CUB0000307170/2022', '17107.49', '2022-09-12'),
(600, '2022-09-06', 'TOF00000374', '6480.00', 'TOF00001077/2022', 1.00, 83, '0007/042022ТЛТ', '6480.00', 'CUB0000359077/2022', '6480.00', '2022-09-14'),
(601, '2022-09-06', 'TOF00000375', '7000.00', 'TOF00001071/2022', 1.20, 53, '0001/082022ТЛТ', '7000.00', 'CUB0000359091/2022', '7000.00', '2022-09-15'),
(602, '2022-09-06', 'TOF00000376', '18547.40', 'TOF00001073/2022', 1.20, 30, '0004/052022ТЛТ', '18547.40', 'CUB0000356502/2022;CUB0000359129/2022;CUB0000359130/2022', '109.20;8600.00;9838.20', '2022-09-15'),
(603, '2022-09-06', 'TOF00000377', '130400.00', 'TOF00001082/2022', 1.00, 33, '0011/112021ТЛТ', '130400.00', 'CUB0000359094/2022;CUB0000361737/2022', '104600.00;25800.00', '2022-09-16'),
(604, '2022-09-07', 'TOF00000378', '49500.00', 'TOF00001059/2022', 1.20, 13, '0010/052022ТЛТ', '49500.00', 'CUB0000359074/2022;CUB0000359077/2022;CUB0000359100/2022;CUB0000361698/2022', '23120.00;144.00;838.61;25397.39', '2022-09-16'),
(605, '2022-09-05', 'CNT00015092', '20265.25;60868.65;21201.28;9480.00', 'TOF00001070/2022;TOF00001086/2022;TOF00001087/2022;TOF00001088/2022', 1.20, 17, '0007/052022ТЛТ', '111815.18', 'CUB0000359096/2022;CUB0000361760/2022', '16715.40;95099.78', '2022-09-15'),
(606, '2022-09-07', 'TOF00000379', '63581.30', 'TOF00001030/2022', 1.20, 15, '0009/122021ТЛТ', '63581.30', 'CUB0000356271/2022;CUB0000359118/2022;CUB0000359102/2022', '19503.89;251.56;43825.85', '2022-09-19'),
(607, '2022-09-07', 'TOF00000380', '23000.00', 'TOF00000875/2022', 1.00, 9, '0001/072022ТЛТ', '23000.00', 'CUB0000332740/2022', '23000.00', '2022-09-20'),
(608, '2022-09-08', 'TOF00000382', '20280.00', 'TOF00001103/2022', 1.20, 116, '0003/062022ТЛТ', '20280.00', 'CUB0000359114/2022;CUB0000359134/2022;CUB0000360443/2022', '1840.17;6000.00;12439.83', '2022-09-19'),
(609, '2022-09-09', 'TOF00000383', '1117.34', 'TOF00000041 ЗП/2022', 1.20, 48, 'БАК', '1117.34', 'CUB0000359093/2022', '1117.34', '2022-09-12'),
(610, '2022-09-07', 'TOF00000381', '24496.00;30800.00;12650.00;9000.00', 'TOF00000876/2022;TOF00000877/2022;TOF00000878/2022;TOF00000879/2022', 1.00, 9, '0004/042022ТЛТ', '76946.00', 'CUB0000356262/2022', '76946.00', '2022-09-20'),
(611, '2022-09-09', 'TOF00000384', '5830.00', 'TOF00001052/2022', 1.00, 12, '0005/022022ТЛТ', '5830.00', 'CUB0000359136/2022;CUB0000361730/2022', '4095.00;1735.00', '2022-09-21'),
(612, '2022-09-09', 'TOF00000385', '26808.00', 'TOF00001081/2022', 1.20, 89, '0008/072022ТЛТ', '26808.00', 'CUB0000356499/2022;CUB0000359112/2022', '18160.00;8648.00', '2022-09-13'),
(613, '2022-09-09', 'TOF00000386', '39916.71', 'TOF00001053/2022', 1.20, 15, '0008/092021ТЛТ;0004/022022ТЛТ', '6878.76;33037.95', 'CUB0000356262/2022;CUB0000359073/2022;CUB0000359116/2022;CUB0000361741/2022;CUB0000359112/2022', '2664.80;595.57;3100.00;26677.58;6878.76', '2022-09-26'),
(614, '2022-09-14', 'TOF00000387', '630.00', 'TOF00000930/2022', 1.00, 50, '0011/102021ТЛТ', '630.00', 'CUB0000359112/2022', '630.00', '2022-09-26'),
(615, '2022-09-14', 'TOF00000390', '6000.00', 'TOF00001140/2022', 1.00, 83, '0007/042022ТЛТ', '6000.00', 'CUB0000361698/2022', '6000.00', '2022-09-30'),
(616, '2022-09-14', 'TOF00000388', '9000.00', 'TOF00001139/2022', 1.00, 83, '0007/042022ТЛТ', '9000.00', 'CUB0000361698/2022', '9000.00', '2022-09-19'),
(617, '2022-09-14', 'TOF00000389', '45050.00', 'TOF00001138/2022', 1.00, 62, '0002/122021ТЛТ', '45050.00', 'CUB0000359055/2022', '45050.00', '2022-09-16'),
(618, '2022-09-14', 'TOF00000391', '151000.00', 'TOF00000929/2022', 1.00, 9, '0004/042022ТЛТ', '151000.00', 'CUB0000359116/2022', '151000.00', '2022-09-27'),
(619, '2022-09-14', 'TOF00000392', '16480.00;16592.00;16880.00;15392.00', 'TOF00001142/2022;TOF00001143/2022;TOF00001144/2022;TOF00001145/2022', 1.00, 132, '0002/062022ТЛТ', '65344.00', 'CUB0000359133/2022', '65344.00', '2022-09-16'),
(620, '2022-09-01', 'CNT00015043', '28860.00', 'TOF00001055/2022', 1.20, 10, '0005/082021ТЛТ', '28860.00', 'CUB0000359100/2022', '28860.00', '2022-09-15'),
(621, '2022-09-08', 'CNT00015391', '16413.93', 'TOF00000036 ЗП2/2022', 1.20, 137, 'БАК', '16413.93', 'CUB0000361760/2022', '16413.93', '2022-09-15'),
(622, '2022-09-13', 'CNT00015392', '3123.36;3643.20;26740.58', 'TOF00001123/2022;TOF00001124/2022;TOF00001125/2022', 1.20, 92, '0005/112021ТЛТ', '33507.14', 'CUB0000361698/2022', '33507.14', '2022-09-23'),
(623, '2022-09-16', 'TOF00000393', '28990.00', 'TOF00001080/2022', 1.00, 85, '0003/082022ТЛТ', '28990.00', 'CUB0000359109/2022', '28990.00', '2022-09-19'),
(624, '2022-09-16', 'TOF00000394', '3451.29;12007.50', 'TOF00001064/2022;TOF00001065/2022', 1.20, 15, '0009/122021ТЛТ;0004/022022ТЛТ', '291.29;15167.50', 'CUB0000359102/2022;CUB0000361741/2022', '291.29;15167.50', '2022-09-30'),
(625, '2022-09-16', 'TOF00000395', '78000.00', 'TOF00001155/2022', 1.20, 1, '0014/112021ТЛТ', '78000.00', 'CUB0000361698/2022', '78000.00', '2022-09-20'),
(626, '2022-09-16', 'TOF00000396', '97560.00', 'TOF00001154/2022', 1.20, 1, '0014/112021ТЛТ', '97560.00', 'CUB0000361698/2022;CUB0000361690/2022', '38497.98;59062.02', '2022-09-30'),
(627, '2022-09-16', 'TOF00000397', '177110.00', 'TOF00001141/2022', 1.20, 13, '0010/052022ТЛТ', '177110.00', 'CUB0000361690/2022', '177110.00', '2022-09-30'),
(628, '2022-09-07', 'TTF00053762', '116040.00;123860.00', 'TOF00001100/2022;TOF00001101/2022', 1.20, 97, '0013/082022ТЛТ', '239900.00', 'CUB0000354938/2022', '239900.00', '2022-09-19'),
(629, '2022-09-19', 'TOF00000398', '28000.00', 'TOF00001097/2022', 1.00, 2, '0001/012022ТЛТ', '28000.00', 'CUB0000307170/2022', '28000.00', '2022-10-03'),
(630, '2022-10-01', 'TOF00000399', '11721.10;57190.31', 'TOF00001135/2022;TOF00001134/2022', 1.20, 22, 'БАК/ТК ГК от 08.12.2021', '68911.41', 'CUB0000359131/2022', '68911.41', '2022-10-07'),
(631, '2022-09-19', 'TOF00000400', '12892.00;129650.00;101473.00', 'TOF00001102/2022;TOF00001109/2022;TOF00001110/2022', 1.20, 15, '0009/122021ТЛТ;0004/022022ТЛТ;0001/032022ТЛТ', '129650.00;12892.00;101473.00', 'CUB0000361741/2022;CUB0000359102/2022;CUB0000361674/2022;CUB0000361671/2022', '12892.00;3882.86;125767.14;101473.00', '2022-10-10'),
(632, '2022-10-01', 'CNT00014977', '30000.00', 'TOF00001072/2022', 1.20, 129, '0007/062022ТЛТ', '30000.00', 'CUB0000361698/2022', '30000.00', '2022-10-28'),
(633, '2022-09-19', 'CNT00015487', '12400.00', 'TOF00001121/2022', 1.20, 44, '0001/062022ТЛТ', '12400.00', 'CUB0000361690/2022', '12400.00', '2022-09-21');

-- --------------------------------------------------------

--
-- Структура таблицы `receipt`
--

CREATE TABLE `receipt` (
  `id` int(11) NOT NULL COMMENT 'Идентификатор',
  `date` date NOT NULL COMMENT 'Дата поступления',
  `number` varchar(30) COLLATE utf8mb4_unicode_ci NOT NULL COMMENT 'Номер поступления',
  `type` varchar(2) COLLATE utf8mb4_unicode_ci NOT NULL COMMENT 'Вид операции(ПТ - товары услуги; АО авансовый отчет; ЗП - заказ поставщику)',
  `sum` double(10,2) NOT NULL COMMENT 'Сумма поступления',
  `vat` double(4,2) DEFAULT NULL COMMENT 'НДС (Без нДС - 1, 20% - 1,2)',
  `id_partner` int(11) NOT NULL COMMENT 'ID контрагента',
  `num_doc` varchar(20) COLLATE utf8mb4_unicode_ci DEFAULT NULL COMMENT 'Номер входящего документа',
  `date_doc` date DEFAULT NULL COMMENT 'Дата входящего документа',
  `note` varchar(255) COLLATE utf8mb4_unicode_ci DEFAULT NULL COMMENT 'Примечание',
  `num_pay` varchar(100) COLLATE utf8mb4_unicode_ci DEFAULT NULL COMMENT 'Номер ЗО (заполняется когда появляется ЗО)',
  `date_pay` varchar(100) COLLATE utf8mb4_unicode_ci DEFAULT NULL COMMENT 'Дата оплаты (заполняется когда фактически происходит оплата)'
) ENGINE=InnoDB DEFAULT CHARSET=utf8mb4 COLLATE=utf8mb4_unicode_ci COMMENT='Поступления товаров и услуг';

--
-- Дамп данных таблицы `receipt`
--

INSERT INTO `receipt` (`id`, `date`, `number`, `type`, `sum`, `vat`, `id_partner`, `num_doc`, `date_doc`, `note`, `num_pay`, `date_pay`) VALUES
(34, '2022-01-02', 'TOF00000038', 'ПТ', 1232.03, 1.20, 48, '12-89925/507', '2021-12-31', 'ISS144703   ГСМ за декабрь', 'TOF00000021/2022', '2022-01-19'),
(35, '2022-01-02', 'TOF00000020', 'ПТ', 6000.00, 1.00, 16, '137', '2021-12-02', '', 'TOF00000025/2022', '2022-01-21'),
(36, '2022-01-02', 'TOF00000029', 'ПТ', 15600.00, 1.00, 2, '11053', '2021-12-31', 'без НДС', 'TOF00000030/2022', '2022-01-26'),
(37, '2022-01-02', 'TOF00000030', 'ПТ', 17944.92, 1.20, 63, 'КУ12-018160', '2021-12-31', '', 'TOF00000009/2022', '2022-01-17'),
(38, '2022-02-08', 'TOF00000002', 'ЗП', 1000.00, 1.20, 3, '054023у00001832', '2022-02-07', '', 'TOF00000050/2022', '2022-02-10'),
(39, '2022-01-02', 'TOF00000036', 'ПТ', 4007.52, 1.20, 4, 'Б/н', '2021-12-31', 'счет 012-RP310', 'TOF00000032/2022', '2022-01-31'),
(40, '2022-01-02', 'TOF00000037', 'ПТ', 2624.34, 1.20, 4, '100848203356', '2021-12-31', 'мобил. связь', 'TOF00000033/2022', '2022-01-31'),
(41, '2022-01-02', 'TOF00000039', 'ПТ', 190.04, 1.00, 114, '2', '2021-12-31', 'декабрь 2021', 'TOF00000022/2022', '2022-01-20'),
(42, '2022-01-02', 'TOF00000051', 'ПТ', 39780.00, 1.20, 108, '249', '2021-12-31', 'Услуги по аустафингу', 'TOF00000071/2022', '2022-03-01'),
(43, '2022-01-02', 'TOF00000058', 'ПТ', 79980.00, 1.00, 2, '11320', '2021-12-31', 'биоотходы  без НДС', 'TOF00000030/2022', '2022-01-26'),
(44, '2022-01-02', 'TOF00000075', 'ПТ', 2998.00, 1.20, 52, '00ГУ-014204', '2021-12-01', '', 'TOF00000036/2022', '2022-02-01'),
(46, '2022-01-10', 'TOF00000009', 'ПТ', 32247.60, 1.20, 88, '27165', '2021-12-24', '', 'CNT00000155/2022', '2022-01-31'),
(47, '2022-01-10', 'TOF00000013', 'ПТ', 6500.00, 1.00, 83, '3', '2022-01-10', 'без НДС', 'TOF00000029/2022', '2022-01-26'),
(48, '2022-01-11', 'TOF00000021', 'ПТ', 25480.58, 1.20, 17, '778', '2021-12-24', '', 'CNT00008165/2022', '2022-01-26'),
(49, '2022-01-11', 'TOF00000022', 'ПТ', 2640.00, 1.20, 17, '781', '2021-12-24', '', 'CNT00008164/2022', '2022-01-27'),
(50, '2022-01-11', 'TOF00000023', 'ПТ', 95527.65, 1.00, 55, '1', '2022-01-11', 'Без НДС, замена напольного покрытия', 'TOF00000035/2022', '2022-01-28'),
(51, '2022-01-12', 'TOF00000024', 'ПТ', 182645.00, 1.00, 55, '2', '2022-01-12', 'Без НДС, замена напольного покрытия', 'TOF00000035/2022', '2022-01-28'),
(52, '2022-01-12', 'TOF00000043', 'ПТ', 41850.00, 1.00, 62, '28', '2022-01-12', 'без НДС', 'TOF00000026/2022', '2022-01-25'),
(53, '2022-01-18', 'TOF00000047', 'ПТ', 28893.40, 1.20, 42, '10', '2022-01-10', '', 'CNT00009056/2022', '2022-02-17'),
(54, '2022-01-21', 'TOF00000077', 'ПТ', 13500.00, 1.00, 49, '21', '2022-01-21', 'без НДС', 'TOF00000040/2022', '2022-02-07'),
(55, '2022-01-21', 'TOF00000078', 'ПТ', 100800.00, 1.20, 8, '1', '2022-01-21', '', 'TOF00000039/2022', '2022-02-07'),
(56, '2022-01-24', 'TOF00000076', 'ПТ', 6480.00, 1.00, 83, '18', '2022-01-24', 'без НДС', 'TOF00000042/2022', '2022-02-09'),
(57, '2022-01-24', 'TOF00000086', 'ПТ', 12600.00, 1.00, 83, '19', '2022-01-24', 'без НДС', 'TOF00000042/2022', '2022-02-09'),
(58, '2022-01-25', 'TOF00000068', 'ПТ', 14299.49, 1.20, 92, '430/5022386-21', '2022-01-25', '', 'TOF00000045/2022', '2022-02-15'),
(59, '2022-01-25', 'TOF00000069', 'ПТ', 4855.27, 1.20, 92, '430/5022694-1', '2022-01-25', '', 'TOF00000045/2022', '2022-02-15'),
(60, '2022-01-26', 'TOF00000079', 'ПТ', 29998.14, 1.20, 30, '457', '2022-01-25', '', 'TOF00000041/2022', '2022-02-10'),
(61, '2022-01-30', 'TOF00000074', 'ПТ', 2998.00, 1.20, 52, '00ГУ-000124', '2022-01-30', '', 'TOF00000063/2022', '2022-03-01'),
(62, '2022-01-31', 'TOF00000097', 'ПТ', 22100.00, 1.20, 40, '38', '2022-01-31', '', 'TOF00000121/2022', '2022-04-04'),
(63, '2022-01-31', 'TOF00000054', 'ПТ', 49500.00, 1.20, 13, '57', '2022-01-31', 'Упд', 'TOF00000043/2022', '2022-02-16'),
(64, '2022-01-31', 'TOF00000070', 'ПТ', 21360.00, 1.20, 56, 'TANGKC-000227', '2022-01-31', 'ФСБУ 25 Аренда БУ Дт 76.07.1 Кт 76.07.2 1!!! см ФСБУ 25', 'TOF00000044/2022', '2022-02-08'),
(65, '2022-01-31', 'TOF00000106', 'ПТ', 22400.00, 1.20, 85, '21', '2022-01-31', 'Питание январь 2022год', 'TOF00000073/2022', '2022-02-28'),
(66, '2022-01-31', 'TOF00000107', 'ПТ', 113580.40, 1.20, 56, 'TANCNT-015075', '2022-01-31', '', 'TOF00000064/2022', '2022-02-21'),
(67, '2022-02-01', 'TOF00000105', 'ПТ', 45708.00, 1.20, 58, '9309', '2022-02-01', '', 'TOF00000054/2022', '2022-02-11'),
(68, '2022-02-01', 'TOF00000113', 'ПТ', 94928.00, 1.20, 15, '398', '2022-02-01', '', 'TOF00000059/2022', '2022-03-04'),
(69, '2022-02-01', 'TOF00000116', 'ПТ', 27478.00, 1.20, 42, '109', '2022-01-24', '', 'CNT00009392/2022', '2022-03-03'),
(70, '2022-02-01', 'TOF00000124', 'ПТ', 320400.00, 1.20, 101, '117004', '2022-01-17', '', 'CNT00008811/2022', '2022-02-16'),
(71, '2022-02-01', 'TOF00000125', 'ПТ', 29920.00, 1.20, 25, '97', '2022-01-24', '', 'CNT00008871/2022', '2022-02-21'),
(72, '2022-02-01', 'TOF00000149', 'ПТ', 874.76, 1.20, 48, '1-78771/507', '2022-01-31', 'ISS144703    ГСМ за январь 2022г.', 'TOF00000056/2022', '2022-02-11'),
(73, '2022-02-01', 'TOF00000156', 'ПТ', 2659.16, 1.20, 15, '6976', '2021-12-29', '', 'TOF00000059/2022', '2022-03-04'),
(74, '2022-02-01', 'TOF00000115', 'ПТ', 5000.00, 1.20, 54, '766', '2022-01-31', '', 'TOF00000046/2022', '2022-02-16'),
(75, '2022-02-01', 'TOF00000126', 'ПТ', 232500.00, 1.00, 33, '4', '2022-01-31', 'Без НДС', 'TOF00000049/2022', '2022-02-17'),
(76, '2022-03-21', 'TOF00000007', 'ПТ', 1000.00, 1.20, 3, '054023у00003869', '2022-03-17', '', 'TOF00000112/2022', '2022-03-29'),
(77, '2022-02-01', 'TOF00000143', 'ПТ', 4007.52, 1.20, 4, 'Б/Н', '2022-01-31', '', 'TOF00000060/2022', '2022-03-01'),
(78, '2022-02-01', 'TOF00000144', 'ПТ', 2624.34, 1.20, 4, '100856384150', '2022-01-31', 'мобил. связь', 'TOF00000061/2022', '2022-03-01'),
(79, '2022-02-01', 'TOF00000148', 'ПТ', 127.28, 1.00, 114, '1', '2022-01-31', 'январь 2022', 'TOF00000057/2022', '2022-02-11'),
(80, '2022-02-01', 'TOF00000150', 'ПТ', 24975.00, 1.00, 29, '5', '2022-01-31', 'Без НДС', 'TOF00000070/2022', '2022-03-03'),
(81, '2022-02-02', 'TOF00000128', 'ПТ', 1907.20, 1.20, 79, '2', '2022-02-02', '', 'TOF00000048/2022', '2022-02-10'),
(82, '2022-02-02', 'TOF00000141', 'ПТ', 35100.00, 1.00, 62, '129', '2022-02-02', 'без НДС', 'TOF00000053/2022', '2022-02-11'),
(83, '2022-02-03', 'TOF00000127', 'ПТ', 15000.00, 1.00, 55, '4', '2022-02-03', 'Без НДС, замена напольного покрытия', 'TOF00000055/2022', '2022-02-21'),
(84, '2022-02-03', 'TOF00000142', 'ПТ', 107910.00, 1.00, 55, '3', '2022-02-03', 'Без НДС, замена напольного покрытия', 'TOF00000055/2022', '2022-02-21'),
(85, '2022-02-07', 'TOF00000140', 'ПТ', 119180.00, 1.20, 7, '266', '2022-01-28', '', 'CNT00008946/2022', '2022-02-25'),
(86, '2022-02-10', 'TOF00000157', 'ПТ', 46954.00, 1.20, 71, '5010', '2021-11-24', NULL, 'TOF00000062/2022', '2022-03-14'),
(87, '2022-02-01', 'TOF00000158', 'ПТ', 35889.84, 1.20, 63, 'КУ01-016788', '2022-01-31', NULL, 'TOF00000066/2022', '2022-02-21'),
(88, '2022-02-01', 'TOF00000175', 'ПТ', 3000.00, 1.20, 104, '432', '2021-11-25', NULL, 'TOF00000065/2022', '2022-02-28'),
(89, '2022-02-10', 'TOF00000176', 'ПТ', 3000.00, 1.20, 104, '46', '2022-02-10', NULL, 'TOF00000074/2022', '2022-03-09'),
(90, '2022-02-14', 'TOF00000168', 'ПТ', 2952.00, 1.20, 24, '0595167-ТОЛ', '2022-02-13', NULL, 'CNT00009453/2022', '2022-03-16'),
(91, '2022-01-31', 'TTF00001360', 'ПТ', 223200.00, 1.20, 115, '59', '2022-01-31', NULL, 'TTF00044610/2022', '2022-02-14'),
(92, '2022-02-09', 'TOF00000181', 'ПТ', 33486.00, 1.20, 25, '224', '2022-02-03', NULL, 'CNT00009358/2022', '2022-03-01'),
(93, '2022-02-14', 'TOF00000182', 'ПТ', 41481.54, 1.20, 92, '430/7053686484', '2022-02-14', NULL, 'CNT00009357/2022', '2022-03-09'),
(94, '2022-02-14', 'TOF00000183', 'ПТ', 5274.35, 1.20, 92, '430/5022694', '2022-02-14', NULL, 'CNT00009357/2022', '2022-03-09'),
(95, '2022-02-14', 'TOF00000184', 'ПТ', 1422.34, 1.20, 92, '430/5022386-20', '2022-02-14', NULL, 'CNT00009357/2022', '2022-03-09'),
(96, '2022-02-14', 'TOF00000185', 'ПТ', 22841.90, 1.20, 92, '430/5022894-2', '2022-02-14', NULL, 'CNT00009357/2022', '2022-03-09'),
(97, '2022-02-01', 'TOF00000187', 'ПТ', 3000.00, 1.00, 117, '92', '2020-09-14', NULL, 'TOF00000067/2022', '2022-02-22'),
(98, '2022-02-18', 'TOF00000207', 'ПТ', 216000.00, 1.20, 8, '4', '2022-02-18', NULL, 'TOF00000072/2022', '2022-03-09'),
(100, '2022-02-01', 'TOF00000208', 'ПТ', 36000.00, 1.00, 21, '2368', '2021-12-28', 'Без НДС', 'TOF00000116/2022', '2022-04-04'),
(103, '2022-02-02', 'TOF00000211', 'ПТ', 36000.00, 1.00, 21, '111', '2022-02-02', 'Без НДС', 'TOF00000116/2022', '2022-04-04'),
(104, '2022-02-14', 'TOF00000212', 'ПТ', 4000.00, 1.20, 80, '86', '2022-02-14', '', 'TOF00000075/2022', '2022-03-02'),
(105, '2022-02-14', 'TOF00000213', 'ПТ', 18000.00, 1.20, 80, '25', '2022-01-20', '', 'TOF00000075/2022', '2022-03-02'),
(106, '2022-02-24', 'TOF00000226', 'ПТ', 2000.00, 1.20, 80, '24', '2022-01-20', '', 'TOF00000086/2022', '2022-03-14'),
(107, '2022-02-20', 'TOF00000227', 'ПТ', 9900.00, 1.20, 118, '87', '2022-02-20', 'Услуги по аустафингу', 'TOF00000076/2022', '2022-03-02'),
(108, '2022-02-18', 'TOF00000228', 'ПТ', 12714.00, 1.20, 24, '0661416-ТОЛ', '2022-02-16', '', 'CNT00009795/2022', '2022-03-21'),
(109, '2022-02-28', 'TOF00000217', 'ПТ', 49500.00, 1.20, 13, '203', '2022-02-28', 'Упд', 'TOF00000088/2022', '2022-03-16'),
(110, '2022-02-28', 'TOF00000218', 'ПТ', 21360.00, 1.20, 56, 'TANGKC-000993', '2022-02-28', 'ФСБУ 25 Аренда БУ Дт 76.07.1 Кт 76.07.2 1!!! см ФСБУ 25', 'TOF00000082/2022', '2022-03-05'),
(111, '2022-02-28', 'TOF00000222', 'ПТ', 5000.00, 1.20, 54, '1791', '2022-02-28', '', 'TOF00000089/2022', '2022-03-15'),
(112, '2022-02-27', 'TOF00000236', 'ПТ', 19800.00, 1.20, 118, '92', '2022-02-27', 'Услуги по аустафингу', 'TOF00000077/2022', '2022-03-05'),
(113, '2022-02-28', 'TOF00000237', 'ПТ', 6480.00, 1.00, 83, '70', '2022-02-28', 'Без НДС', 'TOF00000085/2022', '2022-03-16'),
(114, '2022-02-28', 'TOF00000238', 'ПТ', 25778.60, 1.20, 30, '1301', '2022-02-25', '', 'TOF00000090/2022', '2022-03-15'),
(115, '2022-02-28', 'TOF00000241', 'ПТ', 51808.00, 1.20, 15, '816', '2022-02-25', '', 'TOF00000106/2022', '2022-03-31'),
(116, '2022-02-28', 'TOF00000242', 'ПТ', 2176.00, 1.20, 15, '658', '2022-02-15', '', 'TOF00000106/2022', '2022-03-31'),
(117, '2022-02-28', 'TOF00000243', 'ПТ', 60928.74, 1.20, 15, '641', '2022-02-14', '', 'TOF00000106/2022', '2022-03-31'),
(118, '2022-02-04', 'TOF00000235', 'ПТ', 187700.00, 1.20, 91, '7', '2022-02-04', '', 'TOF00000078/2022', '2022-03-03'),
(119, '2022-02-15', 'TOF00000246', 'ПТ', 102800.00, 1.00, 33, '15', '2022-02-15', 'Без НДС', 'TOF00000079/2022', '2022-03-03'),
(120, '2022-02-28', 'TOF00000245', 'ПТ', 121800.00, 1.00, 33, '14', '2022-02-28', 'Без НДС', 'TOF00000084/2022', '2022-03-16'),
(121, '2022-02-09', 'TOF00000234', 'ПТ', 1000.00, 1.20, 56, 'TANGKF-000086', '2022-02-09', 'Сертификат КЭП C09.02.2022 - 09.05.2023 Двойнишникова Е.Н.', 'TOF00000080/2022', '2022-03-03'),
(122, '2022-02-28', 'TOF00000108', 'ПТ', 39877.50, 1.20, 56, 'TANCNT-032736', '2022-02-28', '', 'TOF00000083/2022', '2022-03-10'),
(123, '2022-02-28', 'TOF00000247', 'ПТ', 19000.00, 1.00, 85, '53', '2022-02-28', 'Питание февраль 2022год', 'TOF00000098/2022', '2022-03-15'),
(124, '2022-03-01', 'TOF00000249', 'ПТ', 28828.00, 1.20, 64, '14647', '2022-02-25', '', 'CNT00008331/2022', '2022-05-04'),
(125, '2022-03-01', 'TOF00000248', 'ПТ', 24400.00, 1.00, 29, '46', '2022-02-28', 'Без НДС', 'TOF00000115/2021', '2022-03-31'),
(126, '2022-03-03', 'TOF00000254', 'ПТ', 40320.00, 1.20, 89, '16552/6321', '2022-03-03', '', 'TOF00000093/2022', '2022-03-17'),
(127, '2022-03-01', 'TOF00000257', 'ПТ', 50100.00, 1.00, 62, '208', '2022-03-01', 'Без НДС', 'TOF00000087/2022', '2022-03-11'),
(128, '2022-03-04', 'TOF00000258', 'ПТ', 9500.00, 1.00, 16, '61', '2022-03-04', '', 'TOF00000099/2022', '2022-03-25'),
(129, '2022-03-01', 'TOF00000264', 'ПТ', 914.80, 1.20, 48, '2-92352/507', '2022-02-28', 'ISS144703    ГСМ за февраль 2022г.', 'TOF00000092/2022', '2022-03-11'),
(130, '2022-03-01', 'TOF00000263', 'ПТ', 29908.20, 1.20, 63, 'КУ02-017171', '2022-02-28', '', 'TOF00000091/2022', '2022-03-11'),
(131, '2022-03-10', 'TOF00000267', 'ПТ', 126720.00, 1.20, 1, '34', '2022-03-05', '', 'TOF00000100/2022', '2022-03-25'),
(132, '2022-03-01', 'TOF00000266', 'ПТ', 134.56, 1.00, 114, '2', '2022-02-28', 'февраль 2022', 'TOF00000094/2022', '2022-03-11'),
(133, '2022-03-01', 'TOF00000270', 'ПТ', 5531.60, 1.20, 79, '3', '2022-02-28', '', 'TOF00000096/2022', '2022-03-14'),
(134, '2022-03-01', 'TOF00000269', 'ПТ', 159748.20, 1.20, 5, '221', '2022-02-28', 'Услуги по аустафингу', 'TOF00000120/2022', '2022-04-07'),
(135, '2022-03-06', 'TOF00000268', 'ПТ', 16500.00, 1.20, 118, '108', '2022-03-06', 'Услуги по аустафингу', 'TOF00000097/2022', '2022-03-14'),
(136, '2022-03-10', 'TOF00000276', 'ПТ', 31680.00, 1.20, 116, '23', '2022-03-10', '', 'TOF00000102/2022', '2022-03-28'),
(137, '2022-03-10', 'TOF00000277', 'ПТ', 20790.00, 1.00, 12, '6м', '2022-03-10', 'Без НДС', 'TOF00000141/2022', '2022-04-11'),
(138, '2022-03-09', 'TOF00000278', 'ПТ', 37044.00, 1.20, 17, '137', '2022-03-03', '', 'CNT00009987/2022', '2022-03-23'),
(139, '2022-03-09', 'TOF00000279', 'ПТ', 20752.88, 1.20, 17, '136', '2022-03-03', '', 'CNT00009987/2022', '2022-03-23'),
(140, '2022-03-09', 'TOF00000280', 'ПТ', 3998.74, 1.20, 17, '135', '2022-03-03', '', 'CNT00009987/2022', '2022-03-23'),
(141, '2022-02-28', 'TTF00002806', 'ПТ', 201600.00, 1.20, 115, '269', '2022-02-28', 'сч.269 Дежурство охранных агенств  за Февраль 2021', 'TTF00046210/2022', '2022-03-15'),
(142, '2022-03-01', 'TOF00000282', 'ПТ', 2624.34, 1.20, 4, '100864171545', '2022-02-28', 'мобил. связь', 'TOF00000105/2022', '2022-03-31'),
(143, '2022-03-01', 'TOF00000283', 'ПТ', 0.51, 1.20, 4, '100864171545', '2022-02-28', 'пени мобил. связь', 'TOF00000105/2022', '2022-03-31'),
(144, '2022-03-01', 'TOF00000284', 'ПТ', 4007.52, 1.20, 4, 'Б/Н', '2022-02-28', '', 'TOF00000104/2022', '2022-03-31'),
(145, '2022-03-07', 'TOF00000281', 'ПТ', 3300.00, 1.20, 118, '110', '2022-03-07', 'Услуги по аустафингу', 'TOF00000101/2022', '2022-03-15'),
(146, '2022-03-14', 'TOF00000289', 'ПТ', 169588.80, 1.20, 45, '6', '2022-03-01', '', 'TOF00000103/2022', '2022-03-28'),
(147, '2022-03-14', 'TOF00000290', 'ПТ', 113059.20, 1.20, 45, '5', '2022-03-01', '', 'TOF00000103/2022', '2022-03-28'),
(148, '2022-03-14', 'TOF00000291', 'ПТ', 15000.00, 1.20, 45, '8', '2022-03-11', '', 'TOF00000103/2022', '2022-03-28'),
(149, '2022-03-15', 'TOF00000292', 'ПТ', 46600.80, 1.20, 10, 'Э110322.106/7', '2022-03-11', '', 'CNT00010139/2022', '2022-04-04'),
(150, '2022-03-15', 'TOF00000293', 'ПТ', 54801.60, 1.20, 10, 'Э110322.107/7', '2022-03-11', '', 'CNT00010139/2022', '2022-04-04'),
(151, '2022-03-15', 'TOF00000294', 'ПТ', 105000.00, 1.20, 10, 'Э110322.108/7', '2022-03-11', '', 'CNT00010139/2022', '2022-04-04'),
(152, '2022-03-16', 'TOF00000296', 'ПТ', 6252.75, 1.20, 15, '1019', '2022-03-16', '', 'TOF00000145/2022', '2022-04-18'),
(153, '2022-03-17', 'TOF00000300', 'ПТ', 169200.00, 1.20, 8, '7', '2022-03-17', '', 'TOF00000117/2022', '2022-04-04'),
(154, '2022-03-01', 'TOF00000301', 'ПТ', 105635.00, 1.00, 55, '5', '2022-02-03', 'Без НДС, примыкания', 'TOF00000108/2022', '2022-03-23'),
(155, '2022-03-17', 'TOF00000005 АО', 'АО', 1324.10, 1.20, 119, 'АО', '2022-03-17', '', 'TOF00000107/2022', '2022-03-21'),
(156, '2022-03-02', 'TOF00000003 АО', 'АО', 3899.05, 1.20, 119, 'АО', '2022-03-02', '', 'TOF00000081/2022', '2022-03-04'),
(157, '2022-01-31', 'TOF00000001 АО', 'АО', 1918.72, 1.20, 119, 'АО', '2022-01-31', '', 'TOF00000038/2022', '2022-02-01'),
(158, '2022-03-10', 'TOF00000004 АО', 'АО', 260.10, 1.20, 119, 'АО', '2022-03-10', '', 'TOF00000095/2022', '2022-03-11'),
(159, '2022-03-21', 'TOF00000006 АО', 'АО', 1149.16, 1.20, 119, 'АО', '2022-03-21', '', 'TOF00000109/2022', '2022-03-23'),
(160, '2022-03-01', 'TOF00000312', 'ПТ', 7000.00, 1.20, 53, '42', '2022-01-31', '', 'TOF00000110/2022', '2022-03-24'),
(161, '2022-03-01', 'TOF00000311', 'ПТ', 7000.00, 1.20, 53, '156', '2022-02-28', '', 'TOF00000110/2022', '2022-03-24'),
(162, '2022-03-31', 'TOF00000310', 'ПТ', 7000.00, 1.20, 53, '259', '2022-03-31', '', 'TOF00000140/2022', '2022-04-15'),
(163, '2022-03-16', 'TOF00000313', 'ПТ', 120000.00, 1.00, 33, '21', '2022-03-16', 'Без НДС', 'TOF00000111/2022', '2022-04-01'),
(164, '2022-03-21', 'TOF00000314', 'ПТ', 109625.00, 1.00, 55, '259', '2022-03-21', 'Без НДС, примыкания', 'TOF00000129/2022', '2022-04-06'),
(165, '2022-03-16', 'TOF00000315', 'ПТ', 11850.00, 1.20, 15, '1014', '2022-03-15', '', 'TOF00000145/2022', '2022-04-18'),
(166, '2022-03-18', 'TOF00000316', 'ПТ', 56714.00, 1.20, 7, '933', '2022-03-11', '', 'CNT00010194/2022', '2022-04-08'),
(167, '2021-12-08', 'CNT00000335', 'ПТ', 42890.00, 1.00, 55, '21', '2021-12-08', 'Без НДС, замена напольного покрытия', 'CNT00007640/2021', '2021-12-24'),
(168, '2021-12-08', 'CNT00000336', 'ПТ', 170265.83, 1.00, 55, '22', '2021-12-08', 'Без НДС, замена напольного покрытия', 'CNT00007640/2021', '2021-12-24'),
(169, '2021-12-08', 'CNT00000337', 'ПТ', 92839.65, 1.00, 55, '23', '2021-12-08', 'Без НДС, замена напольного покрытия', 'CNT00007712/2021', '2021-12-27'),
(170, '2021-04-22', 'TOF00000606', 'ПТ', 5228.00, 1.20, 7, '1546', '2021-04-16', '', 'CNT00001525/2021', '2021-05-12'),
(171, '2021-04-22', 'TOF00000607', 'ПТ', 13412.00, 1.20, 7, '1547', '2021-04-16', '', 'CNT00001525/2021', '2021-05-12'),
(172, '2021-05-04', 'TOF00000641', 'ПТ', 27906.00, 1.20, 7, '1635', '2021-04-22', '', 'CNT00001679/2021', '2021-05-25'),
(173, '2021-05-04', 'TOF00000658', 'ПТ', 9951.00, 1.20, 7, '1636', '2021-04-22', '', 'CNT00001679/2021', '2021-05-25'),
(174, '2021-05-04', 'TOF00000659', 'ПТ', 11382.00, 1.20, 7, '1637', '2021-04-22', '', 'CNT00001679/2021', '2021-05-25'),
(175, '2021-08-20', 'TOF00001190', 'ПТ', 16512.00, 1.20, 7, '3208', '2021-08-10', '', 'CNT00003934/2021', '2021-09-07'),
(176, '2021-09-06', 'CNT00000021', 'ПТ', 18060.00, 1.20, 7, '3556', '2021-09-03', '', 'CNT00004816/2021', '2021-09-30'),
(177, '2021-09-06', 'CNT00000022', 'ПТ', 39697.00, 1.20, 7, '3554', '2021-09-03', '', 'CNT00004816/2021', '2021-09-30'),
(178, '2021-09-06', 'CNT00000042', 'ПТ', 48638.00, 1.20, 7, '3555', '2021-09-03', '', 'CNT00004816/2021', '2021-09-30'),
(179, '2021-09-16', 'CNT00000038', 'ПТ', 19646.00, 1.20, 7, '3696', '2021-09-13', '', 'CNT00005274/2021', '2021-10-11'),
(180, '2021-10-04', 'TOF00001290', 'ПТ', 61124.00, 1.20, 7, '3839', '2021-09-23', '', 'CNT00005390/2021', '2021-10-25'),
(181, '2021-10-04', 'TOF00001291', 'ПТ', 31380.00, 1.20, 7, '3840', '2021-09-23', '', 'CNT00005390/2021', '2021-10-25'),
(182, '2021-10-04', 'TOF00001292', 'ПТ', 22092.00, 1.20, 7, '3842', '2021-09-23', '', 'CNT00005390/2021', '2021-10-25'),
(183, '2021-10-18', 'CNT00000121', 'ПТ', 35572.00, 1.20, 7, '3990', '2021-10-06', '', 'CNT00004884/2021', '2021-11-08'),
(184, '2021-10-18', 'CNT00000150', 'ПТ', 46384.00, 1.20, 7, '3991', '2021-10-06', '', 'CNT00004884/2021', '2021-11-08'),
(185, '2021-10-27', 'CNT00000173', 'ПТ', 42913.78, 1.20, 7, '4191', '2021-10-21', '', 'CNT00005986/2021', '2021-11-19'),
(186, '2021-10-27', 'CNT00000174', 'ПТ', 19584.00, 1.20, 7, '4192', '2021-10-21', '', 'CNT00005986/2021', '2021-11-19'),
(187, '2021-10-27', 'CNT00000176', 'ПТ', 25606.00, 1.20, 7, '4195', '2021-10-21', '', 'CNT00005986/2021', '2021-11-19'),
(188, '2021-11-12', 'TOF00001327', 'ПТ', 70339.10, 1.20, 7, '4319', '2021-10-28', '', 'CNT00006472/2021', '2021-12-03'),
(189, '2021-11-16', 'CNT00000223', 'ПТ', 56112.00, 1.20, 7, '4406', '2021-11-08', '', 'CNT00006640/2021', '2021-12-06'),
(190, '2021-11-24', 'CNT00000280', 'ПТ', 28320.00, 1.20, 1, '226', '2021-10-21', '', 'CNT00007234/2021', '2021-12-09'),
(191, '2021-12-23', 'TOF00001365', 'ПТ', 85080.00, 1.20, 1, '276', '2021-12-08', '', 'TOF00000923/2021', '2022-01-11'),
(192, '2021-08-17', 'TOF00000030', 'ЗП', 17000.00, 1.20, 65, '1098', '2021-12-01', '', 'TOF00000811/2021', '2021-08-18'),
(193, '2021-12-08', 'TOF00001353', 'ПТ', 79900.00, 1.20, 97, 'Т-А-0000750', '2021-12-07', '', 'TTF00000065/2022', '2022-01-18'),
(194, '2021-12-29', 'TOF00001387', 'ПТ', 58700.00, 1.20, 97, 'Т-А-0000794', '2021-12-21', '', 'TTF00043181/2022', '2022-01-18'),
(195, '2021-12-07', 'CNT00000322', 'ПТ', 34238.08, 1.20, 17, '6536', '2021-12-07', '', 'CNT00007330/2021', '2021-12-22'),
(196, '2021-05-25', 'TOF00000723', 'ПТ', 9770.00, 1.20, 17, '274', '2021-05-13', '', 'CNT00002035/2021', '2021-06-10'),
(197, '2021-05-25', 'TOF00000732', 'ПТ', 41466.35, 1.20, 17, '268', '2021-05-13', '', 'CNT00002035/2021', '2021-06-10'),
(198, '2021-05-25', 'TOF00000733', 'ПТ', 46082.00, 1.20, 17, '267', '2021-05-13', '', 'CNT00002035/2021', '2021-06-10'),
(199, '2021-07-05', 'TOF00000945', 'ПТ', 7300.80, 1.20, 17, '355', '2021-06-22', '', 'CNT00003004/2021', '2021-07-19'),
(200, '2021-09-21', 'CNT00000044', 'ПТ', 41866.90, 1.20, 17, '520', '2021-08-31', '', 'CNT00005239/2021', '2021-10-11'),
(201, '2021-10-13', 'TOF00001295', 'ПТ', 34325.76, 1.20, 17, '577', '2021-10-01', '', 'CNT00005317/2021', '2021-10-28'),
(202, '2021-10-27', 'CNT00000188', 'ПТ', 94756.32, 1.20, 17, '601', '2021-10-20', '', 'CNT00005987/2021', '2021-11-12'),
(203, '2021-11-25', 'CNT00000259', 'ПТ', 67720.00, 1.20, 17, '658', '2021-11-16', '', 'CNT00006911/2021', '2021-12-06'),
(204, '2021-05-04', 'TOF00000648', 'ПТ', 29186.00, 1.20, 18, '112', '2021-05-04', '', 'TOF00000657/2021', '2021-05-20'),
(205, '2021-10-04', 'CNT00000102', 'ПТ', 172800.00, 1.20, 8, '54', '2021-10-04', '', 'CNT00005273/2021', '2021-10-20'),
(206, '2021-10-04', 'CNT00000103', 'ПТ', 172800.00, 1.20, 8, '46', '2021-10-04', '', 'CNT00005273/2021', '2021-10-20'),
(207, '2021-10-04', 'CNT00000104', 'ПТ', 128400.00, 1.20, 8, '53', '2021-10-04', '', 'CNT00005273/2021', '2021-10-20'),
(208, '2021-10-22', 'CNT00000169', 'ПТ', 110400.00, 1.20, 8, '56', '2021-10-21', '', 'CNT00006085/2021', '2021-11-08'),
(209, '2021-07-01', 'TOF00000969', 'ПТ', 240000.00, 1.20, 68, 'ACOX0000095', '2021-06-22', '', 'CNT00003040/2021', '2021-07-20'),
(210, '2021-11-24', 'CNT00000273', 'ПТ', 14400.00, 1.20, 68, 'ACOX0000192', '2021-11-23', '', 'CNT00006550/2021', '2021-12-14'),
(211, '2021-12-22', 'TOF00001354', 'ПТ', 713000.00, 1.20, 19, 'ЦБ-1765', '2021-12-14', '', 'CNT00008166/2022', '2022-01-18'),
(212, '2021-12-28', 'TOF00001375', 'ПТ', 125494.00, 1.20, 20, 'Б-0000015345', '2021-12-14', '', 'CNT00008219/2022', '2022-01-18'),
(213, '2021-11-26', 'CNT00000271', 'ПТ', 25000.00, 1.00, 96, '7118', '2021-09-28', '', 'CNT00006988/2021', '2021-12-03'),
(214, '2021-11-16', 'CNT00000230', 'ПТ', 162500.00, 1.00, 111, '52', '2021-11-16', 'Без НДС', 'TTF00040971/2021', '2021-11-29'),
(215, '2021-06-30', 'TOF00000797', 'ПТ', 49500.00, 1.20, 13, '1042', '2021-06-30', '', 'TOF00000746/2021', '2021-07-15'),
(216, '2021-07-01', 'TOF00000965', 'ПТ', 42765.00, 1.20, 13, '1110', '2021-06-10', '', 'TOF00000752/2021', '2021-07-16'),
(217, '2021-07-22', 'TOF00001070', 'ПТ', 27900.00, 1.20, 13, '1439', '2021-07-22', '', 'TOF00000779/2021', '2021-08-06'),
(218, '2021-07-27', 'TOF00001069', 'ПТ', 6500.00, 1.20, 13, '1672', '2021-07-27', '', 'TOF00000789/2021', '2021-08-12'),
(219, '2021-07-31', 'TOF00001010', 'ПТ', 49500.00, 1.20, 13, '1281', '2021-07-31', 'Упд', 'TOF00000796/2021', '2021-08-16'),
(220, '2021-08-01', 'TOF00001145', 'ПТ', 8100.00, 1.20, 13, '1773', '2021-07-29', '', 'TOF00000819/2021', '2021-08-24'),
(221, '2021-08-31', 'TOF00001144', 'ПТ', 49500.00, 1.20, 13, '1741', '2021-08-31', 'Упд', 'TOF00000850/2021', '2021-09-16'),
(222, '2021-09-15', 'CNT00000024', 'ПТ', 9400.00, 1.20, 13, '2057', '2021-09-15', 'Упд', 'CNT00004882/2021', '2021-10-01'),
(223, '2021-09-16', 'CNT00000005', 'ПТ', 15340.00, 1.20, 13, '2048', '2021-09-15', '', 'CNT00004881/2021', '2021-10-04'),
(224, '2021-09-30', 'CNT00000015', 'ПТ', 49500.00, 1.20, 13, '1976', '2021-09-30', 'Упд', 'TOF00000884/2021', '2021-10-18'),
(225, '2021-10-31', 'TOF00001287', 'ПТ', 49500.00, 1.20, 13, '2166', '2021-10-31', 'Упд', 'TOF00000902/2021', '2021-11-16'),
(226, '2021-11-10', 'TOF00001323', 'ПТ', 8800.00, 1.20, 13, '2618', '2021-11-10', '', 'CNT00006638/2021', '2021-11-26'),
(227, '2021-11-30', 'CNT00000281', 'ПТ', 171303.00, 1.20, 13, '2763', '2021-11-30', '', 'CNT00007356/2021', '2021-12-16'),
(228, '2021-11-30', 'TOF00001324', 'ПТ', 49500.00, 1.20, 13, '2573', '2021-11-30', 'Упд', 'CNT00007356/2021', '2021-12-16'),
(229, '2021-12-01', 'CNT00000292', 'ПТ', 57000.00, 1.20, 13, '2760', '2021-11-30', '', 'CNT00007119/2021', '2021-12-20'),
(230, '2021-12-23', 'TOF00001396', 'ПТ', 20200.00, 1.20, 13, '2762', '2021-12-23', 'Упд', 'TOF00000007/2022', '2022-01-14'),
(231, '2021-12-29', 'TOF00001391', 'ПТ', 221072.00, 1.20, 13, '2912', '2021-12-29', 'Упд', 'TOF00000010/2022', '2022-01-17'),
(232, '2021-12-31', 'TOF00001376', 'ПТ', 49500.00, 1.20, 13, '2727', '2021-12-31', 'Упд', 'TOF00000016/2022', '2022-01-18'),
(233, '2021-05-18', 'TOF00000740', 'ПТ', 32000.00, 1.00, 21, '799', '2021-05-18', 'Без НДС', 'TOF00000745/2021', '2021-07-16'),
(234, '2021-06-03', 'TOF00000871', 'ПТ', 7000.00, 1.00, 21, '926', '2021-06-03', 'Без НДС', 'TOF00000776/2021', '2021-08-02'),
(235, '2021-06-18', 'TOF00000870', 'ПТ', 32000.00, 1.00, 21, '1032', '2021-06-18', 'Без НДС', 'TOF00000795/2021', '2021-08-18'),
(236, '2021-07-22', 'TOF00001078', 'ПТ', 8000.00, 1.00, 21, '1296', '2021-07-22', 'Без НДС', 'TOF00000861/2021', '2021-09-21'),
(237, '2021-08-01', 'TOF00001138', 'ПТ', 36000.00, 1.00, 21, '1237', '2021-07-16', 'Без НДС', 'CNT00004841/2021', '2021-10-01'),
(238, '2021-08-13', 'TOF00001225', 'ПТ', 36000.00, 1.00, 21, '1398', '2021-08-13', 'Без НДС', 'CNT00004941/2021', '2021-10-13'),
(239, '2021-08-23', 'TOF00001226', 'ПТ', 28000.00, 1.00, 21, '1439', '2021-08-23', 'Без НДС', 'CNT00005644/2021', '2021-10-25'),
(240, '2021-10-01', 'CNT00000073', 'ПТ', 36000.00, 1.00, 21, '1593', '2021-09-15', 'Без НДС', 'CNT00006789/2021', '2021-12-01'),
(241, '2021-10-18', 'CNT00000182', 'ПТ', 36000.00, 1.00, 21, '1843', '2021-10-18', 'Без НДС', 'CNT00007414/2021', '2021-12-20'),
(242, '2021-11-19', 'CNT00000270', 'ПТ', 36000.00, 1.00, 21, '2049', '2021-11-19', 'Без НДС', 'TOF00000018/2022', '2022-01-19'),
(243, '2022-03-21', 'TOF00000008', 'ЗП', 2580.00, 1.20, 3, '054023у00003870', '2022-03-17', '', 'TOF00000113/2022', '2022-03-28'),
(244, '2022-03-10', 'TOF00000330', 'ПТ', 155360.00, 1.20, 13, '415', '2022-03-10', 'Упд', 'TOF00000118/2022', '2022-03-31'),
(245, '2022-03-23', 'TOF00000323', 'ПТ', 35692.00, 1.20, 15, '1098', '2022-03-22', '', 'TOF00000149/2022', '2022-04-22'),
(246, '2022-03-23', 'TOF00000324', 'ПТ', 5219.10, 1.20, 15, '1099', '2022-03-22', '', 'TOF00000149/2022', '2022-04-22'),
(247, '2022-03-23', 'TOF00000325', 'ПТ', 128440.46, 1.20, 15, '1097', '2022-03-22', '', 'TOF00000149/2022', '2022-04-22'),
(248, '2022-03-23', 'TOF00000328', 'ПТ', 59400.00, 1.20, 8, '10', '2022-03-23', '', 'TOF00000128/2022', '2022-04-08'),
(249, '2022-03-31', 'TOF00000329', 'ПТ', 49500.00, 1.20, 13, '343', '2022-03-31', 'Упд', 'TOF00000148/2022', '2022-04-18'),
(250, '2021-05-05', 'TOF00000656', 'ПТ', 226500.00, 1.20, 24, '1392030-ТОЛ', '2021-05-05', '', 'TOF00000683/2021', '2021-06-03'),
(251, '2021-07-29', 'TOF00001079', 'ПТ', 181796.00, 1.20, 24, '2377494-МСК', '2021-07-19', '', 'TOF00000815/2021', '2021-08-27'),
(252, '2021-10-29', 'CNT00000181', 'ПТ', 53902.00, 1.20, 24, '3818855-ТОЛ', '2021-10-20', '', 'CNT00006636/2021', '2021-11-29'),
(253, '2021-11-01', 'CNT00000203', 'ПТ', 8051.00, 1.20, 24, '3982211-ТОЛ', '2021-10-30', '', 'CNT00006790/2021', '2021-12-01'),
(254, '2021-11-23', 'CNT00000264', 'ПТ', 22542.00, 1.20, 24, '4381891-ТОЛ', '2021-11-22', '', 'CNT00007642/2021', '2021-12-22'),
(255, '2021-12-09', 'CNT00000334', 'ПТ', 11754.00, 1.20, 24, '4680344-ТОЛ', '2021-12-08', '', 'TOF00000924/2021', '2022-01-10'),
(256, '2021-12-15', 'CNT00000392', 'ПТ', 28068.00, 1.20, 24, '4800598-ТОЛ', '2021-12-15', '', 'TOF00000004/2021', '2022-01-14'),
(257, '2021-07-16', 'TOF00001032', 'ПТ', 11625.00, 1.20, 15, '3846', '2021-07-15', '', 'TOF00000800/2021', '2021-08-16'),
(258, '2021-12-03', 'CNT00000301', 'ПТ', 81000.00, 1.20, 15, '6419', '2021-12-01', '', 'TOF00000914/2021', '2022-01-10'),
(259, '2021-12-07', 'CNT00000345', 'ПТ', 614000.00, 1.20, 15, '6539', '2021-12-07', '', 'TOF00000914/2021', '2022-01-10'),
(260, '2021-09-22', 'CNT00000041', 'ПТ', 148050.58, 1.20, 15, '4944', '2021-09-22', '', 'CNT00005642/2021', '2021-10-25'),
(261, '2021-09-23', 'CNT00000039', 'ПТ', 5206.74, 1.20, 15, '4942', '2021-09-22', '', 'CNT00005642/2021', '2021-10-25'),
(262, '2021-09-23', 'CNT00000040', 'ПТ', 3805.90, 1.20, 15, '4943', '2021-09-22', '', 'CNT00005642/2021', '2021-10-25'),
(263, '2021-10-07', 'TOF00001285', 'ПТ', 36300.60, 1.20, 15, '5259', '2021-10-06', '', 'CNT00006125/2021', '2021-11-09'),
(264, '2021-10-07', 'TOF00001286', 'ПТ', 50892.00, 1.20, 15, '5257', '2021-10-06', '', 'CNT00006125/2021', '2021-11-09'),
(265, '2021-10-15', 'CNT00000122', 'ПТ', 4196.64, 1.20, 15, '5479', '2021-10-15', '', 'TOF00000898/2021', '2021-11-15'),
(266, '2021-10-15', 'CNT00000145', 'ПТ', 5237.40, 1.20, 15, '5478', '2021-10-15', '', 'TOF00000898/2021', '2021-11-15'),
(267, '2021-10-15', 'CNT00000146', 'ПТ', 51900.00, 1.20, 15, '5477', '2021-10-15', '', 'TOF00000898/2021', '2021-11-15'),
(268, '2021-10-27', 'CNT00000185', 'ПТ', 54408.00, 1.20, 15, '5682', '2021-10-27', '', 'CNT00006639/2021', '2021-11-29'),
(269, '2021-10-27', 'CNT00000186', 'ПТ', 2603.37, 1.20, 15, '5685', '2021-10-27', '', 'CNT00006639/2021', '2021-11-29'),
(270, '2021-10-29', 'CNT00000199', 'ПТ', 7810.11, 1.20, 15, '5736', '2021-10-29', '', 'CNT00006639/2021', '2021-11-29'),
(271, '2021-11-18', 'CNT00000245', 'ПТ', 630.00, 1.20, 15, '6097', '2021-11-18', '', 'CNT00007455/2021', '2021-12-20'),
(272, '2021-11-18', 'CNT00000246', 'ПТ', 13295.80, 1.20, 15, '6098', '2021-11-18', '', 'CNT00007455/2021', '2021-12-20'),
(273, '2021-11-18', 'CNT00000247', 'ПТ', 10069.98, 1.20, 15, '6099', '2021-11-18', '', 'CNT00007455/2021', '2021-12-20'),
(274, '2021-11-18', 'CNT00000248', 'ПТ', 121975.60, 1.20, 15, '6101', '2021-11-18', '', 'CNT00007455/2021', '2021-12-20'),
(275, '2021-11-18', 'CNT00000249', 'ПТ', 153701.90, 1.20, 15, '6103', '2021-11-18', '', 'CNT00007455/2021', '2021-12-20'),
(276, '2021-11-25', 'CNT00000267', 'ПТ', 1035.00, 1.20, 15, '6264', '2021-11-25', '', 'CNT00007710/2021', '2021-12-27'),
(277, '2021-11-25', 'CNT00000274', 'ПТ', 66500.00, 1.20, 15, '6252', '2021-11-24', '', 'CNT00007710/2021', '2021-12-27'),
(278, '2021-12-03', 'CNT00000300', 'ПТ', 6356.00, 1.20, 15, '6474', '2021-11-30', '', 'TOF00000916/2021', '2022-01-10'),
(279, '2021-12-03', 'CNT00000310', 'ПТ', 1225.00, 1.20, 15, '6425', '2021-12-02', '', 'TOF00000916/2021', '2022-01-10'),
(280, '2021-12-03', 'CNT00000311', 'ПТ', 73824.00, 1.20, 15, '6475', '2021-12-03', '', 'TOF00000916/2021', '2022-01-10'),
(281, '2021-12-03', 'CNT00000346', 'ПТ', 3376.17, 1.20, 15, '6420', '2021-12-01', '', 'TOF00000916/2021', '2022-01-10'),
(282, '2021-12-07', 'CNT00000315', 'ПТ', 1056.40, 1.20, 15, '6536', '2021-12-07', '', 'TOF00000919/2021', '2022-01-10'),
(283, '2021-12-07', 'CNT00000317', 'ПТ', 33725.00, 1.20, 15, '6537', '2021-12-07', '', 'TOF00000919/2021', '2022-01-10'),
(284, '2021-12-07', 'CNT00000318', 'ПТ', 2483.00, 1.20, 15, '6534', '2021-12-07', '', 'TOF00000919/2021', '2022-01-10'),
(285, '2021-12-07', 'CNT00000319', 'ПТ', 647.00, 1.20, 15, '6535', '2021-12-07', '', 'TOF00000919/2021', '2022-01-10'),
(286, '2021-12-17', 'CNT00000390', 'ПТ', 11525.00, 1.20, 15, '6757', '2021-12-16', '', 'TOF00000015/2022', '2022-01-17'),
(287, '2021-12-17', 'CNT00000391', 'ПТ', 990.00, 1.20, 15, '6756', '2021-12-16', '', 'TOF00000015/2022', '2022-01-17'),
(288, '2021-08-01', 'TOF00001179', 'ПТ', 4007.52, 1.20, 4, 'Б/Н', '2021-07-31', '', 'TOF00000821/2021', '2021-08-31'),
(289, '2021-08-01', 'TOF00001180', 'ПТ', 2629.50, 1.20, 4, '100807025422', '2021-07-31', 'мобил. связь', 'TOF00000822/2021', '2021-08-31'),
(290, '2021-09-01', 'TOF00001268', 'ПТ', 4007.52, 1.20, 4, 'Б/Н', '2021-08-31', '', 'TOF00000871/2021', '2021-09-30'),
(291, '2021-09-01', 'TOF00001269', 'ПТ', 2624.34, 1.20, 4, '100815436634', '2021-08-31', 'мобил. связь', 'TOF00000872/2021', '2021-09-30'),
(292, '2021-10-01', 'CNT00000126', 'ПТ', 2624.34, 1.20, 4, '100823597309', '2021-09-30', 'мобил. связь', 'CNT00005641/2021', '2021-11-01'),
(293, '2021-10-01', 'CNT00000127', 'ПТ', 4007.52, 1.20, 4, 'Б/Н', '2021-09-30', '', 'CNT00005640/2021', '2021-11-01'),
(294, '2021-11-01', 'TOF00001330', 'ПТ', 2624.34, 1.20, 4, '100831806016', '2021-10-31', 'мобил. связь', 'CNT00006746/2021', '2021-11-30'),
(295, '2021-11-01', 'TOF00001331', 'ПТ', 4007.52, 1.20, 4, 'Б/Н', '2021-10-31', '', 'CNT00006745/2021', '2021-11-30'),
(296, '2021-12-01', 'TOF00001405', 'ПТ', 0.90, 1.20, 4, '100840376394', '2021-11-30', 'пени  мобил. связь', 'CNT00007716/2021', '2021-12-29'),
(297, '2021-12-01', 'CNT00000351', 'ПТ', 2624.34, 1.20, 4, '100840376394', '2021-11-30', 'мобил. связь', 'CNT00007716/2021', '2021-12-29'),
(298, '2021-12-01', 'CNT00000352', 'ПТ', 4007.52, 1.20, 4, 'Б/Н', '2021-11-30', '', 'CNT00007715/2021', '2021-12-29'),
(299, '2021-09-27', 'CNT00000055', 'ПТ', 27480.00, 1.00, 83, '00000395', '2021-08-30', 'Без НДС', 'TOF00000877/2021', '2021-10-19'),
(300, '2021-09-30', 'CNT00000057', 'ПТ', 6480.00, 1.00, 83, '00000394', '2021-09-30', 'Без НДС', 'TOF00000887/2021', '2021-10-19'),
(301, '2021-10-26', 'CNT00000171', 'ПТ', 6480.00, 1.00, 83, '00000444', '2021-10-26', 'Без НДС', 'TOF00000895/2021', '2021-11-11'),
(302, '2021-12-01', 'CNT00000297', 'ПТ', 6480.00, 1.00, 83, '00000485', '2021-11-30', 'Без НДС', 'CNT00007412/2021', '2021-12-17'),
(303, '2021-12-15', 'CNT00000361', 'ПТ', 3600.00, 1.00, 83, '00000509', '2021-12-15', 'Без НДС', 'TOF00000911/2021', '2021-12-29'),
(304, '2021-12-27', 'TOF00001370', 'ПТ', 900.00, 1.00, 83, '00000518', '2021-12-27', 'Без НДС', 'TOF00000001/2022', '2022-01-12'),
(305, '2021-12-27', 'TOF00001371', 'ПТ', 6480.00, 1.20, 83, '00000517', '2021-12-27', 'Без НДС', 'TOF00000001/2022', '2022-01-12'),
(306, '2021-12-29', 'TOF00001388', 'ПТ', 900.00, 1.00, 83, '5', '2021-12-29', 'Без НДС', 'TOF00000008/2022', '2022-01-14'),
(307, '2021-06-24', 'TOF00000020', 'ЗП', 3960.00, 1.00, 86, 'IGSX12191078375000', '2021-06-28', 'страховка БХМ', 'TOF00000721/2021', '2021-06-28'),
(308, '2021-11-15', 'TOF00001335', 'ПТ', 24225.00, 1.00, 29, '490', '2021-11-15', 'Без НДС', 'CNT00007229/2021', '2021-12-15'),
(309, '2021-12-15', 'CNT00000343', 'ПТ', 25200.00, 1.00, 29, '512', '2021-12-15', 'Без НДС', 'TOF00000005/2022', '2022-01-14'),
(310, '2021-12-09', 'CNT00000338', 'ПТ', 178800.00, 1.20, 98, '00104', '2021-12-01', '', 'TTF00042050/2021', '2021-12-20'),
(311, '2021-05-21', 'TOF00000721', 'ПТ', 14176.27, 1.20, 30, '4176', '2021-05-19', '', 'TOF00000689/2021', '2021-06-04'),
(312, '2021-06-11', 'TOF00000844', 'ПТ', 27562.30, 1.20, 30, '4937', '2021-06-10', 'Упд', 'TOF00000718/2021', '2021-06-25'),
(313, '2021-06-29', 'TOF00000912', 'ПТ', 17498.84, 1.20, 30, '5420', '2021-06-28', '', 'TOF00000738/2021', '2021-07-14'),
(314, '2021-07-21', 'TOF00001045', 'ПТ', 22928.78, 1.20, 30, '6095', '2021-07-20', '', 'TOF00000778/2021', '2021-08-05'),
(315, '2021-08-27', 'TOF00001215', 'ПТ', 21948.03, 1.20, 30, '6992', '2021-08-26', '', 'TOF00000845/2021', '2021-09-13'),
(316, '2021-09-29', 'CNT00000071', 'ПТ', 21860.20, 1.20, 30, '7975', '2021-09-27', '', 'TOF00000878/2021', '2021-10-15'),
(317, '2021-11-03', 'TOF00001310', 'ПТ', 21942.70, 1.20, 30, '9536', '2021-11-02', '', 'TOF00000905/2021', '2021-11-18'),
(318, '2021-11-30', 'CNT00000287', 'ПТ', 13832.40, 1.20, 30, '10275', '2021-11-29', '', 'CNT00007287/2021', '2021-12-15'),
(319, '2021-12-13', 'CNT00000357', 'ПТ', 17922.10, 1.20, 30, '10760', '2021-12-10', '', 'CNT00007713/2021', '2021-12-28'),
(320, '2022-03-24', 'TOF00000332', 'ПТ', 46955.10, 1.20, 30, '2054', '2022-03-23', '', 'TOF00000127/2022', '2022-04-08'),
(321, '2022-03-25', 'TOF00000333', 'ПТ', 65680.00, 1.00, 55, '7', '2022-03-25', 'Без НДС, примыкания', 'TOF00000126/2022', '2022-04-11'),
(322, '2021-12-14', 'CNT00000360', 'ПТ', 308153.81, 1.20, 31, '5131004663', '2021-12-08', '', 'CNT00008079/2022', '2022-01-11'),
(323, '2021-11-15', 'CNT00000228', 'ПТ', 139800.00, 1.00, 113, 'ИП-393', '2021-11-15', '', 'CNT00006748/2021', '2021-12-03'),
(324, '2021-12-01', 'CNT00000296', 'ПТ', 197800.00, 1.00, 33, '146', '2021-11-30', 'Без НДС', 'CNT00007413/2021', '2021-12-17'),
(325, '2021-12-31', 'TOF00001384', 'ПТ', 243300.00, 1.00, 33, '154', '2021-12-31', 'Без НДС', 'TOF00000014/2022', '2022-01-17'),
(326, '2021-08-23', 'TOF00001186', 'ПТ', 11000.00, 1.20, 80, '1208', '2021-08-18', '', 'TOF00000843/2021', '2021-09-08'),
(327, '2021-10-21', 'CNT00000191', 'ПТ', 21000.00, 1.20, 80, '1418', '2021-10-20', '', 'TOF00000901/2021', '2021-11-12'),
(328, '2021-10-21', 'CNT00000192', 'ПТ', 37580.00, 1.20, 80, '1417', '2021-10-20', '', 'TOF00000901/2021', '2021-11-12'),
(329, '2021-10-21', 'CNT00000193', 'ПТ', 57300.00, 1.20, 80, '1416', '2021-10-20', '', 'TOF00000901/2021', '2021-11-12'),
(330, '2022-02-01', 'TOF00000244', 'ПТ', 21060.00, 1.20, 108, '15', '2022-01-31', 'Услуги по аустафингу', 'TOF00000119/2022', '2022-04-01'),
(331, '2022-02-08', 'TOF00000003', 'ЗП', 2580.00, 1.20, 3, '054023у00001833', '2022-02-07', '', 'TOF00000051/2022', '2022-02-10'),
(332, '2022-02-08', 'TOF00000004', 'ЗП', 3180.00, 1.20, 3, '054023у00001831', '2022-02-07', '', 'TOF00000052/2022', '2022-02-10'),
(333, '2022-03-21', 'TOF00000009', 'ЗП', 3180.00, 1.20, 3, '054023у00003868', '2022-03-17', '', 'TOF00000114/2022', '2022-03-28'),
(334, '2022-03-25', 'TOF00000339', 'ПТ', 18720.00, 1.20, 1, '31', '2022-02-25', '', 'TOF00000134/2022', '2022-04-11'),
(335, '2022-03-01', 'TOF00000340', 'ПТ', 30000.00, 1.00, 43, '343', '2022-01-26', 'обучение', 'TOF00000125/2022', '2022-04-01'),
(336, '2022-03-28', 'TOF00000342', 'ПТ', 62951.00, 1.20, 7, '981', '2022-03-16', '', 'CNT00010419/2022', '2022-04-18'),
(337, '2022-03-28', 'TOF00000343', 'ПТ', 8320.00, 1.20, 17, '174', '2022-03-22', '', 'CNT00010678/2022', '2022-04-11'),
(338, '2022-03-25', 'TOF00000344', 'ПТ', 6480.00, 1.00, 83, '119', '2022-03-25', 'Без НДС', 'TOF00000137/2022', '2022-04-11'),
(339, '2022-03-01', 'TOF00000350', 'ПТ', 2998.00, 1.20, 52, '00ГУ-014208', '2021-12-31', '', 'TOF00000122/2022', '2022-03-31'),
(340, '2022-03-01', 'TOF00000351', 'ПТ', 2998.00, 1.20, 52, '00ГУ-001291', '2022-02-28', '', 'TOF00000122/2022', '2022-03-31'),
(341, '2022-03-31', 'TOF00000352', 'ПТ', 2998.00, 1.20, 52, '00ГУ-001868', '2022-03-31', '', 'TOF00000150/2022', '2022-04-29'),
(342, '2022-03-31', 'TOF00000341', 'ПТ', 28150.00, 1.00, 29, '78', '2022-03-31', 'Без НДС', 'TOF00000178/2022', '2022-04-29'),
(343, '2022-03-31', 'TOF00000349', 'ПТ', 21360.00, 1.20, 56, 'TANGKC-001577', '2022-03-31', 'ФСБУ 25 Аренда БУ Дт 76.07.1 Кт 76.07.2 1!!! см ФСБУ 25', 'TOF00000136/2022', '2022-04-07'),
(344, '2022-03-29', 'TOF00000007 АО', 'АО', 1946.70, 1.20, 119, 'АО', '2022-03-29', NULL, 'TOF00000123/2022', '2022-03-31'),
(345, '2022-03-02', 'TOF00000356', 'ПТ', 2000.00, 1.00, 83, '82', '2022-03-02', 'Без НДС', 'TOF00000124/2022', '2022-04-01'),
(346, '2022-03-30', 'TOF00000358', 'ПТ', 12937.50, 1.20, 18, '92', '2022-03-28', '', 'CNT00010582/2022', '2022-04-14'),
(347, '2022-03-29', 'TOF00000359', 'ПТ', 94032.00, 1.20, 100, '220329-00003', '2022-03-29', '', 'CNT00010421/2022', '2022-04-12'),
(348, '2022-03-28', 'TOF00000360', 'ПТ', 18847.40, 1.20, 17, '175', '2022-03-22', '', 'CNT00010678/2022', '2022-04-11'),
(349, '2022-03-28', 'TOF00000361', 'ПТ', 14950.00, 1.20, 17, '176', '2022-03-22', '', 'CNT00010678/2022', '2022-04-11'),
(350, '2022-03-10', 'TOF00000345', 'ПТ', 24200.00, 1.00, 21, '349', '2022-03-10', 'Без НДС', 'TOF00000164/2022', '2022-05-11'),
(351, '2022-03-25', 'TOF00000366', 'ПТ', 18000.00, 1.00, 49, '24', '2022-03-25', 'Без НДС', 'TOF00000133/2022', '2022-04-11'),
(352, '2022-03-29', 'TOF00000362', 'ПТ', 130600.00, 1.00, 33, '27', '2022-03-29', 'Без НДС', 'TOF00000138/2022', '2022-04-14'),
(353, '2022-04-01', 'TOF00000373', 'ПТ', 25642.51, 1.20, 92, '430/5023130', '2022-04-01', '', 'CNT00010679/2022', '2022-04-21'),
(354, '2022-03-31', 'TOF00000374', 'ПТ', 207165.00, 1.20, 56, 'TANCNT-048777', '2022-03-31', '', 'TOF00000147/2022', '2022-04-11'),
(355, '2022-03-30', 'TOF00000375', 'ПТ', 6329.20, 1.20, 79, '5', '2022-03-30', '', 'TOF00000135/2022', '2022-04-11'),
(356, '2022-04-04', 'TOF00000001 ЗП', 'ЗП', 0.33, 1.00, 120, 'ЗП', '2022-04-04', 'Плата за выбросы', 'TOF00000130/2022', '2022-04-06'),
(357, '2022-04-04', 'TOF00000002 ЗП', 'ЗП', 233.69, 1.00, 120, 'ЗП', '2022-04-04', 'Плата за размещение отходов', 'TOF00000131/2022', '2022-04-06'),
(358, '2022-04-04', 'TOF00000003 ЗП', 'ПТ', 61.99, 1.00, 120, 'ЗП', '2022-04-04', 'Плата за размещение отходов', 'TOF00000132/2022', '2022-04-06'),
(359, '2022-04-01', 'TOF00000380', 'ПТ', 23385.00, 1.20, 18, '88', '2022-03-28', '', 'CNT00010582/2022', '2022-04-14'),
(360, '2022-03-31', 'TOF00000376', 'ПТ', 5000.00, 1.20, 54, '2804', '2022-03-31', '', 'TOF00000139/2022', '2022-04-15'),
(361, '2022-03-31', 'TOF00000378', 'ПТ', 20600.00, 1.00, 85, '82', '2022-03-31', 'Питание март 2022год', 'TOF00000142/2022', '2022-04-15'),
(362, '2022-04-01', 'TOF00000385', 'ПТ', 69730.00, 1.20, 15, '1196', '2022-03-31', '', 'TOF00000154/2022', '2022-05-04'),
(363, '2022-04-01', 'TOF00000386', 'ПТ', 80670.00, 1.20, 15, '1195', '2022-03-31', '', 'TOF00000154/2022', '2022-05-04'),
(364, '2022-04-01', 'TOF00000387', 'ПТ', 39660.15, 1.20, 15, '1194', '2022-03-31', '', 'TOF00000154/2022', '2022-05-04'),
(365, '2022-04-01', 'TOF00000008 АО', 'АО', 1346.74, 1.20, 119, 'АО', '2022-04-01', '', 'TOF00000143/2022', '2022-04-07'),
(366, '2022-04-05', 'TOF00000391', 'ПТ', 30518.00, 1.20, 58, '9592', '2022-04-05', '', 'TOF00000144/2022', '2022-04-15'),
(367, '2022-04-05', 'TOF00000392', 'ПТ', 17340.00, 1.20, 58, '9593', '2022-04-05', '', 'TOF00000144/2022', '2022-04-15'),
(368, '2022-04-06', 'TOF00000393', 'ПТ', 28462.50, 1.20, 18, '100', '2022-04-04', '', 'CNT00010739/2022', '2022-04-20'),
(369, '2022-04-07', 'TOF00000403', 'ПТ', 5400.00, 1.20, 13, '559', '2022-04-07', '', 'TOF00000159/2022', '2022-04-25'),
(370, '2022-04-01', 'TOF00000401', 'ПТ', 4007.52, 1.20, 4, 'Б/Н', '2022-03-31', '', 'TOF00000152/2022', '2022-04-29'),
(371, '2022-04-01', 'TOF00000402', 'ПТ', 2662.54, 1.20, 4, '100872068739', '2022-03-31', 'мобил. связь', 'TOF00000153/2022', '2022-04-29'),
(372, '2022-04-01', 'TOF00000400', 'ПТ', 21000.00, 1.00, 2, '12040', '2022-03-31', 'Без НДС', 'TOF00000151/2022', '2022-05-04'),
(373, '2022-04-01', 'TOF00000399', 'ПТ', 19141.25, 1.20, 63, 'КУ03-018774', '2022-03-31', '', 'TOF00000146/2022', '2022-04-11'),
(374, '2022-04-01', 'TOF00000404', 'ПТ', 95180.00, 1.00, 99, '12А', '2022-03-29', '', 'CNT00010740/2022', '2022-04-15'),
(375, '2022-04-01', 'TOF00000405', 'ПТ', 116760.00, 1.00, 99, '14А', '2022-03-29', '', 'CNT00010740/2022', '2022-04-15'),
(376, '2022-04-07', 'TOF00000406', 'ПТ', 1794.81, 1.20, 92, '430/5023260-1', '2022-04-07', '', 'CNT00010844/2022', '2022-04-27'),
(377, '2022-04-08', 'TOF00000407', 'ПТ', 130510.00, 1.20, 20, 'Б-0000004097', '2022-04-04', '', 'CNT00010892/2022', '2022-04-29'),
(378, '2022-04-08', 'TOF00000408', 'ПТ', 15228.00, 1.20, 20, 'Б-0000004099', '2022-04-04', '', 'CNT00010892/2022', '2022-04-29'),
(379, '2022-04-08', 'TOF00000410', 'ПТ', 18360.00, 1.20, 20, 'Б-0000004095', '2022-04-04', '', 'CNT00010892/2022', '2022-04-29'),
(380, '2022-04-08', 'TOF00000411', 'ПТ', 6134.00, 1.20, 20, 'Б-0000004100', '2022-04-04', '', 'CNT00010892/2022', '2022-04-29'),
(381, '2022-04-08', 'TOF00000412', 'ПТ', 41406.50, 1.20, 20, 'Б-0000004096', '2022-04-04', '', 'CNT00010892/2022', '2022-04-29'),
(382, '2022-04-01', 'TOF00000409', 'ПТ', 54600.00, 1.20, 15, '1197', '2022-03-31', '', 'TOF00000154/2022', '2022-05-04'),
(383, '2022-04-01', 'TOF00000421', 'ПТ', 10689.43, 1.20, 22, '00БУ-000215', '2022-01-31', '', 'TOF00000155/2022', '2022-04-15'),
(384, '2022-04-01', 'TOF00000422', 'ПТ', 42648.55, 1.20, 22, '00БУ-000136', '2022-01-24', '', 'TOF00000155/2022', '2022-04-15'),
(385, '2022-04-01', 'TOF00000423', 'ПТ', 17226.07, 1.20, 22, '00БУ-000091', '2022-01-18', '', 'TOF00000155/2022', '2022-04-15'),
(386, '2022-04-01', 'TOF00000424', 'ПТ', 60066.31, 1.20, 22, '00БУ-000090', '2022-01-18', '', 'TOF00000155/2022', '2022-04-15'),
(387, '2022-04-01', 'TOF00000425', 'ПТ', 43650.11, 1.20, 22, '00БУ-000340', '2022-02-10', '', 'TOF00000155/2022', '2022-04-15'),
(388, '2022-04-01', 'TOF00000426', 'ПТ', 10838.12, 1.20, 22, '00БУ-000288', '2022-02-04', '', 'TOF00000156/2022', '2022-04-18'),
(389, '2022-04-01', 'TOF00000427', 'ПТ', 4108.87, 1.20, 22, '00БУ-000292', '2022-02-07', '', 'TOF00000175/2022', '2022-04-26'),
(390, '2022-04-01', 'TOF00000428', 'ПТ', 10689.43, 1.20, 22, '00БУ-000843', '2022-03-21', '', 'TOF00000156/2022', '2022-04-18'),
(391, '2022-04-01', 'TOF00000429', 'ПТ', 40780.33, 1.20, 22, '00БУ-000706', '2022-03-11', '', 'TOF00000156/2022', '2022-04-18'),
(392, '2022-04-01', 'TOF00000430', 'ПТ', 34051.79, 1.20, 22, '00БУ-000793', '2022-03-18', '', 'TOF00000156/2022', '2022-04-18'),
(393, '2022-03-31', 'TTF00004551', 'ПТ', 223200.00, 1.20, 115, '550', '2022-03-31', 'Дежурство охранных агенств  за март 2021', 'TTF00047596/2022', '2022-04-14'),
(394, '2022-04-12', 'TOF00000431', 'ПТ', 8281.15, 1.20, 92, '430/5023302', '2022-04-12', '', 'CNT00011157/2022', '2022-05-04'),
(395, '2022-04-01', 'TOF00000433', 'ПТ', 36000.00, 1.00, 21, '374', '2022-03-15', 'Без НДС', 'TOF00000208/2022', '2022-05-31'),
(396, '2022-04-07', 'TOF00000435', 'ПТ', 103620.00, 1.20, 1, '58', '2022-04-07', '', 'TOF00000158/2022', '2022-04-22'),
(397, '2022-04-12', 'TOF00000437', 'ПТ', 8250.00, 1.00, 49, '26', '2022-04-12', 'Без НДС', 'TOF00000160/2022', '2022-04-29'),
(398, '2022-04-05', 'TOF00000438', 'ПТ', 7774.80, 1.20, 92, '430/5023150', '2022-04-05', '', 'CNT00010930/2022', '2022-04-26'),
(399, '2022-04-05', 'TOF00000439', 'ПТ', 7001.57, 1.20, 92, '430/5023227', '2022-04-05', '', 'CNT00010930/2022', '2022-04-26'),
(400, '2022-04-05', 'TOF00000420', 'ПТ', 83550.00, 1.00, 62, '331', '2022-04-05', 'Без НДС', 'TOF00000157/2022', '2022-04-14'),
(401, '2021-09-01', 'TOF00001240', 'ПТ', 174326.00, 1.20, 91, '86', '2021-09-01', '', 'TOF00000853/2021', '2021-10-01'),
(402, '2021-11-15', 'CNT00000275', 'ПТ', 37800.00, 1.20, 112, '365', '2021-09-06', '', 'CNT00006987/2021', '2021-12-02'),
(403, '2021-12-08', 'CNT00000312', 'ПТ', 34080.00, 1.20, 112, '547', '2021-11-30', '', 'CNT00007505/2021', '2021-12-20'),
(404, '2021-08-31', 'TTF00006532', 'ПТ', 5070.38, 1.20, 72, '16', '2021-06-18', '', 'TTF00037688/2021', '2021-08-31'),
(405, '2021-12-21', 'TOF00001346', 'ПТ', 280000.00, 1.00, 9, '95', '2021-12-21', 'Без НДС', 'TOF00000047/2022', '2022-02-22'),
(406, '2021-12-20', 'CNT00000383', 'ПТ', 25600.00, 1.00, 9, '91', '2021-12-08', 'Без НДС', 'TOF00000047/2022', '2022-02-22'),
(407, '2021-10-01', 'CNT00000119', 'ПТ', 48000.00, 1.00, 43, '7118', '2021-09-28', 'обучение', 'CNT00005892/2021', '2021-11-01'),
(408, '2021-11-12', 'CNT00000279', 'ПТ', 5800.00, 1.00, 43, '8466', '2021-11-12', 'обучение', 'CNT00007638/2021', '2021-12-20'),
(409, '2021-09-28', 'CNT00000056', 'ПТ', 353256.00, 1.20, 75, '772', '2021-09-07', '', 'TOF00000876/2021', '2021-10-14'),
(410, '2021-08-27', 'TOF00000033 ЗП', 'ЗП', 6840.00, 1.20, 90, '38503/150', '2021-08-24', '', 'TOF00000832/2021', '2021-09-01'),
(411, '2022-04-15', 'TOF00000447', 'ПТ', 34572.00, 1.20, 1, '62', '2022-04-13', '', 'TOF00000162/2022', '2022-05-04'),
(412, '2022-04-14', 'TOF00000448', 'ПТ', 9360.00, 1.20, 1, '64', '2022-04-14', '', 'TOF00000161/2022', '2022-04-29'),
(413, '2022-04-01', 'TOF00000444', 'ПТ', 109680.54, 1.20, 22, '00БУ-000431', '2022-02-21', '', 'TOF00000163/2022', '2022-04-19'),
(414, '2022-04-01', 'TOF00000445', 'ПТ', 124248.60, 1.20, 5, '509', '2022-03-31', 'Услуги по аустафингу', 'TOF00000180/2022', '2022-05-12'),
(415, '2022-04-01', 'TOF00000446', 'ПТ', 125668.58, 1.20, 5, '540', '2022-03-31', 'Услуги по аустафингу', 'TOF00000181/2022', '2022-05-12'),
(416, '2022-04-12', 'TOF00000434', 'ПТ', 5235.00, 1.20, 15, '1311', '2022-04-12', '', 'TOF00000165/2022', '2022-05-13'),
(417, '2021-11-22', 'CNT00000140', 'ПТ', 13500.00, 1.00, 49, '17', '2021-10-18', 'Без НДС', 'CNT00007065/2021', '2021-12-08'),
(418, '2021-11-19', 'CNT00000238', 'ПТ', 2845.00, 1.00, 50, '1932', '2021-11-19', 'Без НДС', 'TOF00000017/2022', '2022-01-18'),
(419, '2021-09-26', 'TOF00000024 ЗП', 'ЗП', 4992.00, 1.20, 51, '31-797 СЛТ', '2021-04-21', '', 'TOF00000731/2021', '2021-06-30'),
(420, '2022-04-18', 'TOF00000010 АО', 'АО', 505.80, 1.20, 119, 'АО', '2022-04-18', 'Отправка документов Голод Д.Н. и Ярдаева Т.Б.', 'TOF00000166/2022', '2022-04-20'),
(421, '2022-04-15', 'TOF00000460', 'ПТ', 121800.00, 1.00, 33, '32', '2022-04-15', 'Без НДС', 'TOF00000167/2022', '2022-05-04'),
(422, '2022-04-19', 'TOF00000010 ЗП', 'ЗП', 1428.64, 1.20, 48, 'МСК-290677/507', '2022-03-31', '', 'TOF00000168/2022', '2022-04-21'),
(423, '2021-06-11', 'TOF00000826', 'ПТ', 4983.34, 1.00, 81, '98', '2021-06-11', '', 'TOF00000707/2021', '2021-06-17'),
(424, '2021-12-01', 'CNT00000290', 'ПТ', 1355.00, 1.00, 109, 'НФНФ-1283', '2021-11-19', 'Без НДС', 'TOF00000034/2022', '2022-01-31'),
(425, '2021-07-31', 'TOF00001039', 'ПТ', 7000.00, 1.20, 53, '710', '2021-07-31', '', 'TOF00000797/2021', '2021-08-16'),
(426, '2021-08-31', 'TOF00001198', 'ПТ', 7000.00, 1.20, 53, '864', '2021-08-31', '', 'TOF00000848/2021', '2021-09-15'),
(427, '2021-09-30', 'CNT00000004', 'ПТ', 7000.00, 1.20, 53, '957', '2021-09-30', '', 'TOF00000881/2021', '2021-10-15'),
(428, '2021-12-01', 'CNT00000329', 'ПТ', 7000.00, 1.20, 53, '1059', '2021-10-31', '', 'CNT00007358/2021', '2021-12-16'),
(429, '2021-12-01', 'TOF00001348', 'ПТ', 7000.00, 1.20, 53, '1190', '2021-11-30', '', 'TOF00000915/2021', '2021-12-28'),
(430, '2021-12-31', 'CNT00000371', 'ПТ', 7000.00, 1.20, 53, '1294', '2021-12-31', '', 'TOF00000012/2021', '2022-01-17'),
(431, '2021-06-15', 'TOF00000801', 'ПТ', 131140.00, 1.00, 55, '13', '2021-06-03', 'Без НДС, замена напольного покрытия', 'TOF00000708/2021', '2021-06-22'),
(432, '2021-06-15', 'TOF00000841', 'ПТ', 189770.00, 1.00, 55, '14', '2021-06-15', 'Без НДС, замена напольного покрытия', 'TOF00000725/2021', '2021-07-01'),
(433, '2021-06-25', 'TOF00000893', 'ПТ', 117100.00, 1.00, 55, '15', '2021-06-25', 'Без НДС, замена напольного покрытия', 'TOF00000736/2021', '2021-07-12'),
(434, '2021-06-29', 'TOF00000907', 'ПТ', 89340.00, 1.00, 55, '16', '2021-06-29', 'Без НДС, замена напольного покрытия', 'TOF00000744/2021', '2021-07-15');
INSERT INTO `receipt` (`id`, `date`, `number`, `type`, `sum`, `vat`, `id_partner`, `num_doc`, `date_doc`, `note`, `num_pay`, `date_pay`) VALUES
(435, '2021-07-08', 'TOF00000973', 'ПТ', 17850.00, 1.00, 55, '17', '2021-07-08', 'Без НДС, замена напольного покрытия', 'TOF00000754/2021', '2021-07-23'),
(436, '2021-07-08', 'TOF00000975', 'ПТ', 78675.00, 1.00, 55, '18', '2021-07-08', 'Без НДС, замена напольного покрытия', 'TOF00000754/2021', '2021-07-23'),
(437, '2021-07-13', 'TOF00000997', 'ПТ', 140400.00, 1.00, 55, '19', '2021-07-13', 'Без НДС, Окраска стен водоэмульсионным составом в 3 слоя (Окраска стен водоэмульсионным составом в 3 слоя в производственных помещениях)', 'TOF00000761/2021', '2021-07-30'),
(438, '2021-07-14', 'TOF00001004', 'ПТ', 155000.00, 1.00, 55, '20', '2021-07-14', 'Без НДС, Ремонтно-восстановительные работы лакокрасочного покрытия металлоконструкций (лестничные площадки/марш)', 'TOF00000761/2021', '2021-07-30'),
(440, '2021-12-08', 'CNT00000330', 'ПТ', 28314.00, 1.20, 58, '9066', '2021-12-08', '', 'CNT00007415/2021', '2021-12-20'),
(441, '2021-12-09', 'CNT00000344', 'ПТ', 51770.00, 1.00, 99, '59А', '2021-11-30', '', 'CNT00007737/2021', '2021-12-23'),
(442, '2021-09-23', 'CNT00000035', 'ПТ', 77990.40, 1.20, 89, '83172/6321', '2021-09-23', '', 'TOF00000874/2021', '2021-10-13'),
(443, '2021-09-23', 'CNT00000036', 'ПТ', 148767.60, 1.20, 89, '83175/6321', '2021-09-23', '', 'TOF00000874/2021', '2021-10-13'),
(444, '2021-09-23', 'CNT00000037', 'ПТ', 8705.40, 1.20, 89, '83181/6321', '2021-09-23', '', 'TOF00000874/2021', '2021-10-13'),
(445, '2021-08-23', 'TOF00001208', 'ПТ', 2621.60, 1.20, 79, '13', '2021-08-23', '', 'TOF00000834/2021', '2021-08-31'),
(446, '2021-09-01', 'TOF00001262', 'ПТ', 15424.80, 1.20, 79, '15', '2021-08-31', '', 'TOF00000859/2021', '2021-09-15'),
(447, '2021-10-01', 'CNT00000113', 'ПТ', 14318.80, 1.20, 79, '18', '2021-09-30', '', 'TOF00000892/2021', '2021-10-19'),
(448, '2021-11-01', 'TOF00001336', 'ПТ', 8560.40, 1.20, 79, '21', '2021-10-31', '', 'TOF00000909/2021', '2021-11-16'),
(449, '2021-12-01', 'CNT00000295', 'ПТ', 7624.80, 1.20, 79, '23', '2021-11-30', '', 'CNT00007283/2021', '2021-12-09'),
(450, '2021-12-31', 'TOF00001392', 'ПТ', 8956.68, 1.20, 79, '26', '2021-12-31', '', 'TOF00000028/2022', '2022-01-25'),
(451, '2022-04-12', 'TOF00000465', 'ПТ', 7617.09, 1.20, 15, '1310', '2022-04-12', '', 'TOF00000165/2022', '2022-05-13'),
(452, '2022-04-13', 'TOF00000467', 'ПТ', 40085.50, 1.20, 18, '104', '2022-04-11', '', 'CNT00011114/2022', '2022-04-28'),
(453, '2021-12-20', 'TOF00001337', 'ПТ', 161700.00, 1.20, 110, '4065', '2021-12-13', '', 'CNT00008081/2022', '2022-01-18'),
(454, '2021-12-20', 'TOF00001343', 'ПТ', 5750.00, 1.20, 110, '4066', '2021-12-13', '', 'CNT00008081/2022', '2022-01-18'),
(455, '2021-08-26', 'TOF00001209', 'ПТ', 33444.00, 1.20, 70, '9457', '2021-08-18', '', 'TOF00000840/2021', '2021-09-09'),
(456, '2021-05-01', 'TOF00000749', 'ПТ', 44880.00, 1.20, 5, '00002265', '2021-04-30', 'Услуги по аустафингу', 'TOF00000686/2021', '2021-06-01'),
(457, '2021-08-01', 'TOF00001008', 'ПТ', 17952.00, 1.20, 5, '2574', '2021-06-30', 'Услуги по аустафингу', 'TOF00000762/2021', '2021-08-05'),
(458, '2021-08-01', 'TOF00001183', 'ПТ', 23743.15, 1.20, 5, '2792', '2021-07-31', 'Услуги по аустафингу', 'TOF00000827/2021', '2021-08-31'),
(459, '2021-09-30', 'CNT00000074', 'ПТ', 27400.00, 1.00, 85, '286', '2021-09-30', 'Питание сентябрь 2021', 'TOF00000882/2021', '2021-10-18'),
(460, '2021-10-31', 'CNT00000201', 'ПТ', 36200.00, 1.00, 85, '326', '2021-10-31', 'Питание октябрь 2021', 'TOF00000900/2021', '2021-11-17'),
(461, '2021-11-30', 'CNT00000289', 'ПТ', 18400.00, 1.00, 85, '369', '2021-11-30', 'Питание ноябрь 2021', 'CNT00007325/2021', '2021-12-15'),
(462, '2021-12-31', 'TOF00001397', 'ПТ', 25000.00, 1.00, 85, '396', '2021-12-31', 'Питание декабрь 2021', 'TOF00000011/2022', '2022-01-17'),
(463, '2021-08-06', 'TOF00001143', 'ПТ', 93162.14, 1.20, 93, '5781', '2021-08-03', '', 'CNT00003804/2021', '2021-10-13'),
(464, '2021-12-21', 'TOF00001374', 'ПТ', 14000.00, 1.20, 103, '467', '2021-12-21', '', 'TOF00000019/2022', '2022-01-26'),
(465, '2021-12-01', 'TOF00001352', 'ПТ', 60060.19, 1.20, 82, '431', '2021-11-26', 'закольцовка пожарной системы', 'TOF00000917/2021', '2021-12-29'),
(466, '2021-12-17', 'TOF00001342', 'ПТ', 14824.90, 1.20, 92, '430/5022386-87/404', '2021-12-17', '', 'CNT00008644/2022', '2022-01-31'),
(467, '2021-09-17', 'CNT00000013', 'ПТ', 48600.00, 1.20, 10, '59964/7', '2021-09-13', '', 'CNT00004814/2021', '2021-10-06'),
(468, '2021-07-14', 'TOF00001005', 'ПТ', 69720.00, 1.20, 76, '134', '2021-07-13', '', 'CNT00003258/2021', '2021-08-09'),
(469, '2021-07-14', 'TOF00001006', 'ПТ', 42480.41, 1.20, 76, '135', '2021-07-13', '', 'CNT00003258/2021', '2021-08-09'),
(470, '2021-07-14', 'TOF00001007', 'ПТ', 48364.27, 1.20, 76, '136', '2021-07-13', '', 'CNT00003258/2021', '2021-08-09'),
(471, '2022-04-20', '2022-04-20-1 ПОШЛИНА', 'ПТ', 1300.00, 1.20, 122, 'Б/Н', '2022-04-20', 'КАЗАКОВ ВЛАДИМИР АНАТОЛЬЕВИЧ', 'TOF00000169/2022', '2022-04-21'),
(472, '2022-04-20', '2022-04-20-2 ПОШЛИНА', 'ПТ', 1300.00, 1.20, 122, 'Б/Н', '2022-04-20', 'ДВОЙНИШНИКОВ НИКОЛАЙ ВЛАДИМИРОВИЧ', 'TOF00000170/2022', '2022-04-21'),
(473, '2022-04-01', 'TOF00000472', 'ПТ', 204.98, 1.00, 114, '3', '2022-03-31', 'март 2022', 'TOF00000171/2022', '2022-04-22'),
(474, '2022-04-21', 'TOF00000013 ЗП', 'ЗП', 1000.00, 1.20, 3, '054023у00007308', '2022-04-21', '', 'TOF00000172/2022', '2022-04-26'),
(475, '2022-04-21', 'TOF00000014 ЗП', 'ЗП', 2580.00, 1.20, 3, '054023у00007309', '2022-04-21', '', 'TOF00000173/2022', '2022-04-26'),
(476, '2022-04-21', 'TOF00000015 ЗП', 'ЗП', 3180.00, 1.20, 3, '054023у00007307', '2022-04-21', '', 'TOF00000174/2022', '2022-04-26'),
(477, '2022-04-22', 'TOF00000011 АО', 'АО', 252.90, 1.20, 119, 'АО', '2022-04-22', '', 'TOF00000176/2022', '2022-04-26'),
(478, '2022-04-21', 'TOF00000480', 'ПТ', 13210.20, 1.20, 89, '31482/6321', '2022-04-21', '', 'TOF00000177/2022', '2022-05-05'),
(479, '2022-04-21', 'TOF00000481', 'ПТ', 6625.20, 1.20, 89, '31477/6321', '2022-04-21', '', 'TOF00000177/2022', '2022-05-05'),
(480, '2022-04-20', 'TOF00000011 ЗП', 'ЗП', 56670.00, 1.20, 121, '19', '2022-04-14', '', 'CNT00011002/2022', '2022-04-26'),
(481, '2022-04-20', 'TOF00000012 ЗП', 'ЗП', 14820.00, 1.20, 121, '20', '2022-04-14', '', 'CNT00011002/2022', '2022-04-26'),
(483, '2022-04-12', 'TOF00000482', 'ПТ', 13140.00, 1.20, 15, '1309', '2022-04-12', '', 'TOF00000190/2022', '2022-05-16'),
(484, '2022-04-21', 'TOF00000496', 'ПТ', 62981.77, 1.00, 50, '830', '2022-04-21', 'Без НДС', 'TOF00000240/2022', '2022-06-21'),
(485, '2022-04-25', 'TOF00000506', 'ПТ', 48000.00, 1.20, 123, 'УТ-564', '2022-04-20', '', 'CNT00011535/2022', '2022-05-11'),
(486, '2022-04-25', 'TOF00000511', 'ПТ', 362000.00, 1.20, 106, '50', '2022-04-14', 'Упд', 'CNT00011465/2022', '2022-05-11'),
(487, '2022-04-26', 'TOF00000491', 'ПТ', 21226.08, 1.20, 15, '1433', '2022-04-25', '', 'TOF00000201/2022', '2022-05-27'),
(488, '2022-04-26', 'TOF00000494', 'ПТ', 5994.00, 1.20, 15, '1432', '2022-04-25', '', 'TOF00000201/2022', '2022-05-27'),
(489, '2022-04-26', 'TOF00000495', 'ПТ', 10114.23, 1.20, 15, '1431', '2022-04-25', '', 'TOF00000201/2022', '2022-05-27'),
(490, '2022-04-26', 'TOF00000499', 'ПТ', 10800.00, 1.20, 13, '793', '2022-04-26', 'Упд', 'TOF00000184/2022', '2022-05-16'),
(491, '2022-04-27', 'TOF00000508', 'ПТ', 53460.00, 1.20, 17, '246', '2022-04-22', '', 'CNT00011694/2022', '2022-05-16'),
(492, '2022-04-27', 'TOF00000509', 'ПТ', 6906.00, 1.20, 17, '245', '2022-04-22', '', 'CNT00011694/2022', '2022-05-16'),
(493, '2022-04-27', 'TOF00000507', 'ПТ', 10160.80, 1.20, 79, '7', '2022-04-27', '', 'TOF00000186/2022', '2022-05-16'),
(494, '2022-04-30', 'TOF00000459', 'ПТ', 7000.00, 1.20, 53, '357', '2022-04-30', '', 'TOF00000193/2022', '2022-05-17'),
(495, '2022-04-30', 'TOF00000500', 'ПТ', 49500.00, 1.20, 13, '507', '2022-04-30', 'Упд', 'TOF00000184/2022', '2022-05-16'),
(496, '2022-04-30', 'TOF00000501', 'ПТ', 21360.00, 1.20, 56, 'TANGKC-002685', '2022-04-30', 'ФСБУ 25 Аренда БУ Дт 76.07.1 Кт 76.07.2 1!!! см ФСБУ 25', 'TOF00000187/2022', '2022-05-16'),
(497, '2022-04-30', 'TOF00000502', 'ПТ', 23925.00, 1.00, 29, '103', '2022-04-30', 'Без НДС', 'TOF00000214/2022', '2022-05-31'),
(498, '2022-04-30', 'TOF00000503', 'ПТ', 2998.00, 1.20, 52, '00ГУ-003709', '2022-04-30', '', 'TOF00000207/2022', '2022-05-30'),
(499, '2022-04-30', 'TOF00000512', 'ПТ', 120000.00, 1.00, 33, '40', '2022-04-30', 'Без НДС', 'TOF00000191/2022', '2022-05-17'),
(500, '2022-04-30', 'TOF00000513', 'ПТ', 22620.00, 1.00, 85, '106', '2022-04-30', 'Питание апрель 2022год', 'TOF00000195/2022', '2022-05-17'),
(501, '2022-04-30', 'TOF00000522', 'ПТ', 52147.50, 1.20, 56, 'TANCNT-067808', '2022-04-30', 'ответ.хранение', 'TOF00000188/2022', '2022-05-16'),
(502, '2022-05-01', 'TOF00000532', 'ПТ', 32700.00, 1.00, 83, '161', '2022-04-27', 'Без НДС', 'TOF00000196/2022', '2022-05-18'),
(503, '2022-05-01', 'TOF00000535', 'ПТ', 236.86, 1.00, 114, '4', '2022-04-30', 'апрель 2022', 'TOF00000183/2022', '2022-05-13'),
(504, '2022-05-01', 'TOF00000545', 'ПТ', 28711.68, 1.20, 63, 'КУ04-019287', '2022-04-30', '', 'TOF00000189/2022', '2022-05-17'),
(505, '2022-05-01', 'TOF00000546', 'ПТ', 14000.00, 1.00, 2, '12329', '2022-04-30', 'Без НДС', 'TOF00000210/2022', '2022-05-31'),
(506, '2022-05-01', 'TOF00000547', 'ПТ', 179880.00, 1.00, 2, '12227', '2022-04-30', 'биоотходы  без НДС', 'TOF00000210/2022', '2022-05-31'),
(507, '2022-05-06', 'TOF00000534', 'ПТ', 5117.00, 1.20, 15, '1513', '2022-05-05', '', 'TOF00000219/2022', '2022-06-06'),
(508, '2022-05-06', 'TOF00000540', 'ПТ', 67680.00, 1.20, 15, '1510', '2022-05-05', '', 'TOF00000219/2022', '2022-06-06'),
(509, '2022-05-06', 'TOF00000541', 'ПТ', 144514.10, 1.20, 15, '1512', '2022-05-05', '', 'TOF00000219/2022', '2022-06-06'),
(510, '2022-04-01', 'TOF00000484', 'ПТ', 6435.00, 1.20, 108, '48', '2022-02-28', '', 'TOF00000179/2022', '2022-04-29'),
(511, '2022-05-06', 'TOF00000012 АО', 'АО', 1149.16, 1.20, 119, 'АО', '2022-05-06', 'Отправка сшивов в г. Краснодар', 'TOF00000182/2022', '2022-05-13'),
(512, '2022-05-01', 'TOF00000548', 'ПТ', 6480.00, 1.00, 83, '148', '2022-04-25', 'Без НДС', 'TOF00000196/2022', '2022-05-18'),
(513, '2022-05-11', 'TOF00000013 АО', 'АО', 252.90, 1.20, 119, 'АО', '2022-05-11', 'Отправка документов Щербаков С.А..', 'TOF00000185/2022', '2022-05-16'),
(514, '2022-05-01', 'TOF00000552', 'ПТ', 65772.36, 1.20, 22, '00БУ-000920', '2022-02-25', '', 'TOF00000197/2022', '2022-05-18'),
(515, '2022-05-01', 'TOF00000556', 'ПТ', 19168.03, 1.20, 22, '00БУ-001444', '2022-04-28', '', 'TOF00000202/2022', '2022-05-30'),
(516, '2022-05-01', 'TOF00000557', 'ПТ', 69265.82, 1.20, 22, '00БУ-001445', '2022-04-28', '', 'TOF00000202/2022', '2022-05-30'),
(517, '2022-05-11', 'TOF00000558', 'ПТ', 49920.00, 1.20, 25, '1128', '2022-04-28', '', 'CNT00011732/2022', '2022-06-01'),
(518, '2022-05-01', 'TOF00000531', 'ПТ', 5000.00, 1.20, 54, '3860', '2022-04-30', '', 'TOF00000194/2022', '2022-05-17'),
(519, '2022-05-13', 'TOF00000016 ЗП', 'ЗП', 1610.40, 1.20, 48, 'МСК-394104/507', '2022-04-30', '', 'TOF00000192/2022', '2022-05-17'),
(520, '2022-05-13', 'TOF00000560', 'ПТ', 12966.99, 1.20, 15, '1553', '2022-05-12', '', 'TOF00000232/2022', '2022-06-14'),
(521, '2022-05-13', 'TOF00000561', 'ПТ', 83626.00, 1.20, 15, '1556', '2022-05-12', '', 'TOF00000232/2022', '2022-06-14'),
(522, '2022-05-04', 'TOF00000554', 'ПТ', 5000.00, 1.00, 16, '114', '2022-05-04', '', 'TOF00000200/2022', '2022-05-26'),
(523, '2022-05-01', 'TOF00000562', 'ПТ', 144483.37, 1.20, 5, '541', '2022-04-30', 'Услуги по аустафингу', 'TOF00000215/2022', '2022-06-07'),
(524, '2022-05-01', 'TOF00000564', 'ПТ', 4007.52, 1.20, 4, 'Б/Н', '2022-04-30', '', 'TOF00000211/2022', '2022-05-31'),
(525, '2022-05-01', 'TOF00000565', 'ПТ', 2686.27, 1.20, 4, '100879727957', '2022-04-30', 'мобил. связь', 'TOF00000212/2022', '2022-05-31'),
(526, '2022-05-01', 'TOF00000566', 'ПТ', 1.20, 1.20, 4, '100879727957', '2022-04-30', 'пени мобил. связь', 'TOF00000212/2022', '2022-05-31'),
(527, '2022-05-05', 'TOF00000563', 'ПТ', 52800.00, 1.00, 62, '443', '2022-05-05', 'Без НДС', 'TOF00000198/2022', '2022-05-17'),
(528, '2022-05-13', 'TOF00000017 ЗП', 'ЗП', 57188.52, 1.20, 26, 'ЗП', '2022-05-13', 'Счет №272 от 22.04.2022', 'CNT00011536/2022', '2022-05-18'),
(529, '2022-05-11', 'TOF00000570', 'ПТ', 5100.00, 1.00, 83, '180', '2022-05-11', 'Без НДС', 'TOF00000199/2022', '2022-05-27'),
(530, '2022-05-06', 'TOF00000575', 'ПТ', 36000.00, 1.20, 116, '37', '2022-05-06', '', 'TOF00000203/2022', '2022-05-23'),
(531, '2022-05-13', 'TOF00000576', 'ПТ', 85680.00, 1.20, 1, '75', '2022-05-13', '', 'TOF00000204/2022', '2022-05-30'),
(532, '2022-05-13', 'TOF00000578', 'ПТ', 49500.00, 1.20, 13, '900', '2022-05-13', 'Упд', 'TOF00000205/2022', '2022-05-30'),
(533, '2022-05-17', 'TOF00000580', 'ПТ', 21000.00, 1.20, 124, '695', '2022-05-12', '', 'CNT00011943/2022', '2022-06-01'),
(534, '2022-04-30', 'TTF00006057', 'ПТ', 233280.00, 1.20, 115, '859', '2022-04-30', '', 'TTF00048990/2022', '2022-05-19'),
(535, '2022-05-18', 'TOF00000582', 'ПТ', 4300.00, 1.20, 18, '130', '2022-05-11', '', 'CNT00012186/2022', '2022-06-02'),
(536, '2022-05-17', 'TOF00000583', 'ПТ', 59350.00, 1.20, 13, '958', '2022-05-17', 'Упд', 'TOF00000220/2022', '2022-06-02'),
(537, '2022-05-19', 'TOF00000584', 'ПТ', 7414.80, 1.20, 15, '1614', '2022-05-18', '', 'TOF00000226/2022', '2022-06-20'),
(538, '2022-05-20', 'TOF00000018 ЗП', 'ЗП', 6576.50, 1.20, 26, 'ЗП', '2022-05-19', 'Счет №334 от 19.05.2022', 'CNT00012013/2022', '2022-05-25'),
(539, '2022-05-15', 'TOF00000594', 'ПТ', 112800.00, 1.00, 33, '49', '2022-05-15', 'Без НДС', 'TOF00000209/2022', '2022-05-31'),
(540, '2022-05-18', 'TOF00000587', 'ПТ', 5830.00, 1.00, 12, '2300м', '2022-05-18', 'Без НДС', 'TOF00000228/2022', '2022-06-17'),
(541, '2022-05-20', 'TOF00000590', 'ПТ', 170580.00, 1.20, 89, '39570/6321', '2022-05-20', '', 'TOF00000213/2022', '2022-06-03'),
(542, '2022-05-20', 'TOF00000591', 'ПТ', 286743.60, 1.20, 89, '39576/6321', '2022-05-20', '', 'TOF00000213/2022', '2022-06-03'),
(543, '2022-05-01', 'TOF00000595', 'ПТ', 34685.73, 1.20, 22, '00БУ-001190', '2022-04-12', '', 'TOF00000202/2022', '2022-05-30'),
(544, '2022-05-01', 'TOF00000596', 'ПТ', 60277.27, 1.20, 22, '00БУ-001136', '2022-04-17', '', 'TOF00000202/2022', '2022-05-30'),
(545, '2022-05-01', 'TOF00000597', 'ПТ', 22560.90, 1.20, 22, '00БУ-000952', '2022-03-28', '', 'TOF00000202/2022', '2022-05-30'),
(546, '2022-05-20', 'TOF00000019 ЗП', 'ЗП', 6248.00, 1.00, 125, 'ЗП', '2022-05-20', 'счет 2001 7011 от 20.05.2022', 'TOF00000206/2022', '2022-06-02'),
(547, '2022-05-25', 'TOF00000020 ЗП', 'ЗП', 2000.00, 1.20, 3, '054023у00009248', '2022-05-25', '', 'TOF00000216/2022', '2022-05-27'),
(548, '2022-05-25', 'TOF00000021 ЗП', 'ЗП', 5160.00, 1.20, 3, '054023у00009249', '2022-05-25', '', 'TOF00000217/2022', '2022-05-27'),
(549, '2022-05-25', 'TOF00000022 ЗП', 'ЗП', 6360.00, 1.20, 3, '054023у00009247', '2022-05-25', '', 'TOF00000218/2022', '2022-05-27'),
(550, '2022-05-16', 'TOF00000607', 'ПТ', 36000.00, 1.00, 21, '780', '2022-05-16', 'Без НДС', 'TOF00000260/2022', '2022-07-15'),
(551, '2022-05-16', 'TOF00000608', 'ПТ', 8000.00, 1.00, 21, '680', '2022-04-29', 'Без НДС', 'TOF00000260/2022', '2022-07-15'),
(552, '2022-05-26', 'TOF00000612', 'ПТ', 12085.12, 1.20, 15, '1673', '2022-05-25', '', 'TOF00000234/2022', '2022-06-27'),
(553, '2022-05-26', 'TOF00000613', 'ПТ', 81915.53, 1.20, 15, '1679', '2022-05-26', '', 'TOF00000234/2022', '2022-06-27'),
(554, '2022-05-26', 'TOF00000614', 'ПТ', 1709.40, 1.20, 15, '1674', '2022-05-25', '', 'TOF00000234/2022', '2022-06-27'),
(555, '2022-05-13', 'TOF00000615', 'ПТ', 34560.29, 1.20, 22, '00БУ-001561', '2022-05-13', '', 'TOF00000222/2022', '2022-06-14'),
(556, '2022-05-26', 'TOF00000616', 'ПТ', 41613.62, 1.20, 42, '813', '2022-05-20', '', 'CNT00012375/2022', '2022-06-27'),
(557, '2022-05-31', 'TOF00000553', 'ПТ', 24000.00, 1.00, 29, '113', '2022-05-31', 'Без НДС', 'TOF00000262/2022', '2022-07-01'),
(558, '2022-05-31', 'TOF00000605', 'ПТ', 5000.00, 1.20, 54, '4783', '2022-05-31', '', 'TOF00000229/2022', '2022-06-15'),
(559, '2022-06-01', 'TOF00000617', 'ПТ', 7000.00, 1.20, 53, '357', '2022-05-31', '', 'TOF00000230/2022', '2022-06-16'),
(560, '2022-05-27', 'TOF00000620', 'ПТ', 46249.20, 1.20, 70, '5209', '2022-05-23', '', 'TOF00000221/2022', '2022-06-06'),
(561, '2022-05-25', 'CNT00000403 ЗП', 'ЗП', 328345.00, 1.20, 126, 'ЗП', '2022-05-25', 'Сч. №51 от 18.05.2022', 'CNT00012141/2022', '2022-05-30'),
(562, '2022-05-23', 'TOF00000629', 'ПТ', 34580.00, 1.20, 121, '17', '2022-05-16', '', 'CNT00012373/2022', '2022-06-07'),
(563, '2022-05-23', 'TOF00000630', 'ПТ', 132230.00, 1.20, 121, '16', '2022-05-16', '', 'CNT00012373/2022', '2022-06-07'),
(564, '2022-05-26', 'TOF00000631', 'ПТ', 76320.00, 1.20, 1, '83', '2022-05-26', '', 'TOF00000223/2022', '2022-06-10'),
(565, '2022-05-31', 'TOF00000636', 'ПТ', 130400.00, 1.00, 33, '57', '2022-05-31', 'Без НДС', 'TOF00000225/2022', '2022-06-16'),
(566, '2022-05-26', 'TOF00000637', 'ПТ', 9280.00, 1.00, 83, '188', '2022-05-26', 'Без НДС', 'TOF00000224/2022', '2022-06-14'),
(567, '2022-05-31', 'TOF00000628', 'ПТ', 21360.00, 1.20, 56, 'TANGKC-003378', '2022-05-31', 'ФСБУ 25 Аренда БУ Дт 76.07.1 Кт 76.07.2 1!!! см ФСБУ 25', 'TOF00000227/2022', '2022-06-10'),
(568, '2022-05-30', 'TOF00000644', 'ПТ', 72480.00, 1.20, 110, '1443', '2022-05-20', '', 'CNT00012374/2022', '2022-06-20'),
(569, '2022-06-02', 'TOF00000654', 'ПТ', 2301.39, 1.20, 15, '1728', '2022-06-01', '', 'TOF00000236/2022', '2022-07-04'),
(570, '2022-06-02', 'TOF00000655', 'ПТ', 190980.00, 1.20, 15, '1727', '2022-06-01', '', 'TOF00000236/2022', '2022-07-04'),
(571, '2022-06-02', 'TOF00000656', 'ПТ', 3324.72, 1.20, 15, '1726', '2022-06-01', '', 'TOF00000236/2022', '2022-07-04'),
(572, '2022-05-24', 'TOF00000598', 'ПТ', 128329.74, 1.20, 26, '286', '2022-05-20', '', 'CNT00012110/2022', '2022-06-07'),
(573, '2022-06-03', 'TOF00000653', 'ПТ', 15318.26, 1.20, 26, '314', '2022-05-31', '', 'CNT00012419/2022', '2022-06-17'),
(574, '2022-06-07', 'TOF00000664', 'ПТ', 2842.68, 1.20, 92, '430/301160', '2022-06-06', '', 'CNT00012489/2022', '2022-06-27'),
(575, '2022-06-07', 'TOF00000665', 'ПТ', 80500.00, 1.20, 7, '1765', '2022-04-28', '', 'CNT00012647/2022', '2022-06-21'),
(576, '2022-06-07', 'TOF00000666', 'ПТ', 5720.00, 1.20, 7, '1906', '2022-05-12', '', 'CNT00012647/2022', '2022-06-21'),
(577, '2022-06-07', 'TOF00000667', 'ПТ', 62658.00, 1.20, 7, '2099', '2022-05-26', '', 'CNT00012647/2022', '2022-06-21'),
(578, '2022-05-31', 'TOF00000643', 'ПТ', 172519.70, 1.20, 56, 'TANCNT-084008', '2022-05-31', '', 'TOF00000231/2022', '2022-06-10'),
(579, '2022-04-30', 'TTF00006242', 'ПТ', 2921.44, 1.20, 127, '263', '2022-03-31', 'Информационно-консультационные услуги за март 2022гг (Метрология)', 'TOF00000233/2022', '2022-07-11'),
(580, '2022-04-30', 'TTF00006243', 'ПТ', 2638.70, 1.20, 127, '337', '2022-04-30', 'Информационно-консультационные услуги за апрель 2022гг (Метрология)', 'TOF00000233/2022', '2022-07-11'),
(581, '2022-05-31', 'TTF00007961', 'ПТ', 2921.42, 1.20, 127, '439', '2022-05-31', 'Информационно-консультационные услуги за май 2022гг (Метрология)', 'TOF00000291/2022', '2022-08-01'),
(582, '2022-06-08', 'TOF00000670', 'ПТ', 4494.00, 1.20, 15, '1765', '2022-06-07', '', 'TOF00000259/2022', '2022-07-11'),
(583, '2022-06-07', 'TOF00000675', 'ПТ', 26619.00, 1.20, 24, '2577611-ТОЛ', '2022-06-05', '', 'CNT00013228/2022', '2022-07-07'),
(584, '2022-06-09', 'TOF00000023 ЗП', 'ЗП', 474.40, 1.20, 48, 'ЗП', '2022-06-09', 'сч.МСК-504335/507 от 31.05.2022 г', 'TOF00000235/2022', '2022-06-14'),
(585, '2022-06-03', 'TOF00000673', 'ПТ', 46500.00, 1.20, 13, '1079', '2022-06-03', '', 'TOF00000241/2022', '2022-06-20'),
(586, '2022-06-03', 'TOF00000677', 'ПТ', 28800.00, 1.00, 62, '536', '2022-06-03', 'Без НДС', 'TOF00000237/2022', '2022-06-14'),
(587, '2022-06-01', 'TOF00000687', 'ПТ', 67.28, 1.00, 114, '5', '2022-05-31', 'май 2022', 'TOF00000238/2022', '2022-06-14'),
(588, '2022-06-09', 'TOF00000014 АО', 'АО', 502.20, 1.20, 119, 'АО', '2022-06-09', 'Отправка документов Ермаков, Сырвачев', 'TOF00000239/2022', '2022-06-14'),
(589, '2022-06-01', 'TOF00000688', 'ПТ', 35000.00, 1.00, 2, '12634', '2022-05-31', 'Без НДС', 'TOF00000243/2022', '2022-07-01'),
(590, '2022-06-01', 'TOF00000689', 'ПТ', 8553.74, 1.20, 63, 'КУ05-018955', '2022-05-31', '', 'TOF00000242/2022', '2022-06-15'),
(592, '2022-05-31', 'TTF00007822', 'ПТ', 241056.00, 1.20, 115, '1043', '2022-05-31', '', 'TTF00050200/2022', '2022-06-15'),
(593, '2022-05-31', 'TOF00000641', 'ПТ', 33150.00, 1.00, 85, '120', '2022-05-31', 'Питание май 2022год', 'TOF00000244/2022', '2022-06-16'),
(594, '2022-06-01', 'TOF00000698', 'ПТ', 49163.57, 1.20, 22, '00БУ-001745', '2022-05-25', '', 'TOF00000246/2022', '2022-06-30'),
(595, '2022-06-14', 'TOF00000015 АО', 'АО', 2390.46, 1.20, 119, 'АО', '2022-06-14', 'Отправка сшивов в г. Краснодар', 'TOF00000245/2022', '2022-06-16'),
(596, '2022-06-14', 'TOF00000699', 'ПТ', 20918.40, 1.20, 92, '430/5023687-3', '2022-06-14', '', 'CNT00012851/2022', '2022-07-07'),
(597, '2022-06-14', 'TOF00000700', 'ПТ', 44040.00, 1.20, 1, '101', '2022-06-14', '', 'TOF00000248/2022', '2022-06-29'),
(598, '2022-06-15', 'TOF00000709', 'ПТ', 170036.78, 1.20, 17, '387', '2022-06-10', '', 'CNT00012707/2022', '2022-06-30'),
(599, '2022-06-30', 'TOF00000708', 'ПТ', 5000.00, 1.20, 54, '5730', '2022-06-30', '', 'TOF00000276/2022', '2022-07-15'),
(600, '2022-06-30', 'TOF00000676', 'ПТ', 25675.00, 1.00, 29, '151', '2022-06-30', 'Без НДС', 'TOF00000316/2022', '2022-08-02'),
(601, '2022-06-01', 'TOF00000706', 'ПТ', 2636.72, 1.20, 4, '100888663377', '2022-05-31', 'мобил. связь', 'TOF00000254/2022', '2022-06-30'),
(602, '2022-06-01', 'TOF00000707', 'ПТ', 4007.52, 1.20, 4, 'Б/Н', '2022-05-31', '', 'TOF00000253/2022', '2022-06-30'),
(603, '2022-06-06', 'TOF00000704', 'ПТ', 14000.00, 1.20, 103, '238', '2022-06-06', '', 'TOF00000258/2022', '2022-07-07'),
(604, '2022-06-01', 'TOF00000710', 'ПТ', 108554.50, 1.20, 128, '66', '2022-05-20', '', 'TOF00000249/2022', '2022-06-21'),
(605, '2022-06-16', 'TOF00000712', 'ПТ', 75925.60, 1.20, 30, '3836', '2022-06-15', '', 'TOF00000251/2022', '2022-07-01'),
(606, '2022-06-01', 'TOF00000713', 'ПТ', 15100.00, 1.00, 83, '190', '2022-05-24', 'Без НДС', 'TOF00000252/2022', '2022-06-21'),
(607, '2022-06-17', 'TOF00000025 ЗП', 'ЗП', 4992.00, 1.20, 51, 'ЗП', '2022-06-17', 'Счет №0000-000266 от 01.06.2022', 'TOF00000247/2022', '2022-06-21'),
(608, '2022-06-14', 'TOF00000717', 'ПТ', 31862.53, 1.20, 92, '430/5023713-4', '2022-06-14', '', 'CNT00012851/2022', '2022-07-07'),
(609, '2022-06-30', 'TOF00000718', 'ПТ', 7000.00, 1.20, 53, '489', '2022-06-30', '', 'TOF00000275/2022', '2022-07-15'),
(610, '2022-06-17', 'TOF00000719', 'ПТ', 5830.00, 1.00, 12, '2339м', '2022-06-17', 'Без НДС', 'TOF00000278/2022', '2022-07-18'),
(611, '2022-06-17', 'TOF00000725', 'ПТ', 11089.98, 1.20, 15, '1821', '2022-06-16', '', 'TOF00000280/2022', '2022-07-18'),
(612, '2022-06-17', 'TOF00000726', 'ПТ', 7468.69, 1.20, 15, '1823', '2022-06-16', '', 'TOF00000280/2022', '2022-07-18'),
(613, '2022-06-17', 'TOF00000728', 'ПТ', 27779.85, 1.20, 15, '1824', '2022-06-16', '', 'TOF00000280/2022', '2022-07-18'),
(614, '2022-06-17', 'TOF00000730', 'ПТ', 228000.00, 1.20, 15, '1822', '2022-06-16', '', 'TOF00000280/2022', '2022-07-18'),
(615, '2022-06-17', 'TOF00000731', 'ПТ', 49072.80, 1.20, 15, '1825', '2022-06-16', '', 'TOF00000280/2022', '2022-07-18'),
(616, '2022-06-20', 'TOF00000004 НЛГ', 'ЗП', 0.33, 1.00, 120, 'ЗП', '2022-06-20', 'Плата за выбросы', 'TOF00000255/2022', '2022-07-04'),
(617, '2022-06-20', 'TOF00000005 НЛГ', 'ЗП', 233.69, 1.00, 120, 'ЗП', '2022-06-20', 'Плата за размещение отходов', 'TOF00000256/2022', '2022-07-04'),
(618, '2022-06-20', 'TOF00000006 НЛГ', 'ЗП', 61.99, 1.00, 120, 'ЗП', '2022-06-20', 'Плата за размещение отходов', 'TOF00000257/2022', '2022-07-04'),
(619, '2022-06-15', 'TOF00000742', 'ПТ', 120000.00, 1.00, 33, '65', '2022-06-15', 'Без НДС', 'TOF00000261/2022', '2022-07-01'),
(620, '2022-06-24', 'TOF00000747', 'ПТ', 37000.00, 1.20, 10, 'Э220622.099/7', '2022-06-22', '', 'CNT00012939/2022', '2022-07-15'),
(621, '2022-06-24', 'TOF00000748', 'ПТ', 118051.20, 1.20, 10, 'Э220622.100/7', '2022-06-22', '', 'CNT00012939/2022', '2022-07-15'),
(622, '2022-06-01', 'TOF00000732', 'ПТ', 13090.00, 1.00, 12, '103', '2022-04-18', 'Без НДС', 'TOF00000265/2022', '2022-07-08'),
(623, '2022-06-08', 'TOF00000760', 'ПТ', 30990.95, 1.20, 22, '00БУ-002012', '2022-06-08', '', 'TOF00000271/2022', '2022-07-08'),
(624, '2022-06-21', 'TOF00000761', 'ПТ', 63807.43, 1.20, 22, '00БУ-002193', '2022-06-21', '', 'TOF00000283/2022', '2022-07-21'),
(625, '2022-06-24', 'TOF00000749', 'ПТ', 283470.00, 1.20, 15, '1877', '2022-06-24', '', 'TOF00000286/2022', '2022-07-25'),
(626, '2022-06-24', 'TOF00000750', 'ПТ', 4330.00, 1.20, 15, '1878', '2022-06-24', '', 'TOF00000288/2022', '2022-07-25'),
(627, '2022-06-24', 'TOF00000751', 'ПТ', 22280.00, 1.20, 15, '1861', '2022-06-22', '', 'TOF00000288/2022', '2022-07-25'),
(628, '2022-06-24', 'TOF00000752', 'ПТ', 8740.00, 1.20, 15, '1860', '2022-06-22', '', 'TOF00000288/2022', '2022-07-25'),
(629, '2022-06-24', 'TOF00000768', 'ПТ', 25832.00, 1.20, 24, '2977943-ТОЛ', '2022-06-23', '', 'CNT00013257/2022', '2022-07-26'),
(630, '2022-06-27', 'TOF00000758', 'ПТ', 94680.00, 1.00, 9, '36', '2022-06-21', '', 'TOF00000341/2022', '2022-08-26'),
(631, '2022-06-27', 'TOF00000759', 'ПТ', 27600.00, 1.20, 129, '936', '2022-06-21', '', 'CNT00014475/2022', '2022-08-26'),
(632, '2022-06-28', 'TOF00000763', 'ПТ', 8350.00, 1.00, 83, '260', '2022-06-28', 'Без НДС', 'TOF00000272/2022', '2022-07-14'),
(633, '2022-06-29', 'TOF00000766', 'ПТ', 6480.00, 1.00, 83, '262', '2022-06-29', 'Без НДС', 'TOF00000273/2022', '2022-07-15'),
(634, '2022-06-29', 'TOF00000767', 'ПТ', 1682.80, 1.20, 79, '12', '2022-05-31', '', 'TOF00000267/2022', '2022-07-11'),
(635, '2022-06-29', 'TOF00000771', 'ПТ', 3063.20, 1.20, 79, '14', '2022-06-29', '', 'TOF00000267/2022', '2022-07-11'),
(636, '2022-06-30', 'TOF00000744', 'ПТ', 49500.00, 1.20, 13, '1063', '2022-06-30', 'Упд', 'TOF00000277/2022', '2022-07-18'),
(637, '2022-06-30', 'TOF00000745', 'ПТ', 21360.00, 1.20, 56, 'TANGKC-004026', '2022-06-30', 'ФСБУ 25 Аренда БУ Дт 76.07.1 Кт 76.07.2 1!!! см ФСБУ 25', 'TOF00000268/2022', '2022-07-11'),
(638, '2022-06-30', 'TOF00000776', 'ПТ', 46789.60, 1.20, 56, 'TANCNT-100294', '2022-06-30', '', 'TOF00000269/2022', '2022-07-11'),
(639, '2022-06-30', 'TOF00000775', 'ПТ', 28730.00, 1.00, 85, '133', '2022-06-30', 'Питание июнь 2022год', 'TOF00000274/2022', '2022-07-15'),
(640, '2022-07-01', 'TOF00000777', 'ПТ', 6437.00, 1.20, 15, '1923', '2022-06-30', '', 'TOF00000293/2022', '2022-08-01'),
(641, '2022-07-01', 'TOF00000783', 'ПТ', 11342.56, 1.20, 15, '1924', '2022-06-30', '', 'TOF00000293/2022', '2022-08-01'),
(642, '2022-07-01', 'TOF00000786', 'ПТ', 33700.00, 1.20, 40, '177', '2022-06-29', '', 'CNT00013224/2022', '2022-07-14'),
(643, '2022-07-04', 'TOF00000778', 'ПТ', 174227.00, 1.20, 45, '19', '2022-07-01', '', 'TOF00000281/2022', '2022-07-19'),
(644, '2022-07-01', 'TOF00000788', 'ПТ', 121800.00, 1.00, 33, '72', '2022-06-30', 'Без НДС', 'TOF00000279/2022', '2022-07-18'),
(645, '2022-07-04', 'TOF00000016 АО', 'АО', 1566.08, 1.20, 119, 'АО', '2022-07-04', 'Отправка сшивов в г. Краснодар', 'TOF00000263/2022', '2022-07-06'),
(646, '2022-07-04', 'TOF00000017 АО', 'АО', 1008.00, 1.20, 131, 'АО', '2022-07-04', 'Отправка документов Федосов Д.Н., Ермаков А.С., Соловьев Т.М., Анисимов Д.Э.', 'TOF00000264/2022', '2022-07-06'),
(647, '2022-07-05', 'TOF00000026 ЗП', 'ЗП', 32400.00, 1.20, 130, 'ЗП', '2022-07-05', 'Счет 2022051900000043024-000358397 от 01.06.2022', 'TOF00000266/2022', '2022-07-07'),
(648, '2022-07-05', 'TOF00000027 ЗП', 'ЗП', 3379.47, 1.20, 48, 'ЗП', '2022-07-05', 'сч.МСК-605766/507 от 30.06.2022 г', 'TOF00000270/2022', '2022-07-07'),
(649, '2022-07-04', 'TOF00000795', 'ПТ', 2000.00, 1.00, 83, '280', '2022-07-04', 'Без НДС', 'TOF00000282/2022', '2022-07-20'),
(650, '2022-07-05', 'TOF00000791', 'ПТ', 3005.00, 1.20, 44, '10892', '2022-06-30', '', 'CNT00013377/2022', '2022-07-18'),
(651, '2022-07-05', 'TOF00000796', 'ПТ', 22800.00, 1.00, 9, '42', '2022-07-04', 'Без НДС', 'TOF00000357/2022', '2022-09-05'),
(652, '2022-07-05', 'TOF00000797', 'ПТ', 124996.00, 1.00, 9, '43', '2022-07-04', 'Без НДС', 'TOF00000357/2022', '2022-09-05'),
(653, '2022-07-05', 'TOF00000799', 'ПТ', 26720.00, 1.20, 17, '459', '2022-06-28', '', 'CNT00013374/2022', '2022-07-29'),
(654, '2022-07-05', 'TOF00000800', 'ПТ', 33202.80, 1.20, 17, '460', '2022-06-28', '', 'CNT00013374/2022', '2022-07-29'),
(655, '2022-07-05', 'TOF00000801', 'ПТ', 8174.25, 1.20, 17, '461', '2022-06-28', '', 'CNT00013374/2022', '2022-07-29'),
(656, '2022-07-05', 'TOF00000802', 'ПТ', 19837.50, 1.20, 17, '465', '2022-06-29', '', 'CNT00013374/2022', '2022-07-29'),
(657, '2022-07-05', 'TOF00000804', 'ПТ', 15540.00, 1.20, 17, '466', '2022-06-29', '', 'CNT00013374/2022', '2022-07-29'),
(658, '2022-07-08', 'TOF00000811', 'ПТ', 37500.00, 1.20, 70, '7161', '2022-07-04', '', 'TOF00000284/2022', '2022-07-22'),
(659, '2022-07-01', 'TOF00000826', 'ПТ', 491.80, 1.00, 114, '5', '2022-06-30', 'июнь 2022', 'TOF00000287/2022', '2022-07-14'),
(660, '2022-07-01', 'TOF00000816', 'ПТ', 14475.56, 1.20, 63, 'КУ06-018920', '2022-06-30', '', 'TOF00000285/2022', '2022-07-14'),
(661, '2022-07-01', 'TOF00000817', 'ПТ', 28000.00, 1.00, 2, '13109', '2022-06-30', 'Без НДС', 'TOF00000292/2022', '2022-08-01'),
(662, '2022-07-05', 'TOF00000798', 'ПТ', 22715.00, 1.20, 24, '3178532-ТОЛ', '2022-07-03', '', 'CNT00013493/2022', '2022-08-05'),
(663, '2022-07-08', 'TOF00000815', 'ПТ', 15229.00, 1.20, 15, '1962', '2022-07-07', '', 'TOF00000294/2022', '2022-08-08'),
(664, '2022-07-11', 'TOF00000827', 'ПТ', 36000.00, 1.00, 102, '973', '2022-07-11', 'фумигация силоса', 'TOF00000289/2022', '2022-07-22'),
(665, '2022-06-30', 'TTF00009259', 'ПТ', 233280.00, 1.20, 115, '1296', '2022-06-30', 'Дежурство охранных агенств  за июнь 2022', 'TTF00051373/2022', '2022-07-14'),
(666, '2022-07-07', 'TOF00000829', 'ПТ', 2100.00, 1.00, 83, '288', '2022-07-07', 'Без НДС', 'TOF00000290/2022', '2022-07-25'),
(667, '2022-07-12', 'TOF00000831', 'ПТ', 11996.00, 1.20, 24, '3328247-ТОЛ', '2022-07-10', '', 'CNT00013494/2022', '2022-08-11'),
(668, '2022-07-03', 'TOF00000832', 'ПТ', 36000.00, 1.00, 21, '911', '2022-06-03', 'Без НДС', 'TOF00000355/2022', '2022-09-01'),
(669, '2022-06-30', 'TTF00009442', 'ПТ', 2827.18, 1.20, 127, '547', '2022-06-30', 'Информационно-консультационные услуги за июнь 2022гг (Метрология)', 'TOF00000349/2022', '2022-08-29'),
(670, '2022-07-13', 'TOF00000838', 'ПТ', 11910.00, 1.20, 15, '1994', '2022-07-13', '', 'TOF00000301/2022', '2022-08-15'),
(671, '2022-07-13', 'TOF00000839', 'ПТ', 14740.00, 1.20, 15, '1995', '2022-07-13', '', 'TOF00000301/2022', '2022-08-15'),
(672, '2022-07-13', 'TOF00000840', 'ПТ', 10640.00, 1.20, 15, '1996', '2022-07-13', '', 'TOF00000301/2022', '2022-08-15'),
(673, '2022-07-13', 'TOF00000841', 'ПТ', 5294.00, 1.20, 15, '1997', '2022-07-13', '', 'TOF00000301/2022', '2022-08-15'),
(674, '2022-08-02', 'TOF00000842', 'ПТ', 7000.00, 1.20, 53, '561', '2022-07-31', '', 'TOF00000320/2022', '2022-08-17'),
(675, '2022-07-12', 'TOF00000833', 'ПТ', 28800.00, 1.20, 97, 'Т-А-0000347', '2022-07-06', '', 'TTF00051673/2022', '2022-07-22'),
(676, '2022-07-12', 'TOF00000834', 'ПТ', 69400.00, 1.20, 97, 'Т-А-0000339', '2022-06-30', '', 'TTF00051673/2022', '2022-07-22'),
(677, '2022-07-13', 'TOF00000028 ЗП', 'ЗП', 2000.00, 1.20, 3, 'ЗП', '2022-07-13', '', 'TOF00000295/2022', '2022-07-15'),
(678, '2022-07-13', 'TOF00000029 ЗП', 'ЗП', 2712.00, 1.20, 3, 'ЗП', '2022-07-13', '', 'TOF00000296/2022', '2022-07-15'),
(679, '2022-07-13', 'TOF00000030 ЗП', 'ЗП', 6360.00, 1.20, 3, 'ЗП', '2022-07-13', '', 'TOF00000297/2022', '2022-07-15'),
(680, '2022-07-14', 'TOF00000845', 'ПТ', 129900.00, 1.00, 99, '37А', '2022-06-30', '', 'CNT00013531/2022', '2022-07-29'),
(681, '2022-07-14', '2022-07-14-1 ПОШЛИНА', 'ПТ', 1300.00, 1.20, 122, 'Б/Н', '2022-07-14', 'ЕМЕЛЬЯНОВ МАКСИМ АЛЕКСЕЕВИЧ', 'TOF00000298/2022', '2022-07-18'),
(682, '2022-07-14', '2022-07-14-2 ПОШЛИНА', 'ПТ', 1300.00, 1.20, 122, 'Б/Н', '2022-07-14', 'КАЩАВЦЕВА АННА АЛЕКСАНДРОВНА', 'TOF00000299/2022', '2022-07-18'),
(683, '2022-07-08', 'TOF00000846', 'ПТ', 18000.00, 1.00, 49, '30', '2022-07-08', 'Без НДС', 'TOF00000300/2022', '2022-07-25'),
(684, '2022-07-15', 'TOF00000852', 'ПТ', 130000.00, 1.20, 123, 'УТ-1215', '2022-07-11', '', 'CNT00013642/2022', '2022-08-01'),
(685, '2022-07-15', 'TOF00000849', 'ПТ', 12126.00, 1.20, 15, '2011', '2022-07-14', '', 'TOF00000301/2022', '2022-08-15'),
(688, '2022-07-18', 'TOF00000031 ЗП', 'ЗП', 17340.00, 1.20, 65, 'ЗП', '2022-07-18', 'сч № 70 от 15.07.2021', 'TOF00000302/2022', '2022-07-20'),
(689, '2022-07-06', 'TOF00000856', 'ПТ', 30550.00, 1.00, 62, '641', '2022-07-06', 'Без НДС', 'TOF00000303/2022', '2022-07-22'),
(690, '2022-07-20', 'TOF00000018 АО', 'АО', 260.40, 1.20, 131, 'АО', '2022-07-20', 'Отправка документов Анисимов Д.Э.', 'TOF00000304/2022', '2022-07-22'),
(691, '2022-07-01', 'TOF00000860', 'ПТ', 2643.96, 1.20, 4, '100896005746', '2022-06-30', 'мобил. связь', 'TOF00000306/2022', '2022-07-29'),
(692, '2022-07-01', 'TOF00000861', 'ПТ', 1.04, 1.20, 4, '100896005746', '2022-06-30', 'пени мобил. связь', 'TOF00000306/2022', '2022-07-29'),
(693, '2022-07-01', 'TOF00000862', 'ПТ', 4007.52, 1.20, 4, 'Б/Н', '2022-06-30', '', 'TOF00000305/2022', '2022-07-29'),
(694, '2022-07-20', 'TOF00000863', 'ПТ', 5380.00, 1.20, 15, '2035', '2022-07-19', '', 'TOF00000333/2022', '2022-08-22'),
(695, '2022-07-20', 'TOF00000850', 'ПТ', 36000.00, 1.20, 116, '74', '2022-07-19', '', 'TOF00000309/2022', '2022-08-05'),
(696, '2022-07-20', 'TOF00000851', 'ПТ', 275000.00, 1.20, 116, '75', '2022-07-19', '', 'TOF00000310/2022', '2022-08-05'),
(697, '2022-07-19', 'TOF00000864', 'ПТ', 141400.00, 1.20, 13, '1332', '2022-07-19', 'Упд', 'TOF00000330/2022', '2022-08-05'),
(698, '2022-07-20', 'TOF00000032 ЗП', 'ЗП', 3960.00, 1.00, 86, 'ЗП', '2022-07-20', 'Счёт №584-11250-4806120/22 от 01.06.2022', 'TOF00000307/2022', '2022-07-22'),
(699, '2022-07-14', 'TOF00000870', 'ПТ', 3501.22, 1.00, 50, '1463', '2022-07-14', 'Без НДС', 'TOF00000364/2022', '2022-09-12'),
(700, '2022-07-31', 'TOF00000869', 'ПТ', 5000.00, 1.20, 54, '6677', '2022-07-31', '', 'TOF00000325/2022', '2022-08-15'),
(701, '2022-07-31', 'TOF00000857', 'ПТ', 25675.00, 1.00, 29, '171', '2022-07-31', 'Без НДС', 'TOF00000363/2022', '2022-08-31'),
(702, '2022-07-21', 'TOF00000875', 'ПТ', 23000.00, 1.00, 9, '50', '2022-07-21', 'Без НДС', 'TOF00000380/2022', NULL),
(703, '2022-07-21', 'TOF00000876', 'ПТ', 24496.00, 1.00, 9, '51', '2022-07-21', 'Без НДС', 'TOF00000381/2022', NULL),
(704, '2022-07-21', 'TOF00000877', 'ПТ', 30800.00, 1.00, 9, '52', '2022-07-21', 'Без НДС', 'TOF00000381/2022', NULL),
(705, '2022-07-21', 'TOF00000878', 'ПТ', 12650.00, 1.00, 9, '53', '2022-07-21', 'Без НДС', 'TOF00000381/2022', NULL),
(706, '2022-07-21', 'TOF00000879', 'ПТ', 9000.00, 1.00, 9, '54', '2022-07-21', 'Без НДС', 'TOF00000381/2022', NULL),
(707, '2022-07-20', 'TOF00000873', 'ПТ', 209650.00, 1.20, 15, '2033', '2022-07-19', '', 'TOF00000331/2022', '2022-08-22'),
(708, '2022-07-20', 'TOF00000874', 'ПТ', 106362.00, 1.20, 15, '2034', '2022-07-19', '', 'TOF00000333/2022', '2022-08-22'),
(709, '2022-07-22', 'TOF00000882', 'ПТ', 50179.50, 1.20, 17, '507', '2022-07-14', '', 'TOF00000312/2022', '2022-08-08'),
(710, '2022-07-22', 'TOF00000883', 'ПТ', 9984.70, 1.20, 17, '508', '2022-07-14', '', 'TOF00000312/2022', '2022-08-08'),
(711, '2022-07-21', 'TOF00000884', 'ПТ', 36965.20, 1.20, 30, '4695', '2022-07-21', '', 'TOF00000308/2022', '2022-08-05'),
(712, '2022-07-22', 'TOF00000885', 'ПТ', 1838.00, 1.20, 15, '2056', '2022-07-21', '', 'TOF00000333/2022', '2022-08-22'),
(713, '2022-07-22', 'TOF00000886', 'ПТ', 3654.00, 1.20, 15, '2057', '2022-07-21', '', 'TOF00000333/2022', '2022-08-22'),
(714, '2022-07-22', 'TOF00000887', 'ПТ', 23400.00, 1.00, 85, '139', '2022-07-22', 'Питание июнь 2022год', 'TOF00000311/2022', '2022-08-08'),
(715, '2022-07-18', 'TOF00000897', 'ПТ', 13530.00, 1.00, 12, '2407м', '2022-07-18', 'Без НДС', 'TOF00000327/2022', '2022-08-18'),
(716, '2022-07-31', 'TOF00000898', 'ПТ', 36000.00, 1.20, 13, '1218', '2022-07-31', 'Упд', 'TOF00000326/2022', '2022-08-16'),
(717, '2022-07-11', 'TOF00000905', 'ПТ', 16160.00, 1.00, 132, '22056-1', '2022-07-11', 'биоотходы без НДС', 'TOF00000313/2022', '2022-07-28'),
(718, '2022-07-15', 'TOF00000906', 'ПТ', 15627.20, 1.00, 132, '22056-2', '2022-07-15', 'биоотходы без НДС', 'TOF00000313/2022', '2022-07-28'),
(719, '2022-07-19', 'TOF00000907', 'ПТ', 16720.00, 1.00, 132, '22056-3', '2022-07-19', 'биоотходы без НДС', 'TOF00000314/2022', '2022-08-02'),
(720, '2022-07-23', 'TOF00000908', 'ПТ', 16720.00, 1.00, 132, '22056-4', '2022-07-23', 'биоотходы без НДС', 'TOF00000314/2022', '2022-08-02'),
(721, '2022-07-31', 'TOF00000909', 'ПТ', 21360.00, 1.20, 56, 'TANGKC-005146', '2022-07-31', 'ФСБУ 25 Аренда БУ Дт 76.07.1 Кт 76.07.2 1!!! см ФСБУ 25', 'TOF00000319/2022', '2022-08-10'),
(722, '2022-07-21', 'TOF00000914', 'ПТ', 147726.00, 1.20, 100, '220721-00003', '2022-07-21', '', 'CNT00014264/2022', '2022-08-15'),
(723, '2022-07-21', 'TOF00000915', 'ПТ', 187584.00, 1.20, 100, '220721-00002', '2022-07-21', '', 'CNT00014264/2022', '2022-08-15'),
(724, '2022-07-26', 'TOF00000917', 'ПТ', 57775.11, 1.20, 92, '430/5023912', '2022-07-26', '', 'CNT00014340/2022', '2022-08-15'),
(725, '2022-07-26', 'TOF00000918', 'ПТ', 64200.00, 1.20, 25, '2013', '2022-07-18', '', 'CNT00014308/2022', '2022-08-15'),
(726, '2022-07-01', 'TOF00000916', 'ПТ', 3904.96, 1.20, 5, '902', '2022-06-30', 'Услуги по аустафингу', 'TOF00000315/2022', '2022-08-01'),
(727, '2022-07-28', 'TOF00000020 АО', 'АО', 800.07, 1.20, 119, 'АО', '2022-07-28', 'Отправка сшивов в г. Краснодар', 'TOF00000317/2022', '2022-08-01'),
(728, '2022-07-07', 'TOF00000922', 'ПТ', 20900.00, 1.00, 21, '1171', '2022-07-07', 'Без НДС', 'TOF00000358/2022', '2022-09-05'),
(729, '2022-07-14', 'TOF00000921', 'ПТ', 36000.00, 1.00, 21, '1223', '2022-07-14', 'Без НДС', 'TOF00000369/2022', '2022-09-12'),
(730, '2022-07-28', 'TOF00000923', 'ПТ', 364500.00, 1.20, 133, '267', '2022-07-14', 'Восстановление бронзового вала РСА', 'CNT00013413/2022', '2022-08-17'),
(732, '2022-07-26', 'TOF00000924', 'ПТ', 53557.52, 1.20, 22, '00БУ-002843', '2022-07-26', '', 'TOF00000339/2022', '2022-08-25'),
(733, '2022-07-29', 'TOF00000929', 'ПТ', 151000.00, 1.00, 9, '58', '2022-07-29', 'Без НДС', 'TOF00000391/2022', NULL),
(734, '2022-07-15', 'TOF00000928', 'ПТ', 121800.00, 1.00, 33, '76', '2022-07-15', 'Без НДС', 'TOF00000318/2022', '2022-08-01'),
(735, '2022-07-29', 'TOF00000931', 'ПТ', 5120.00, 1.20, 15, '2102', '2022-07-29', '', 'TOF00000347/2022', '2022-08-29'),
(736, '2022-07-28', 'TOF00000930', 'ПТ', 630.00, 1.00, 50, '1542', '2022-07-28', 'Без НДС', 'TOF00000387/2022', NULL),
(737, '2022-07-29', 'TOF00000935', 'ПТ', 4340.00, 1.20, 15, '2101', '2022-07-29', '', 'TOF00000347/2022', '2022-08-29'),
(738, '2022-07-12', 'TOF00000941', 'ПТ', 10500.00, 1.00, 59, '000278/3', '2022-07-12', 'обучение Акимов, Двойнишников, Емельянов, Казаков, Макеев, Гостьков, Лизякин', 'TOF00000321/2022', '2022-08-17'),
(739, '2022-07-12', 'TOF00000942', 'ПТ', 7500.00, 1.00, 59, '000278/3', '2022-07-12', 'обучение', 'TOF00000321/2022', '2022-08-17'),
(740, '2022-07-12', 'TOF00000943', 'ПТ', 12000.00, 1.00, 59, '000278/1', '2022-07-12', 'обучение', 'TOF00000321/2022', '2022-08-17'),
(741, '2022-07-15', 'TOF00000944', 'ПТ', 15000.00, 1.00, 59, '000276/1', '2022-07-15', 'обучение', 'TOF00000322/2022', '2022-08-17'),
(742, '2022-08-01', 'TOF00000945', 'ПТ', 74552.00, 1.20, 7, '3123', '2022-07-25', '', 'CNT00014230/2022', '2022-08-15'),
(743, '2022-07-29', 'TOF00000949', 'ПТ', 6480.00, 1.00, 83, '323', '2022-07-29', 'Без НДС', 'TOF00000324/2022', '2022-08-15'),
(744, '2022-08-15', 'TOF00000950', 'ПТ', 21000.00, 1.00, 83, '324', '2022-08-15', 'без НДС, ежегодная проверка', 'TOF00000354/2022', '2022-08-31'),
(745, '2022-07-29', 'TOF00000948', 'ПТ', 126800.00, 1.00, 33, '83', '2022-07-29', 'Без НДС', 'TOF00000323/2022', '2022-08-15'),
(746, '2022-07-15', 'TOF00000954', 'ПТ', 6000.00, 1.00, 59, '000287/3', '2022-07-15', 'обучение', 'TOF00000322/2022', '2022-08-17'),
(747, '2022-07-31', 'TOF00000952', 'ПТ', 41595.30, 1.20, 56, 'TANCNT-116107', '2022-07-31', '', 'TOF00000328/2022', '2022-08-10'),
(748, '2022-07-22', 'TOF00000955', 'ПТ', 2400.00, 1.20, 59, '000293/5', '2022-07-22', 'обучение', 'TOF00000338/2022', '2022-08-22'),
(749, '2022-07-31', 'TOF00000951', 'ПТ', 9100.00, 1.00, 85, '144', '2022-07-31', 'Питание июль 2022год', 'TOF00000336/2022', '2022-08-19'),
(750, '2022-08-01', 'TOF00000956', 'ПТ', 900.00, 1.20, 7, '3122', '2022-07-25', '', 'CNT00014230/2022', '2022-08-15'),
(751, '2022-08-02', 'TOF00000961', 'ПТ', 81840.00, 1.20, 15, '2106', '2022-08-01', '', 'TOF00000356/2022', '2022-09-02'),
(752, '2022-08-02', 'TOF00000962', 'ПТ', 118198.44, 1.20, 15, '2105', '2022-08-01', '', 'TOF00000356/2022', '2022-09-02'),
(753, '2022-08-03', 'TOF00000033 ЗП', 'ЗП', 6248.00, 1.00, 125, 'ЗП', '2022-08-03', 'счет 2002 4075 от 02.08.2022', 'TOF00000329/2022', '2022-08-08'),
(754, '2022-08-03', 'TOF00000019 АО', 'АО', 5676.43, 1.00, 134, 'АО', '2022-08-03', 'командировка Акимов', 'TOF00000332/2022', '2022-08-08'),
(755, '2022-08-01', 'TOF00000964', 'ПТ', 17107.49, 1.20, 63, 'КУ07-018465', '2022-07-31', '', 'TOF00000335/2022', '2022-08-11'),
(756, '2022-08-01', 'TOF00000965', 'ПТ', 42000.00, 1.00, 2, '13263', '2022-07-31', 'Без НДС', 'TOF00000353/2022', '2022-08-31'),
(757, '2022-08-05', 'TOF00000034 ЗП', 'ЗП', 701.60, 1.20, 48, 'ЗП', '2022-08-05', 'сч.МСК-715131/507 от 31.07.2022 г', 'TOF00000334/2022', '2022-08-09'),
(758, '2022-08-05', 'TOF00000972', 'ПТ', 126400.00, 1.20, 7, '3223', '2022-07-28', '', 'CNT00014542/2022', '2022-08-29'),
(759, '2022-08-01', 'TOF00000979', 'ПТ', 16224.00, 1.00, 132, '22056-6', '2022-07-29', 'биоотходы без НДС', 'TOF00000337/2022', '2022-08-12'),
(760, '2022-08-02', 'TOF00000980', 'ПТ', 16112.00, 1.00, 132, '22056-7', '2022-08-02', 'биоотходы без НДС', 'TOF00000337/2022', '2022-08-12'),
(761, '2022-08-01', 'TOF00000981', 'ПТ', 16752.00, 1.00, 132, '22056-5', '2022-07-27', 'биоотходы без НДС', 'TOF00000337/2022', '2022-08-12'),
(762, '2022-08-10', 'TTF00011504', 'ПТ', 50144.00, 1.00, 107, '268', '2022-07-01', 'Услуги по предоставлению отчетности о выполнении нормативов утилизации отходов согласно приложения 4', 'TTF00052607/2022', '2022-08-16'),
(763, '2022-07-31', 'TTF00010966', 'ПТ', 241056.00, 1.20, 115, '1527', '2022-07-31', 'Дежурство охранных агентств за июль 2022', 'TTF00052660/2022', '2022-08-12'),
(764, '2022-08-10', 'CNT00000403 ЗП2 ', 'ЗП', 164172.50, 1.20, 126, 'ЗП', '2022-05-25', 'Сч. №51 от 18.05.2022', 'CNT00014341/2022', '2022-08-15'),
(765, '2022-08-08', 'TOF00000986', 'ПТ', 63465.88, 1.20, 22, '00БУ-003078', '2022-08-08', '', 'TOF00000359/2022', '2022-09-07'),
(766, '2022-08-11', 'TOF00000987', 'ПТ', 157800.00, 1.20, 116, '80', '2022-08-10', '', 'CNT00014606/2022', '2022-08-26'),
(767, '2022-08-02', 'TOF00000988', 'ПТ', 24150.00, 1.00, 62, '739', '2022-08-02', 'Без НДС', 'TOF00000340/2022', '2022-08-15'),
(768, '2022-08-01', 'TOF00000989', 'ПТ', 117148.68, 1.20, 5, '1060', '2022-07-31', 'Услуги по аустафингу', 'TOF00000342/2022', '2022-08-31'),
(769, '2022-08-12', 'TOF00000991', 'ПТ', 6080.00, 1.20, 15, '2167', '2022-08-11', '', 'TOF00000370/2022', '2022-09-15'),
(770, '2022-08-12', 'TOF00001003', 'ПТ', 73000.00, 1.20, 15, '2166', '2022-08-11', '', 'TOF00000370/2022', '2022-09-15'),
(771, '2022-08-16', 'TOF00001014', 'ПТ', 2607.98, 1.20, 31, '5131100308', '2022-08-11', '', 'CNT00014513/2022', '2022-08-31'),
(772, '2022-08-08', 'TOF00000999', 'ПТ', 227280.00, 1.20, 1, '143', '2022-08-08', '', 'TOF00000344/2022', '2022-08-23'),
(773, '2022-08-01', 'TOF00000946', 'ПТ', 18450.00, 1.20, 17, '526', '2022-07-22', '', 'CNT00014547/2022', '2022-08-22'),
(774, '2022-08-01', 'TOF00000947', 'ПТ', 19699.84, 1.20, 17, '529', '2022-07-22', '', 'CNT00014547/2022', '2022-08-22'),
(775, '2022-08-01', 'TOF00001023', 'ПТ', 562.45, 1.20, 17, '527', '2022-07-22', '', 'CNT00014547/2022', '2022-08-22'),
(776, '2022-08-01', 'TOF00001024', 'ПТ', 79715.34, 1.20, 17, '528', '2022-07-22', '', 'CNT00014547/2022', '2022-08-22'),
(777, '2022-08-01', 'TOF00001027', 'ПТ', 2631.56, 1.20, 4, '100903671786', '2022-07-31', 'мобил. связь', 'TOF00000346/2022', '2022-08-26'),
(778, '2022-08-01', 'TOF00001028', 'ПТ', 4007.52, 1.20, 4, 'Б/Н', '2022-07-31', '', 'TOF00000345/2022', '2022-08-26'),
(779, '2022-08-18', 'TOF00001029', 'ПТ', 9000.00, 1.20, 40, '205', '2022-08-18', '', 'CNT00014509/2022', '2022-09-01'),
(780, '2022-08-18', 'TOF00001030', 'ПТ', 63581.30, 1.20, 15, '2188', '2022-08-18', '', 'TOF00000379/2022', '2022-09-19'),
(781, '2022-08-18', 'TOF00000035 ЗП', 'ЗП', 10000.00, 1.20, 136, 'ЗП', '2022-08-18', 'счет №01-790216842 от 15.06.2022', 'TOF00000343/2022', '2022-08-22'),
(782, '2022-08-19', 'TOF00000036 ЗП', 'ЗП', 6856.97, 1.20, 137, 'ЗП', '2022-08-18', 'Сч. 55 от 26.07.2022', 'CNT00014548/2022', '2022-08-22'),
(783, '2022-08-22', 'TOF00000037 ЗП', 'ЗП', 80000.00, 1.00, 138, 'ЗП', '2022-08-22', 'Счет №000435/1 от 16.08.2022', 'TOF00000348/2022', '2022-08-24'),
(784, '2022-07-31', 'TTF00011036', 'ПТ', 2921.42, 1.20, 127, '661', '2022-07-31', 'Информационно-консультационные услуги за июль 2022 г (Метрология)', NULL, NULL),
(785, '2022-08-18', 'TOF00001039', 'ПТ', 44100.00, 1.20, 40, '204', '2022-08-18', '', 'CNT00014509/2022', '2022-09-01'),
(786, '2022-08-18', 'TOF00001037', 'ПТ', 74304.00, 1.20, 7, '3411', '2022-08-09', '', 'CNT00014706/2022', '2022-09-01'),
(787, '2022-08-01', 'TOF00001040', 'ПТ', 2998.00, 1.20, 52, '00ГУ-004819', '2022-05-31', '', 'TOF00000350/2022', '2022-08-31'),
(788, '2022-08-01', 'TOF00001041', 'ПТ', 2998.00, 1.20, 52, '00ГУ-005928', '2022-06-30', '', 'TOF00000350/2022', '2022-08-31'),
(789, '2022-08-01', 'TOF00001042', 'ПТ', 2998.00, 1.20, 52, '00ГУ-007434', '2022-07-31', '', 'TOF00000350/2022', '2022-08-31'),
(790, '2022-08-23', 'TOF00000038 ЗП', 'ЗП', 272250.00, 1.20, 139, 'ЗП', '2022-08-23', 'Счет №П1003543 от 19.08.2022', 'TOF00000351/2022', '2022-09-02'),
(791, '2022-08-16', 'TOF00001043', 'ПТ', 16832.00, 1.00, 132, '22056-11', '2022-08-16', 'Без НДС', 'TOF00000352/2022', '2022-08-26'),
(792, '2022-08-05', 'TOF00001044', 'ПТ', 16608.00, 1.00, 132, '22056-8', '2022-08-05', 'Без НДС', 'TOF00000352/2022', '2022-08-26'),
(793, '2022-08-08', 'TOF00001045', 'ПТ', 16336.00, 1.00, 132, '22056-9', '2022-08-08', 'Без НДС', 'TOF00000352/2022', '2022-08-26'),
(794, '2022-08-12', 'TOF00001046', 'ПТ', 16656.00, 1.00, 132, '22056-10', '2022-08-12', 'Без НДС', 'TOF00000352/2022', '2022-08-26'),
(795, '2022-08-23', 'TOF00001047', 'ПТ', 46398.00, 1.20, 24, '4246565-ТОЛ', '2022-08-21', '', 'CNT00014737/2022', NULL),
(796, '2022-08-22', 'TOF00001052', 'ПТ', 5830.00, 1.00, 12, '2437м', '2022-08-22', 'Без НДС', 'TOF00000384/2022', NULL),
(797, '2022-08-24', 'TOF00001053', 'ПТ', 39916.71, 1.20, 15, '2216', '2022-08-23', '', 'TOF00000386/2022', NULL),
(798, '2022-08-31', 'TOF00001054', 'ПТ', 5000.00, 1.20, 54, '7620', '2022-08-31', '', 'TOF00000362/2022', '2022-09-15'),
(799, '2022-08-26', 'TOF00001055', 'ПТ', 28860.00, 1.20, 10, 'Э180822.072/1', '2022-08-18', '', 'CNT00015043/2022', '2022-09-15'),
(800, '2022-08-25', 'TOF00000039 ЗП', 'ЗП', 6248.00, 1.00, 125, 'ЗП', '2022-08-25', 'счет 2002 58071 от 25.08.2022', 'TOF00000360/2022', '2022-08-30'),
(801, '2022-08-25', 'TOF00000040 ЗП', 'ЗП', 21242.00, 1.00, 125, 'ЗП', '2022-08-25', 'счет 2002 5795 от 25.08.2022', 'TOF00000361/2022', '2022-08-30'),
(802, '2022-08-31', 'TOF00001059', 'ПТ', 49500.00, 1.20, 13, '1398', '2022-08-31', 'Упд', 'TOF00000378/2022', '2022-09-16'),
(803, '2022-08-31', 'TOF00001062', 'ПТ', 21360.00, 1.20, 56, 'TANGKC-005764', '2022-08-31', 'ФСБУ 25 Аренда БУ Дт 76.07.1 Кт 76.07.2 1!!! см ФСБУ 25', 'TOF00000367/2022', '2022-09-09'),
(804, '2022-08-30', 'TOF00001064', 'ПТ', 3451.29, 1.20, 15, '2242', '2022-08-29', '', 'TOF00000394/2022', NULL),
(805, '2022-08-30', 'TOF00001065', 'ПТ', 12007.50, 1.20, 15, '2243', '2022-08-29', '', 'TOF00000394/2022', NULL),
(806, '2022-08-29', 'TOF00000021 АО', 'АО', 260.40, 1.20, 131, 'АО', '2022-08-29', 'Отправка документов Степанов Д.С.', 'TOF00000365/2022', '2022-09-01'),
(807, '2022-08-15', 'TOF00001067', 'ПТ', 121800.00, 1.00, 33, '91', '2022-08-15', 'Без НДС', 'TOF00000366/2022', '2022-09-02'),
(808, '2022-08-30', 'TOF00001070', 'ПТ', 20265.25, 1.20, 17, '634', '2022-08-24', '', 'CNT00015092/2022', '2022-09-15'),
(809, '2022-08-31', 'TOF00001071', 'ПТ', 7000.00, 1.20, 53, '629', '2022-08-31', '', 'TOF00000375/2022', '2022-09-15'),
(810, '2022-08-29', 'TOF00001072', 'ПТ', 30000.00, 1.20, 129, '1310', '2022-08-17', '', 'CNT00014977/2022', NULL),
(811, '2022-08-31', 'TOF00001073', 'ПТ', 18547.40, 1.20, 30, '5641', '2022-08-31', '', 'TOF00000376/2022', '2022-09-15'),
(812, '2022-08-31', 'TOF00001075', 'ПТ', 12200.00, 1.20, 58, '10159', '2022-08-30', '', 'TOF00000368/2022', '2022-09-14'),
(813, '2022-08-30', 'TOF00001079', 'ПТ', 26880.00, 1.20, 1, '160', '2022-08-30', '', 'TOF00000372/2022', '2022-09-14'),
(814, '2022-08-31', 'TOF00001080', 'ПТ', 28990.00, 1.00, 85, '157', '2022-08-31', 'Питание август 2022год', 'TOF00000393/2022', '2022-09-19'),
(815, '2022-08-23', 'TOF00001081', 'ПТ', 26808.00, 1.20, 89, '67987/6321', '2022-08-23', '', 'TOF00000385/2022', '2022-09-13'),
(816, '2022-08-29', 'TOF00001077', 'ПТ', 6480.00, 1.00, 83, '409', '2022-08-29', 'Без НДС', 'TOF00000374/2022', '2022-09-14'),
(817, '2022-08-31', 'TOF00001078', 'ПТ', 116918.20, 1.20, 56, 'TANCNT-132746', '2022-08-31', '', 'TOF00000371/2022', '2022-09-09'),
(818, '2022-08-31', 'TOF00001082', 'ПТ', 130400.00, 1.00, 33, '101', '2022-08-31', 'Без НДС', 'TOF00000377/2022', '2022-09-16'),
(819, '2022-09-01', 'TOF00001083', 'ПТ', 15978.00, 1.00, 9, '66', '2022-09-01', 'Без НДС', NULL, NULL),
(820, '2022-09-01', 'TOF00001084', 'ПТ', 60000.00, 1.00, 9, '67', '2022-09-01', 'Без НДС', NULL, NULL),
(821, '2022-09-01', 'TOF00001085', 'ПТ', 271820.00, 1.00, 9, '68', '2022-09-01', 'Без НДС', NULL, NULL),
(822, '2022-09-01', 'TOF00001086', 'ПТ', 60868.65, 1.20, 17, '630', '2022-08-24', '', 'CNT00015092/2022', '2022-09-15'),
(823, '2022-09-01', 'TOF00001087', 'ПТ', 21201.28, 1.20, 17, '631', '2022-08-24', '', 'CNT00015092/2022', '2022-09-15'),
(824, '2022-09-01', 'TOF00001088', 'ПТ', 9480.00, 1.20, 17, '632', '2022-08-24', '', 'CNT00015092/2022', '2022-09-15');
INSERT INTO `receipt` (`id`, `date`, `number`, `type`, `sum`, `vat`, `id_partner`, `num_doc`, `date_doc`, `note`, `num_pay`, `date_pay`) VALUES
(825, '2022-08-31', 'TTF00012553', 'ПТ', 241056.00, 1.20, 115, '1777', '2022-08-31', 'Дежурство охранных агентств  за август 2022', 'TTF00053609/2022', NULL),
(826, '2022-09-01', 'TOF00001097', 'ПТ', 28000.00, 1.00, 2, '13665', '2022-08-31', 'Без НДС', 'TOF00000398/2022', NULL),
(827, '2022-09-01', 'TOF00001098', 'ПТ', 17107.49, 1.20, 63, 'КУ08-017825', '2022-08-31', '', 'TOF00000373/2022', '2022-09-12'),
(828, '2022-09-02', 'TOF00001100', 'ПТ', 116040.00, 1.20, 97, 'Т-А-0000457', '2022-08-24', '', 'TTF00053762/2022', '2022-09-19'),
(829, '2022-09-04', 'TOF00001101', 'ПТ', 123860.00, 1.20, 97, 'Т-А-0000464', '2022-08-30', '', 'TTF00053762/2022', '2022-09-19'),
(830, '2022-09-07', 'TOF00001102', 'ПТ', 12892.00, 1.20, 15, '2308', '2022-09-06', '', 'TOF00000400/2022', NULL),
(831, '2022-09-02', 'TOF00001103', 'ПТ', 20280.00, 1.20, 116, '86', '2022-09-01', '', 'TOF00000382/2022', '2022-09-19'),
(832, '2022-09-07', 'TOF00001109', 'ПТ', 129650.00, 1.20, 15, '2309', '2022-09-06', '', 'TOF00000400/2022', NULL),
(833, '2022-09-07', 'TOF00001110', 'ПТ', 101473.00, 1.20, 15, '2310', '2022-09-06', '', 'TOF00000400/2022', NULL),
(834, '2022-09-09', 'TOF00000041 ЗП', 'ЗП', 1117.34, 1.20, 48, 'ЗП', '2022-09-09', 'сч.МСК-823269/507 от 31.08.2022 г', 'TOF00000383/2022', '2022-09-12'),
(835, '2022-09-05', 'TOF00001121', 'ПТ', 12400.00, 1.20, 44, '15701', '2022-08-24', '', 'CNT00015487/2022', NULL),
(836, '2022-09-02', 'TOF00001123', 'ПТ', 3123.36, 1.20, 92, '430/5023942-3', '2022-09-02', '', 'CNT00015392/2022', NULL),
(837, '2022-09-02', 'TOF00001124', 'ПТ', 3643.20, 1.20, 92, '430/5023942-1', '2022-09-02', '', 'CNT00015392/2022', NULL),
(838, '2022-09-02', 'TOF00001125', 'ПТ', 26740.58, 1.20, 92, '430/7053190-3', '2022-09-02', '', 'CNT00015392/2022', NULL),
(839, '2022-09-12', 'TOF00001126', 'ПТ', 1741.20, 1.20, 92, '430/5023942-4', '2022-09-12', '', NULL, NULL),
(840, '2022-09-12', 'TOF00001127', 'ПТ', 4856.29, 1.20, 92, '430/5023942-5', '2022-09-12', '', NULL, NULL),
(841, '2022-09-07', 'TOF00001134', 'ПТ', 57190.31, 1.20, 22, '00БУ-003540', '2022-09-07', '', 'TOF00000399/2022', NULL),
(842, '2022-09-06', 'TOF00001135', 'ПТ', 11721.10, 1.20, 22, '00БУ-003539', '2022-09-06', '', 'TOF00000399/2022', NULL),
(843, '2022-09-01', 'TOF00001139', 'ПТ', 9000.00, 1.00, 83, '408', '2022-08-29', 'Без НДС', 'TOF00000388/2022', '2022-09-19'),
(844, '2022-09-14', 'TOF00001140', 'ПТ', 6000.00, 1.00, 83, '450', '2022-09-14', 'Без НДС', 'TOF00000390/2022', NULL),
(845, '2022-09-12', 'TOF00001138', 'ПТ', 45050.00, 1.00, 62, '898', '2022-09-12', 'Без НДС', 'TOF00000389/2022', '2022-09-16'),
(846, '2022-09-14', 'TOF00001141', 'ПТ', 177110.00, 1.20, 13, '1676', '2022-09-14', 'Упд', 'TOF00000397/2022', NULL),
(847, '2022-09-01', 'TOF00001142', 'ПТ', 16480.00, 1.00, 132, '22056-12', '2022-08-18', 'биоотходы без НДС', 'TOF00000392/2022', '2022-09-16'),
(848, '2022-09-01', 'TOF00001143', 'ПТ', 16592.00, 1.00, 132, '22056-13', '2022-08-22', 'биоотходы без НДС', 'TOF00000392/2022', '2022-09-16'),
(849, '2022-09-01', 'TOF00001144', 'ПТ', 16880.00, 1.00, 132, '22056-14', '2022-08-26', 'биоотходы без НДС', 'TOF00000392/2022', '2022-09-16'),
(850, '2022-09-06', 'TOF00001145', 'ПТ', 15392.00, 1.00, 132, '22056-15', '2022-09-06', 'биоотходы без НДС', 'TOF00000392/2022', '2022-09-16'),
(851, '2022-08-18', 'TOF00000036 ЗП2', 'ЗП', 16413.93, 1.20, 137, 'ЗП', '2022-08-18', '', 'CNT00015391/2022', '2022-09-15'),
(852, '2022-08-31', 'TTF00012818', 'ПТ', 2921.42, 1.20, 127, '747', '2022-08-31', 'Информационно-консультационные услуги за август 2022 г (Метрология)', NULL, NULL),
(853, '2022-09-15', 'TOF00001154', 'ПТ', 97560.00, 1.20, 1, '171', '2022-09-15', '', 'TOF00000396/2022', NULL),
(854, '2022-09-05', 'TOF00001155', 'ПТ', 78000.00, 1.20, 1, '164', '2022-09-05', '', 'TOF00000395/2022', NULL);

-- --------------------------------------------------------

--
-- Структура таблицы `user`
--

CREATE TABLE `user` (
  `id` int(10) UNSIGNED NOT NULL,
  `login` varchar(255) COLLATE utf8mb4_unicode_ci NOT NULL,
  `password` varchar(255) COLLATE utf8mb4_unicode_ci NOT NULL,
  `email` varchar(255) COLLATE utf8mb4_unicode_ci NOT NULL,
  `name` varchar(255) COLLATE utf8mb4_unicode_ci NOT NULL,
  `avatar` varchar(255) COLLATE utf8mb4_unicode_ci NOT NULL,
  `role` enum('user','admin') COLLATE utf8mb4_unicode_ci NOT NULL DEFAULT 'user'
) ENGINE=InnoDB DEFAULT CHARSET=utf8mb4 COLLATE=utf8mb4_unicode_ci;

--
-- Дамп данных таблицы `user`
--

INSERT INTO `user` (`id`, `login`, `password`, `email`, `name`, `avatar`, `role`) VALUES
(2, 'oleksha', '$2y$10$ikPcBE0mP3ZhhvYn7EZAZO6CasoysLN3YaVDLYyU2gbUQ2KWiHjMW', 'deryabino@gmail.com', 'Дерябин Олег Вячеславович', '', 'user');

--
-- Индексы сохранённых таблиц
--

--
-- Индексы таблицы `budget`
--
ALTER TABLE `budget`
  ADD PRIMARY KEY (`id`),
  ADD KEY `budget_item_id` (`budget_item_id`);

--
-- Индексы таблицы `budget_items`
--
ALTER TABLE `budget_items`
  ADD PRIMARY KEY (`id`);

--
-- Индексы таблицы `er`
--
ALTER TABLE `er`
  ADD PRIMARY KEY (`id`),
  ADD KEY `partner` (`id_partner`) USING BTREE,
  ADD KEY `budget_item` (`id_budget_item`) USING BTREE;

--
-- Индексы таблицы `partner`
--
ALTER TABLE `partner`
  ADD PRIMARY KEY (`id`),
  ADD UNIQUE KEY `alias` (`alias`),
  ADD KEY `name` (`name`(191)) USING BTREE;

--
-- Индексы таблицы `payment`
--
ALTER TABLE `payment`
  ADD PRIMARY KEY (`id`),
  ADD KEY `id_partner` (`id_partner`);

--
-- Индексы таблицы `receipt`
--
ALTER TABLE `receipt`
  ADD PRIMARY KEY (`id`),
  ADD KEY `id_partner` (`id_partner`);

--
-- Индексы таблицы `user`
--
ALTER TABLE `user`
  ADD PRIMARY KEY (`id`),
  ADD UNIQUE KEY `login` (`login`),
  ADD UNIQUE KEY `email` (`email`);

--
-- AUTO_INCREMENT для сохранённых таблиц
--

--
-- AUTO_INCREMENT для таблицы `budget`
--
ALTER TABLE `budget`
  MODIFY `id` int(11) NOT NULL AUTO_INCREMENT, AUTO_INCREMENT=1288;

--
-- AUTO_INCREMENT для таблицы `budget_items`
--
ALTER TABLE `budget_items`
  MODIFY `id` int(11) NOT NULL AUTO_INCREMENT, AUTO_INCREMENT=51;

--
-- AUTO_INCREMENT для таблицы `er`
--
ALTER TABLE `er`
  MODIFY `id` int(11) NOT NULL AUTO_INCREMENT, AUTO_INCREMENT=231;

--
-- AUTO_INCREMENT для таблицы `partner`
--
ALTER TABLE `partner`
  MODIFY `id` int(11) NOT NULL AUTO_INCREMENT, AUTO_INCREMENT=140;

--
-- AUTO_INCREMENT для таблицы `payment`
--
ALTER TABLE `payment`
  MODIFY `id` int(11) NOT NULL AUTO_INCREMENT COMMENT 'Идентификатор', AUTO_INCREMENT=634;

--
-- AUTO_INCREMENT для таблицы `receipt`
--
ALTER TABLE `receipt`
  MODIFY `id` int(11) NOT NULL AUTO_INCREMENT COMMENT 'Идентификатор', AUTO_INCREMENT=855;

--
-- AUTO_INCREMENT для таблицы `user`
--
ALTER TABLE `user`
  MODIFY `id` int(10) UNSIGNED NOT NULL AUTO_INCREMENT, AUTO_INCREMENT=5;

--
-- Ограничения внешнего ключа сохраненных таблиц
--

--
-- Ограничения внешнего ключа таблицы `budget`
--
ALTER TABLE `budget`
  ADD CONSTRAINT `budget_item_id` FOREIGN KEY (`budget_item_id`) REFERENCES `budget_items` (`id`);

--
-- Ограничения внешнего ключа таблицы `er`
--
ALTER TABLE `er`
  ADD CONSTRAINT `budget_item` FOREIGN KEY (`id_budget_item`) REFERENCES `budget_items` (`id`),
  ADD CONSTRAINT `partner_id` FOREIGN KEY (`id_partner`) REFERENCES `partner` (`id`);

--
-- Ограничения внешнего ключа таблицы `payment`
--
ALTER TABLE `payment`
  ADD CONSTRAINT `payment_ibfk_1` FOREIGN KEY (`id_partner`) REFERENCES `partner` (`id`);

--
-- Ограничения внешнего ключа таблицы `receipt`
--
ALTER TABLE `receipt`
  ADD CONSTRAINT `receipt_ibfk_1` FOREIGN KEY (`id_partner`) REFERENCES `partner` (`id`);
COMMIT;

/*!40101 SET CHARACTER_SET_CLIENT=@OLD_CHARACTER_SET_CLIENT */;
/*!40101 SET CHARACTER_SET_RESULTS=@OLD_CHARACTER_SET_RESULTS */;
/*!40101 SET COLLATION_CONNECTION=@OLD_COLLATION_CONNECTION */;
